证券代码,证券简称,"任职期限最长的现任基金经理
[名次] 第1名","重仓股股票代码
[报告期] 去年年报
[名次] 第1名","重仓股市值占股票投资市值比
[报告期] 去年年报
[名次] 第1名
[单位] %","重仓股股票代码
[报告期] 去年年报
[名次] 第2名","重仓股市值占股票投资市值比
[报告期] 去年年报
[名次] 第2名
[单位] %","重仓股股票代码
[报告期] 去年年报
[名次] 第3名","重仓股市值占股票投资市值比
[报告期] 去年年报
[名次] 第3名
[单位] %","重仓股股票代码
[报告期] 去年年报
[名次] 第4名","重仓股市值占股票投资市值比
[报告期] 去年年报
[名次] 第4名
[单位] %","重仓股股票代码
[报告期] 去年年报
[名次] 第5名","重仓股市值占股票投资市值比
[报告期] 去年年报
[名次] 第5名
[单位] %","重仓股股票代码
[报告期] 去年年报
[名次] 第6名","重仓股市值占股票投资市值比
[报告期] 去年年报
[名次] 第6名
[单位] %","重仓股股票代码
[报告期] 去年年报
[名次] 第7名","重仓股市值占股票投资市值比
[报告期] 去年年报
[名次] 第7名
[单位] %","重仓股股票代码
[报告期] 去年年报
[名次] 第8名","重仓股市值占股票投资市值比
[报告期] 去年年报
[名次] 第8名
[单位] %","重仓股股票代码
[报告期] 去年年报
[名次] 第9名","重仓股市值占股票投资市值比
[报告期] 去年年报
[名次] 第9名
[单位] %","重仓股股票代码
[报告期] 去年年报
[名次] 第10名↑","重仓股市值占股票投资市值比
[报告期] 去年年报
[名次] 第10名
[单位] %"
001577.OF,嘉实低价策略,李帅,601318,8.6761 ,600036,8.2663 ,002048,6.1039 ,000002,5.8080 ,002120,4.0918 ,001979,3.2500 ,603659,3.1697 ,000725,3.0728 ,000550,3.0358 ,000100,3.0254 
000778.OF,鹏华先进制造,袁航,600031,10.9529 ,600519,9.8997 ,600887,7.4654 ,000002,6.8474 ,000858,6.7429 ,300003,6.5350 ,601318,6.2757 ,000338,6.0695 ,600529,5.6144 ,300760,5.4287 
001705.OF,泓德战略转型,秦毅,601012,8.1430 ,603338,7.8021 ,601318,7.6642 ,000002,4.8677 ,300750,4.7558 ,002202,4.4607 ,600438,4.0843 ,300188,3.7809 ,603659,3.7545 ,601233,3.5886 
001677.OF,中银战略新兴产业,钱亚风云,600519,9.1446 ,601888,8.9807 ,600036,8.4624 ,000002,7.5468 ,000661,7.0340 ,000333,6.7107 ,600887,5.9560 ,300760,5.1867 ,002555,4.9546 ,603517,4.9334 
001714.OF,工银瑞信文体产业,袁芳,600031,5.1207 ,000651,4.6204 ,300750,3.9256 ,000002,3.5122 ,600183,3.3950 ,300747,3.1347 ,601088,3.0185 ,002938,3.0165 ,002138,2.7077 ,688111,2.4639 
001520.OF,国投瑞银研究精选,桑俊,601318,6.2908 ,600030,4.5112 ,601939,4.0313 ,000063,3.6441 ,600036,3.3964 ,600048,3.3402 ,600519,3.2347 ,600837,3.1126 ,000001,2.7805 ,000338,2.5196 
006868.OF,华夏科技成长,张帆,002705,10.6586 ,300782,4.8974 ,300226,4.6497 ,000063,4.3582 ,002419,4.1308 ,300450,3.8485 ,002185,3.6076 ,002371,3.5589 ,002475,3.5403 ,002384,3.4620 
000549.OF,华安大国新经济,翁启森,000977,5.7759 ,603068,4.3596 ,300316,3.2778 ,000063,3.0191 ,002531,2.6558 ,600745,2.3591 ,601138,2.3440 ,601231,2.2590 ,603799,2.0998 ,300498,1.9356 
001028.OF,华安物联网主题,翁启森,000977,5.7501 ,603068,4.2061 ,300316,3.2055 ,000063,2.9206 ,002531,2.6120 ,600745,2.3775 ,601138,2.0559 ,603799,2.0408 ,300144,1.9751 ,300498,1.9185 
007590.OF,华宝绿色领先,蔡目荣,002202,8.3337 ,002531,8.3091 ,002127,7.8184 ,000063,5.2596 ,002415,4.3874 ,601688,4.3304 ,300443,4.2462 ,002709,4.2195 ,300232,3.5670 ,603103,3.5499 
001039.OF,嘉实先进制造,张淼,300369,7.4374 ,600529,7.1615 ,601799,6.6200 ,000100,4.3054 ,002475,3.9544 ,000063,3.9541 ,300271,3.8000 ,002430,3.7268 ,300012,3.2710 ,002643,3.1803 
007685.OF,华商电子行业量化,邓默,000725,10.1597 ,002475,8.5162 ,603986,4.6795 ,000100,4.3359 ,002415,4.3221 ,002236,3.7873 ,002241,3.6790 ,600703,2.6188 ,603160,2.5697 ,300408,2.5379 
005496.OF,创金合信科技成长C,周志敏,000725,4.6078 ,600584,3.5572 ,000063,3.2799 ,000100,3.2637 ,002475,3.1919 ,002185,3.0905 ,002156,3.0098 ,601138,2.8209 ,300750,2.7330 ,601231,2.7154 
005495.OF,创金合信科技成长A,周志敏,000725,4.6078 ,600584,3.5572 ,000063,3.2799 ,000100,3.2637 ,002475,3.1919 ,002185,3.0905 ,002156,3.0098 ,601138,2.8209 ,300750,2.7330 ,601231,2.7154 
000628.OF,大成高新技术产业,刘旭,600887,8.2586 ,600690,8.2155 ,600519,8.0058 ,000333,7.9087 ,600048,7.8587 ,603337,7.7777 ,002415,7.7734 ,300144,7.5580 ,600036,7.2672 ,000651,4.9853 
000925.OF,汇添富外延增长主题,王栩,600036,6.8490 ,601888,6.4845 ,002044,6.4595 ,000333,5.5490 ,600519,5.4337 ,002127,5.3844 ,601318,5.2761 ,300144,4.4643 ,000651,4.0745 ,002311,3.7685 
540009.OF,汇丰晋信消费红利,是星涛,000625,7.4357 ,600519,6.7892 ,000651,6.2832 ,000333,5.3065 ,002236,4.7665 ,000977,3.7153 ,000799,3.4488 ,002304,3.3002 ,000581,3.0088 ,002415,2.9522 
006726.OF,农银汇理稳进多因子,魏刚,600519,4.9846 ,601318,4.9443 ,600036,4.8203 ,000333,4.5622 ,600030,3.6152 ,600276,3.5136 ,002475,3.1723 ,000858,2.9936 ,601818,2.1144 ,300059,1.9026 
004858.OF,长信量化多策略C,左金保,601318,5.1608 ,600036,5.0413 ,601166,4.3019 ,000333,4.1319 ,600276,3.6196 ,000002,3.3939 ,002475,3.2267 ,600519,2.8885 ,000001,2.7494 ,300498,2.6755 
519965.OF,长信量化多策略A,左金保,601318,5.1608 ,600036,5.0413 ,601166,4.3019 ,000333,4.1319 ,600276,3.6196 ,000002,3.3939 ,002475,3.2267 ,600519,2.8885 ,000001,2.7494 ,300498,2.6755 
004485.OF,泰达宏利业绩驱动C,刘洋,601318,5.1672 ,600519,4.5929 ,600030,3.5461 ,000333,3.2417 ,600276,3.0670 ,600887,3.0333 ,000651,3.0066 ,601166,2.9817 ,601766,2.6366 ,600016,2.5782 
004484.OF,泰达宏利业绩驱动A,刘洋,601318,5.1672 ,600519,4.5929 ,600030,3.5461 ,000333,3.2417 ,600276,3.0670 ,600887,3.0333 ,000651,3.0066 ,601166,2.9817 ,601766,2.6366 ,600016,2.5782 
001048.OF,富国新兴产业,魏伟,002120,9.2047 ,600031,9.1658 ,000961,9.0587 ,000338,8.9970 ,600048,7.6659 ,000002,7.1727 ,000951,6.0026 ,600486,5.1085 ,002127,4.3704 ,601939,3.9507 
000979.OF,景顺长城沪港深精选,鲍无可,0968,8.8793 ,600674,8.4897 ,0006,8.1510 ,0386,7.4686 ,0388,7.4190 ,002727,7.2489 ,002353,6.7016 ,601098,6.4393 ,1109,5.7678 ,603233,5.7604 
001685.OF,汇添富沪港深新价值,杨威风,0914,5.8038 ,2269,5.7414 ,0700,5.5392 ,0388,5.4634 ,2318,5.1662 ,1398,4.6913 ,3968,4.6566 ,2883,4.5376 ,2359,4.1946 ,1797,4.0166 
002333.OF,汇丰晋信沪港深C,程彧,0700,9.1492 ,002475,9.1352 ,3690,6.9838 ,0522,4.7845 ,0763,4.1091 ,1299,3.9902 ,2208,3.5057 ,0939,3.4020 ,600519,3.3437 ,0968,2.5842 
002332.OF,汇丰晋信沪港深A,程彧,0700,9.1492 ,002475,9.1352 ,3690,6.9838 ,0522,4.7845 ,0763,4.1091 ,1299,3.9902 ,2208,3.5057 ,0939,3.4020 ,600519,3.3437 ,0968,2.5842 
001528.OF,诺安先进制造,韩冬燕,601398,9.9786 ,600887,8.3567 ,002236,5.3632 ,000538,5.3004 ,603816,5.0325 ,000725,4.9961 ,600050,4.9235 ,000869,4.8714 ,600066,4.8130 ,601012,4.7928 
005669.OF,前海开源公用事业,史程,600900,10.8333 ,600009,7.7546 ,1193,7.5311 ,0548,7.3771 ,300012,7.3220 ,600236,7.2041 ,600886,6.7659 ,601139,5.7677 ,0941,5.7627 ,0270,5.7363 
160127.OF,南方新兴消费增长,肖勇,000651,10.4198 ,600519,10.0226 ,000858,9.9699 ,000568,8.8676 ,000333,8.7414 ,002311,5.6840 ,601799,5.6691 ,002714,5.3084 ,000596,4.0735 ,002078,3.4598 
003634.OF,嘉实农业产业,姚爽,002311,9.1269 ,000895,7.9550 ,000858,7.4295 ,000568,7.2636 ,002746,7.2224 ,600519,6.8991 ,300498,6.8832 ,000876,5.3398 ,002100,5.2613 ,002299,4.9866 
006347.OF,安信量化优选C,施荣盛,000913,1.0122 ,300440,1.0074 ,600532,1.0062 ,000573,1.0052 ,300251,1.0050 ,002248,1.0021 ,000006,1.0020 ,000708,1.0012 ,002457,0.9999 ,600693,0.9922 
006346.OF,安信量化优选A,施荣盛,000913,1.0122 ,300440,1.0074 ,600532,1.0062 ,000573,1.0052 ,300251,1.0050 ,002248,1.0021 ,000006,1.0020 ,000708,1.0012 ,002457,0.9999 ,600693,0.9922 
167706.OF,德邦量化新锐C,王本昌,600565,2.1270 ,300016,1.5371 ,601003,1.4243 ,000600,1.4071 ,601058,1.3789 ,300315,1.3710 ,000528,1.3437 ,002463,1.3188 ,300347,1.3044 ,601717,1.2474 
167705.OF,德邦量化新锐A,王本昌,600565,2.1270 ,300016,1.5371 ,601003,1.4243 ,000600,1.4071 ,601058,1.3789 ,300315,1.3710 ,000528,1.3437 ,002463,1.3188 ,300347,1.3044 ,601717,1.2474 
004189.OF,华商消费行业,何奇峰,600519,9.8385 ,000858,9.7345 ,000333,9.4951 ,000651,9.4536 ,300630,8.7930 ,600887,7.3764 ,603707,7.3134 ,002714,6.5474 ,600809,5.9680 ,000568,5.7671 
007134.OF,嘉实长青竞争优势C,龙昌伦,603444,2.5525 ,000568,2.2570 ,600486,2.2420 ,000651,2.1897 ,002236,2.1842 ,600886,2.1341 ,601336,2.0779 ,600801,2.0649 ,000596,2.0504 ,002007,2.0323 
007133.OF,嘉实长青竞争优势A,龙昌伦,603444,2.5525 ,000568,2.2570 ,600486,2.2420 ,000651,2.1897 ,002236,2.1842 ,600886,2.1341 ,601336,2.0779 ,600801,2.0649 ,000596,2.0504 ,002007,2.0323 
000974.OF,安信消费医药主题,陈一峰,002508,10.5985 ,600048,10.5534 ,601668,10.3162 ,000651,10.1025 ,603589,8.1672 ,600612,8.1495 ,000661,6.8528 ,600690,6.4294 ,002624,5.7060 ,002035,5.3719 
002595.OF,博时工业4.0,兰乔,000708,8.5345 ,300207,6.8219 ,000338,6.7374 ,000651,5.7756 ,601100,5.5376 ,000725,4.2784 ,600519,4.1344 ,300618,3.5992 ,300573,3.5196 ,002460,3.4874 
000751.OF,嘉实新兴产业,归凯,300012,6.7261 ,600763,5.6849 ,000063,4.8561 ,000651,4.5714 ,300760,4.4650 ,300124,4.2098 ,002410,4.0992 ,000100,4.0713 ,601799,3.9115 ,300357,3.8039 
006605.OF,嘉实消费精选C,吴越,000568,11.4166 ,000858,11.2309 ,600519,11.1103 ,000651,10.7682 ,002311,6.9737 ,0291,6.7009 ,600887,5.2865 ,000333,4.5240 ,601799,4.3645 ,3690,4.0707 
006604.OF,嘉实消费精选A,吴越,000568,11.4166 ,000858,11.2309 ,600519,11.1103 ,000651,10.7682 ,002311,6.9737 ,0291,6.7009 ,600887,5.2865 ,000333,4.5240 ,601799,4.3645 ,3690,4.0707 
006194.OF,鑫元核心资产C,丁玥,601318,7.0823 ,600519,4.4378 ,600036,3.0064 ,000651,2.3915 ,000333,2.2665 ,000858,2.0655 ,600276,2.0081 ,601288,1.7860 ,000001,1.7580 ,600000,1.6781 
006193.OF,鑫元核心资产A,丁玥,601318,7.0823 ,600519,4.4378 ,600036,3.0064 ,000651,2.3915 ,000333,2.2665 ,000858,2.0655 ,600276,2.0081 ,601288,1.7860 ,000001,1.7580 ,600000,1.6781 
001496.OF,工银瑞信聚焦30,王筱苓,002142,9.7921 ,600519,5.9381 ,600276,5.5141 ,000651,5.3368 ,600048,4.6924 ,600030,4.5921 ,601318,4.4903 ,603096,4.3679 ,000858,4.3585 ,600600,4.0691 
006478.OF,长盛多因子策略优选,冯雨生,601318,8.4759 ,600031,8.4551 ,600519,8.2131 ,000651,7.1547 ,000858,7.0907 ,000333,6.9327 ,603288,6.2982 ,600009,6.2480 ,000157,5.2996 ,600779,4.6193 
003145.OF,中融竞争优势,柯海东,002695,9.6365 ,600984,8.2676 ,300122,5.4811 ,000651,5.4483 ,300406,5.1835 ,000725,4.6707 ,000776,4.1677 ,002812,3.9911 ,600703,3.8155 ,603799,3.7629 
000955.OF,南方产业活力,蒋秋洁,600519,6.5541 ,300413,6.3626 ,000858,6.2685 ,000661,6.0568 ,601888,5.5131 ,002714,4.6545 ,000651,4.2831 ,002027,4.2749 ,600872,3.6614 ,002415,3.4880 
001245.OF,工银瑞信生态环境,何肖颉,601601,7.4743 ,002142,5.5186 ,601012,5.2592 ,000661,3.9334 ,601318,3.5094 ,000333,3.4877 ,002138,3.4352 ,600048,3.3043 ,002179,3.2889 ,300003,2.6004 
000711.OF,嘉实医疗保健,齐海滔,600529,10.0996 ,000028,10.0557 ,000513,8.9587 ,000661,8.9129 ,000963,8.3309 ,600867,8.0739 ,600380,6.8663 ,600276,6.6733 ,300357,6.1263 ,600196,6.1153 
004075.OF,交银医药创新,楼慧源,600276,8.8251 ,603259,6.9471 ,600529,6.8685 ,000661,6.2882 ,600763,5.7591 ,603882,4.7650 ,300601,4.7495 ,300347,4.6833 ,300015,4.6314 ,688029,3.8482 
002872.OF,华夏智胜价值成长C,孙蒙,603806,2.1722 ,002818,2.0689 ,300660,1.9866 ,000719,1.9856 ,600551,1.9825 ,002724,1.9728 ,603699,1.8531 ,300360,1.8119 ,002111,1.8112 ,300546,1.7621 
002871.OF,华夏智胜价值成长A,孙蒙,603806,2.1722 ,002818,2.0689 ,300660,1.9866 ,000719,1.9856 ,600551,1.9825 ,002724,1.9728 ,603699,1.8531 ,300360,1.8119 ,002111,1.8112 ,300546,1.7621 
001707.OF,诺安高端制造,史高飞,000035,10.8136 ,300220,10.7102 ,600176,10.6354 ,000723,10.5988 ,600673,10.1572 ,300449,9.6860 ,603021,7.3251 ,000667,6.0204 ,603712,5.3426 ,603611,4.7241 
000418.OF,景顺长城成长之星,刘晓明,002475,9.2862 ,002714,8.0483 ,300115,7.8202 ,000725,5.3435 ,000401,4.6388 ,600519,4.4465 ,000651,4.3050 ,002241,3.8968 ,603456,3.7664 ,300122,3.6376 
001638.OF,前海开源优势蓝筹C,吴国清,601901,9.4429 ,600999,8.4137 ,600837,8.1842 ,000776,8.1732 ,600030,8.1503 ,300059,7.8669 ,601211,7.8400 ,601881,7.8274 ,000166,7.6596 ,600547,6.7184 
001162.OF,前海开源优势蓝筹A,吴国清,601901,9.4429 ,600999,8.4137 ,600837,8.1842 ,000776,8.1732 ,600030,8.1503 ,300059,7.8669 ,601211,7.8400 ,601881,7.8274 ,000166,7.6596 ,600547,6.7184 
004476.OF,景顺长城沪港深领先科技,詹成,0968,5.8331 ,0700,5.7773 ,0388,5.5674 ,0788,4.6018 ,3690,4.2531 ,002555,3.7601 ,600438,3.4408 ,300207,3.3132 ,2382,3.2866 ,0268,3.2514 
005457.OF,景顺长城量化小盘,黎海威,300130,2.8664 ,000036,2.7632 ,002539,2.7563 ,000829,2.6359 ,300034,2.6065 ,002441,2.6061 ,600720,2.5600 ,000739,2.5535 ,600971,2.5473 ,002088,2.4844 
110022.OF,易方达消费行业,萧楠,000651,11.3580 ,000333,11.3155 ,600519,11.2034 ,000858,11.1927 ,000568,10.2847 ,000860,9.9306 ,000596,9.5422 ,600809,9.1780 ,600887,3.0476 ,000423,2.2438 
004995.OF,广发品牌消费,孙迪,600519,10.3172 ,000651,7.7473 ,000568,6.6419 ,000858,6.3923 ,000333,5.5206 ,300144,5.1226 ,000100,5.0716 ,601888,4.9923 ,601966,4.9705 ,000860,4.9573 
003191.OF,创金合信消费主题C,陈建军,000876,9.7425 ,600519,9.5415 ,002714,9.3882 ,000858,9.3024 ,300144,9.2433 ,000333,9.0681 ,000568,8.8587 ,000651,8.0210 ,600887,6.6147 ,002901,4.0400 
003190.OF,创金合信消费主题A,陈建军,000876,9.7425 ,600519,9.5415 ,002714,9.3882 ,000858,9.3024 ,300144,9.2433 ,000333,9.0681 ,000568,8.8587 ,000651,8.0210 ,600887,6.6147 ,002901,4.0400 
007548.OF,易方达ESG责任投资,郭杰,0700,10.8894 ,3690,10.6017 ,600519,10.1308 ,000858,9.2219 ,000568,9.0616 ,600009,8.7681 ,002304,8.4165 ,000651,8.1638 ,600004,7.1006 ,2269,6.6710 
005009.OF,申万菱信行业轮动,蒲延杰,600519,9.0222 ,601318,6.6382 ,002475,6.2360 ,000858,5.8634 ,300014,5.6614 ,600438,5.3518 ,300115,4.6009 ,300136,4.4210 ,603986,3.7781 ,300750,3.6849 
001277.OF,博时国企改革主题,林景艺,000157,2.3955 ,000708,1.9218 ,600048,1.8216 ,000858,1.6353 ,600919,1.5944 ,000425,1.5669 ,600383,1.5367 ,600809,1.4475 ,600346,1.4285 ,600030,1.3501 
004805.OF,长信消费精选行业量化,左金保,000333,8.2703 ,603369,5.8986 ,000596,5.8340 ,000858,5.4237 ,300122,5.3288 ,000651,5.0668 ,002311,5.0220 ,000661,4.7966 ,000568,4.4907 ,600570,4.4541 
006251.OF,银华兴盛,薄官辉,600887,10.4101 ,600519,10.2915 ,600570,8.0802 ,000858,7.5946 ,600600,7.1956 ,002508,6.3725 ,000002,6.1045 ,601166,5.9717 ,002705,4.8370 ,601668,4.1192 
006924.OF,前海开源沪港深非周期C,史程,0700,7.5239 ,0168,5.2433 ,0883,5.1922 ,000860,4.7668 ,6808,4.7325 ,2319,4.7325 ,000858,4.6027 ,0291,4.3168 ,1193,4.2868 ,2688,4.2642 
006923.OF,前海开源沪港深非周期A,史程,0700,7.5239 ,0168,5.2433 ,0883,5.1922 ,000860,4.7668 ,6808,4.7325 ,2319,4.7325 ,000858,4.6027 ,0291,4.3168 ,1193,4.2868 ,2688,4.2642 
006676.OF,宝盈品牌消费C,肖肖,000596,11.8827 ,002714,11.6948 ,000876,11.3417 ,000860,10.3498 ,000858,9.9859 ,600519,9.9333 ,600872,9.8216 ,1579,9.2337 ,601658,7.4886 ,2869,5.5223 
006675.OF,宝盈品牌消费A,肖肖,000596,11.8827 ,002714,11.6948 ,000876,11.3417 ,000860,10.3498 ,000858,9.9859 ,600519,9.9333 ,600872,9.8216 ,1579,9.2337 ,601658,7.4886 ,2869,5.5223 
007288.OF,合煦智远消费主题C,程卉超,002572,11.4459 ,600887,8.7636 ,002027,7.6427 ,0874,7.2727 ,000895,7.2657 ,1999,6.8709 ,002035,6.8240 ,1112,5.2905 ,0921,4.6699 ,603801,4.2652 
007287.OF,合煦智远消费主题A,程卉超,002572,11.4459 ,600887,8.7636 ,002027,7.6427 ,0874,7.2727 ,000895,7.2657 ,1999,6.8709 ,002035,6.8240 ,1112,5.2905 ,0921,4.6699 ,603801,4.2652 
002697.OF,中欧消费主题C,郭睿,601888,9.8851 ,603708,9.2442 ,000651,9.0564 ,000876,8.9918 ,002714,8.0198 ,002624,6.4481 ,600519,6.3842 ,603345,6.0092 ,002127,5.8384 ,603429,5.6621 
002621.OF,中欧消费主题A,郭睿,601888,9.8851 ,603708,9.2442 ,000651,9.0564 ,000876,8.9918 ,002714,8.0198 ,002624,6.4481 ,600519,6.3842 ,603345,6.0092 ,002127,5.8384 ,603429,5.6621 
001579.OF,国泰大农业,程洲,600519,6.3285 ,300498,6.1257 ,002311,5.1658 ,000895,5.1410 ,002714,4.6892 ,000876,4.4225 ,603288,4.3738 ,600201,4.0058 ,002250,3.8695 ,600597,3.7255 
001749.OF,招商中国机遇,李亚,000860,7.8673 ,300496,6.1336 ,300369,5.8129 ,000938,5.1117 ,600030,5.0818 ,002271,4.9886 ,300529,4.8711 ,300122,4.7236 ,002273,4.6843 ,601899,4.1915 
007512.OF,工银瑞信沪港深C,张继圣,0700,9.0576 ,1299,7.9169 ,2318,7.1564 ,0939,6.8695 ,3968,3.5507 ,3690,3.4717 ,2601,2.9909 ,2018,2.5060 ,2313,2.1297 ,000651,1.9085 
002387.OF,工银瑞信沪港深A,张继圣,0700,9.0576 ,1299,7.9169 ,2318,7.1564 ,0939,6.8695 ,3968,3.5507 ,3690,3.4717 ,2601,2.9909 ,2018,2.5060 ,2313,2.1297 ,000651,1.9085 
001718.OF,工银瑞信物流产业,张宇帆,600104,8.5778 ,000625,6.3731 ,603960,6.1392 ,000951,5.4881 ,600741,5.3101 ,300124,4.4223 ,002475,4.3764 ,600660,4.0335 ,600009,3.9287 ,601633,3.9230 
001490.OF,汇添富国企创新增长,李威,600519,10.2840 ,002127,9.3039 ,000858,5.6362 ,000961,5.4422 ,601888,4.8987 ,601166,3.6041 ,000661,3.5923 ,600036,3.5295 ,601318,3.3669 ,002050,3.3014 
001042.OF,华夏领先,林晶,601128,2.2593 ,300451,2.1696 ,601100,2.1148 ,000961,1.9418 ,600346,1.9362 ,000671,1.9252 ,002384,1.7642 ,300782,1.7048 ,000338,1.5667 ,600570,1.4894 
540007.OF,汇丰晋信中小盘,侯玉琦,002555,7.5411 ,603444,6.5150 ,002624,6.1934 ,000977,4.6927 ,002236,4.4600 ,300031,4.3600 ,601555,4.2986 ,002821,4.0177 ,002139,3.9267 ,300413,3.7063 
005707.OF,富国港股通量化精选,徐幼华,0700,9.6496 ,0005,8.9835 ,0939,6.7821 ,1299,5.4758 ,2318,3.7492 ,0941,2.9626 ,2628,2.4677 ,0883,2.4386 ,2601,2.0995 ,1658,1.8890 
006781.OF,汇丰晋信港股通精选,程彧,0700,9.6929 ,0939,4.9954 ,1398,3.9743 ,1299,3.7977 ,2318,3.5253 ,0522,3.5225 ,3690,3.1961 ,1999,3.1122 ,2018,2.9335 ,1810,2.9284 
004292.OF,鹏华沪深港互联网,聂毅翔,600519,11.9404 ,0700,10.3921 ,2388,8.8495 ,1299,8.7694 ,3690,7.1599 ,001914,6.7874 ,1521,5.9602 ,1797,5.3934 ,300750,5.1855 ,1951,4.8182 
006106.OF,景顺长城量化港股通,黎海威,0700,9.7221 ,0939,6.2214 ,0005,5.4221 ,1299,3.8067 ,2628,2.9484 ,0941,2.5402 ,0006,2.4676 ,0386,2.3856 ,0914,2.3308 ,3328,2.3283 
002121.OF,广发沪港深新起点,李耀柱,1918,9.2924 ,3690,8.9145 ,0700,8.7164 ,1299,7.5093 ,0027,5.8324 ,2313,5.3743 ,000002,5.2285 ,1088,4.6869 ,2018,4.4608 ,600703,4.4588 
004098.OF,前海开源股息率50强,史程,0548,4.3366 ,2318,4.2869 ,0941,4.0651 ,1398,3.7237 ,0883,3.5189 ,0522,3.3544 ,1928,3.2311 ,1299,3.1729 ,3968,3.1070 ,3988,3.1000 
005238.OF,银华医疗健康C,马君,600276,7.8719 ,000661,7.2182 ,300760,6.1151 ,002007,4.1867 ,300601,4.0089 ,300015,3.9839 ,603259,3.3904 ,600436,3.0711 ,300529,3.0111 ,603883,2.9044 
005237.OF,银华医疗健康A,马君,600276,7.8719 ,000661,7.2182 ,300760,6.1151 ,002007,4.1867 ,300601,4.0089 ,300015,3.9839 ,603259,3.3904 ,600436,3.0711 ,300529,3.0111 ,603883,2.9044 
004698.OF,博时军工主题,兰乔,600760,9.8268 ,600967,9.4249 ,600038,8.3477 ,002013,7.4474 ,600855,7.3625 ,600562,6.9443 ,002025,6.0452 ,002179,5.2726 ,600893,4.9290 ,601989,4.6443 
004350.OF,汇丰晋信价值先锋,吴培文,600585,3.2943 ,000333,3.1794 ,600030,3.1195 ,002032,2.9210 ,600519,2.7369 ,603899,2.7062 ,601318,2.6654 ,002353,2.5892 ,601288,2.5867 ,600201,2.4574 
164205.OF,天弘文化新兴产业,田俊维,000651,10.3862 ,600690,9.7131 ,000333,9.6322 ,002035,9.0593 ,603816,8.9988 ,002508,8.9004 ,688358,6.3518 ,688363,5.3403 ,300753,4.2972 ,002918,3.9616 
005983.OF,上投摩根核心精选,李博,002236,10.5576 ,603008,5.7114 ,600036,5.5112 ,002035,5.4535 ,000591,4.7876 ,601222,4.5642 ,003816,4.4314 ,603579,4.3137 ,600466,4.2504 ,600567,3.8479 
007524.OF,汇添富内需增长C,赵鹏飞,600519,14.0283 ,600036,9.7779 ,0700,8.9863 ,002044,8.4057 ,300144,7.9354 ,002142,7.6649 ,600276,7.5560 ,000333,4.5814 ,600872,4.5235 ,000858,3.2187 
007523.OF,汇添富内需增长A,赵鹏飞,600519,14.0283 ,600036,9.7779 ,0700,8.9863 ,002044,8.4057 ,300144,7.9354 ,002142,7.6649 ,600276,7.5560 ,000333,4.5814 ,600872,4.5235 ,000858,3.2187 
001781.OF,建信现代服务业,陶灿,600519,7.0686 ,601688,6.8364 ,000002,6.6016 ,002123,6.4315 ,002624,6.1188 ,601888,4.9641 ,300750,4.8741 ,603707,4.3489 ,000961,4.2151 ,002044,4.0986 
004925.OF,长信低碳环保行业量化,左金保,603806,4.0337 ,601012,3.9875 ,300014,3.8544 ,002129,3.7932 ,600388,3.4042 ,300232,3.3456 ,603568,3.2870 ,600346,3.1437 ,601058,3.1220 ,002080,3.1173 
000793.OF,工银瑞信高端制造行业,黄安乐,300136,5.2464 ,600031,4.8865 ,300759,4.1496 ,002138,4.0168 ,603659,3.9484 ,002812,3.6589 ,002624,3.4681 ,002555,3.3820 ,300413,3.2650 ,300450,3.1698 
001651.OF,工银瑞信新蓝筹,王筱苓,600036,8.0378 ,601318,6.8467 ,600519,6.7260 ,002142,6.5513 ,000895,5.1221 ,600600,5.0249 ,000333,4.9763 ,000651,4.9112 ,000858,4.3235 ,600486,3.8307 
519975.OF,长信量化中小盘,左金保,600466,4.0177 ,002607,3.0422 ,601677,2.8562 ,002182,2.5911 ,002706,2.3913 ,300129,2.3762 ,002111,2.2420 ,002318,2.2029 ,300012,2.0156 ,300428,2.0027 
000991.OF,工银瑞信战略转型主题,杜洋,601222,10.7289 ,002343,5.5053 ,300569,5.1153 ,002202,3.2923 ,002531,2.8247 ,603601,2.7186 ,002624,2.6583 ,000625,2.5872 ,300463,2.4596 ,002791,2.4164 
001637.OF,嘉实腾讯自选股大数据,刘斌,002025,1.7313 ,000623,1.6837 ,300253,1.4753 ,002204,1.4443 ,600030,1.4439 ,600466,1.4178 ,002130,1.3869 ,300498,1.3551 ,600720,1.3225 ,000031,1.0064 
003054.OF,嘉实文体娱乐C,王凯,002475,9.4364 ,600050,8.3806 ,002439,7.4540 ,002230,7.3016 ,002292,5.5513 ,300383,4.9855 ,002739,4.8936 ,002008,4.7920 ,300770,4.4966 ,300133,4.4752 
003053.OF,嘉实文体娱乐A,王凯,002475,9.4364 ,600050,8.3806 ,002439,7.4540 ,002230,7.3016 ,002292,5.5513 ,300383,4.9855 ,002739,4.8936 ,002008,4.7920 ,300770,4.4966 ,300133,4.4752 
001319.OF,农银汇理信息传媒,韩林,002475,7.1981 ,000977,5.1759 ,600570,4.3436 ,002241,4.2744 ,002624,2.9477 ,002555,2.8189 ,300782,2.7830 ,002396,2.7544 ,000063,2.7501 ,002850,2.7032 
001043.OF,工银瑞信美丽城镇主题,王君正,000069,11.0079 ,002142,8.6094 ,600519,5.4393 ,002244,4.6285 ,000002,4.2918 ,600036,4.0606 ,300760,3.7084 ,600383,3.6809 ,600276,3.6587 ,600048,3.4586 
160322.OF,华夏港股通精选,李湘杰,2382,7.1331 ,6169,6.0588 ,6098,5.6134 ,2269,5.0535 ,2018,4.8861 ,0291,4.3861 ,2359,4.0140 ,0743,3.8418 ,2020,3.7889 ,0285,3.3631 
450009.OF,国富中小盘,赵晓东,601966,7.4353 ,002044,7.2816 ,600298,6.8961 ,002304,6.5986 ,600036,5.9378 ,601166,5.1351 ,002142,5.0099 ,600201,4.7307 ,600690,4.4208 ,601799,3.6150 
001195.OF,工银瑞信农业产业,杨柯,002714,11.2041 ,300498,11.1591 ,000876,7.5977 ,002311,5.6734 ,002458,5.5474 ,002568,4.1397 ,000333,3.8247 ,600598,3.3256 ,002299,2.9724 ,300119,2.5617 
006803.OF,嘉实互通精选,陈叶雁南,600519,8.9975 ,600036,6.8188 ,2313,6.6514 ,2318,5.9386 ,1093,5.4251 ,000651,5.1659 ,002475,4.7292 ,0700,4.5696 ,300760,4.4963 ,601799,4.2827 
340006.OF,兴全全球视野,王品,300271,10.1508 ,600048,7.9555 ,300496,5.7522 ,002352,4.6915 ,300760,3.7474 ,300144,3.6956 ,601238,3.4656 ,300413,3.3419 ,601688,3.2646 ,601899,3.2626 
001956.OF,国联安科技动力,潘明,300661,6.5056 ,603160,6.4236 ,603501,6.4205 ,002371,6.3947 ,603986,6.3873 ,300782,6.3847 ,603444,5.9100 ,688012,3.6104 ,600845,3.5774 ,002916,3.5625 
004273.OF,中融量化小盘C,陈薪羽,002367,4.4716 ,300569,4.1626 ,300043,4.1155 ,002381,4.1093 ,600510,4.0801 ,002111,4.0655 ,300190,4.0450 ,002020,4.0252 ,300129,3.9833 ,000042,3.9607 
004272.OF,中融量化小盘A,陈薪羽,002367,4.4716 ,300569,4.1626 ,300043,4.1155 ,002381,4.1093 ,600510,4.0801 ,002111,4.0655 ,300190,4.0450 ,002020,4.0252 ,300129,3.9833 ,000042,3.9607 
005328.OF,前海开源价值策略,肖立强,600030,7.1149 ,000100,6.7688 ,002456,6.3444 ,002384,5.8092 ,601138,5.5332 ,300115,5.0796 ,000671,4.9645 ,000513,4.8113 ,600837,4.7490 ,000725,4.6159 
162208.OF,泰达宏利首选企业,张勋,002157,6.9050 ,000661,6.2126 ,000858,5.4274 ,002384,5.3800 ,600340,5.2906 ,000568,4.6589 ,002415,4.6561 ,300073,3.4874 ,300760,3.4710 ,601688,3.3389 
006265.OF,红土创新新科技,朱然,000977,5.2645 ,002185,4.7386 ,300476,4.2681 ,002396,4.1581 ,002876,4.1059 ,002236,4.1026 ,002384,4.0873 ,002938,3.9563 ,002222,3.7921 ,002008,3.7763 
002980.OF,华夏创新前沿,林晶,300750,6.6427 ,002475,4.1316 ,300059,3.7520 ,002410,3.6368 ,300782,3.0249 ,600867,2.9874 ,300015,2.9704 ,688368,2.8632 ,300760,2.8018 ,002384,2.4820 
007853.OF,华商计算机行业量化,邓默,600570,7.4017 ,000977,6.6752 ,002230,5.5106 ,002410,4.5401 ,300253,4.3324 ,300033,4.3176 ,600588,4.3072 ,002439,3.9352 ,000066,3.7894 ,600536,3.2494 
000866.OF,华宝高端制造,贺喆,000002,4.9126 ,000100,4.2149 ,000725,4.1089 ,002415,4.0498 ,000063,3.7546 ,600900,3.6940 ,600201,2.9967 ,600031,2.4669 ,600377,2.3648 ,601808,2.2793 
003312.OF,大摩睿成中小盘弹性,陈健夫,603444,1.4178 ,002174,1.3838 ,601966,1.3549 ,002439,1.3293 ,300347,1.3078 ,600426,1.2798 ,000513,1.2684 ,002250,1.2596 ,600536,1.2531 ,000999,1.2399 
003834.OF,华夏能源革新,郑泽鸿,603799,8.5181 ,300750,7.5355 ,002460,7.2440 ,002466,6.0055 ,002850,5.8432 ,603489,5.6336 ,603993,5.2028 ,601689,5.1751 ,300450,5.0044 ,002050,4.4491 
001070.OF,建信信息产业,邵卓,002624,8.2353 ,002123,6.5426 ,300628,5.4084 ,002475,4.6972 ,300014,4.4936 ,600060,4.2276 ,601138,4.0553 ,002127,3.9219 ,300251,3.8723 ,000063,3.6875 
000884.OF,民生加银优选,高松,000333,7.8203 ,002714,7.3111 ,000661,7.2151 ,002475,5.8381 ,000596,5.7100 ,000858,5.3530 ,603369,5.2095 ,002157,4.5596 ,300498,4.2447 ,000651,3.9603 
001054.OF,工银瑞信新金融,鄢耀,002142,7.1948 ,601166,6.5475 ,000002,5.5514 ,002475,5.2478 ,600519,5.1025 ,000333,5.0249 ,000069,4.1440 ,601688,4.0005 ,600031,3.3583 ,300630,2.9312 
001692.OF,南方国策动力,罗安安,600036,8.1193 ,600276,7.3054 ,300451,5.9558 ,002475,5.4119 ,601128,5.1024 ,300760,4.9769 ,002439,4.9491 ,000661,4.7535 ,300559,4.6987 ,600519,4.4885 
001396.OF,建信互联网+产业升级,何珅华,000858,7.9249 ,002624,7.3535 ,600519,6.9582 ,002475,5.7461 ,000002,4.8127 ,000961,4.3611 ,603429,4.3328 ,600136,4.2671 ,002123,4.2015 ,600703,4.1170 
004640.OF,华夏节能环保,吕佳玮,300750,8.7170 ,300207,8.0590 ,603799,7.0976 ,002475,5.2583 ,002415,5.1955 ,002460,4.8792 ,603489,4.2240 ,002050,4.2110 ,600031,4.1248 ,600885,4.0519 
004997.OF,广发高端制造,孙迪,300750,7.7719 ,000651,7.0880 ,002179,5.8768 ,002475,5.5151 ,300450,5.4796 ,002460,5.0870 ,300073,4.9659 ,601689,4.6671 ,002812,4.6489 ,603986,4.5341 
001188.OF,鹏华改革红利,袁航,601166,9.6596 ,601601,9.1569 ,601006,6.0901 ,002508,5.5373 ,601818,5.0186 ,603587,4.9465 ,000651,4.6815 ,300232,4.4263 ,000961,4.1959 ,000338,4.0209 
006195.OF,国金量化多因子,杨雨龙,601658,11.1023 ,601916,3.9187 ,601077,3.2534 ,002540,1.2168 ,600961,1.1531 ,002379,1.1346 ,300150,1.0648 ,300330,1.0350 ,300736,1.0231 ,002380,1.0209 
000594.OF,大摩进取优选,缪东航,601966,7.1758 ,002353,6.6883 ,300699,6.5990 ,002597,6.5883 ,002648,6.4924 ,601636,5.9390 ,300136,4.4878 ,002206,4.1836 ,601128,4.1584 ,601166,4.0548 
000309.OF,大摩品质生活精选,何晓春,002695,9.7680 ,002376,9.6441 ,002627,8.7618 ,002609,8.5593 ,600383,8.0510 ,002594,7.2110 ,601211,6.6319 ,002212,6.4019 ,600048,4.9362 ,000651,4.5287 
000326.OF,南方中小盘成长,吴剑毅,600068,6.0744 ,600176,5.9221 ,601838,4.9799 ,002614,4.5299 ,601577,4.1514 ,600511,3.9534 ,002597,3.6426 ,000028,3.4675 ,000887,3.4154 ,002327,2.9745 
000592.OF,建信改革红利,陶灿,000002,6.7477 ,002123,6.1086 ,002812,5.0148 ,002624,4.8565 ,000625,4.8554 ,600519,4.6195 ,300750,3.8976 ,000961,3.8771 ,002174,3.8164 ,000651,3.5086 
005763.OF,中欧电子信息产业C,刘晨,300590,8.4941 ,002555,5.4229 ,300271,5.2829 ,002624,5.2686 ,601138,5.1333 ,300036,5.1085 ,002236,4.9772 ,300638,4.7876 ,600271,4.3118 ,002008,4.2910 
004616.OF,中欧电子信息产业A,刘晨,300590,8.4941 ,002555,5.4229 ,300271,5.2829 ,002624,5.2686 ,601138,5.1333 ,300036,5.1085 ,002236,4.9772 ,300638,4.7876 ,600271,4.3118 ,002008,4.2910 
000577.OF,安信价值精选,陈一峰,002508,10.0380 ,600048,9.6195 ,000651,9.0227 ,002624,8.8460 ,000513,7.2082 ,600690,5.6448 ,600036,5.4027 ,300750,5.0821 ,603589,4.2111 ,002035,3.9666 
000828.OF,泰达宏利转型机遇,王鹏,300014,9.1933 ,300750,5.8295 ,002475,5.3482 ,002624,4.2883 ,002174,4.2266 ,000661,3.7763 ,002271,3.7720 ,600885,3.2014 ,002714,3.0556 ,002157,3.0190 
001645.OF,国泰大健康,徐治彪,002831,9.5655 ,603883,9.5123 ,300326,7.9290 ,002683,7.5952 ,603308,7.4431 ,002563,7.2387 ,002675,6.7019 ,600885,6.1859 ,300450,5.8196 ,002050,5.6805 
001672.OF,国寿安保智慧生活,张琦,603899,6.4211 ,002138,5.3265 ,300207,5.0294 ,002705,4.6787 ,600309,4.2373 ,300408,4.1268 ,600885,4.0847 ,601231,4.0243 ,002353,3.9412 ,300136,3.8563 
007130.OF,中庚小盘价值,丘栋荣,603368,9.2600 ,300166,6.8482 ,603678,6.8149 ,002737,6.6052 ,002541,5.6947 ,603599,5.2807 ,300233,5.1513 ,600483,4.9531 ,300349,3.2948 ,002139,2.8939 
001605.OF,国富沪港深成长精选,徐成,0981,4.0532 ,1888,3.0792 ,300450,3.0191 ,2883,2.8426 ,601799,2.5745 ,000977,2.5112 ,601012,2.4897 ,600201,2.4890 ,0813,2.3497 ,1776,2.2603 
001878.OF,嘉实沪港深精选,张金涛,2382,8.2370 ,002475,7.9563 ,000651,7.9436 ,2899,6.6380 ,600276,4.7690 ,0966,4.6337 ,000858,4.3489 ,002353,3.7864 ,0817,3.5807 ,600519,3.3523 
320022.OF,诺安研究精选,王创练,600536,8.8952 ,002353,5.8821 ,000568,5.4040 ,002918,5.1381 ,002311,4.3075 ,603708,3.6866 ,603816,3.2720 ,002304,3.2667 ,601899,2.8295 ,300418,2.4830 
006671.OF,广发消费升级,李耀柱,000860,11.7664 ,300760,11.1833 ,000661,10.9717 ,3690,10.0400 ,000651,6.7564 ,600690,6.7083 ,000596,6.6280 ,000333,6.1498 ,002032,5.6276 ,6169,5.4991 
001764.OF,广发沪港深新机遇,余昊,3808,11.4090 ,2238,8.5135 ,1787,7.2605 ,6098,6.3006 ,2328,5.3415 ,603737,5.2851 ,0981,4.8935 ,2869,3.8843 ,3690,3.8440 ,2338,3.7026 
005210.OF,东吴双三角C,彭敢,002405,9.1142 ,603043,6.6191 ,002675,5.4719 ,300001,5.3491 ,603983,4.7576 ,300078,4.5879 ,300454,4.4358 ,000977,4.2599 ,601128,3.8679 ,300618,3.7928 
005209.OF,东吴双三角A,彭敢,002405,9.1142 ,603043,6.6191 ,002675,5.4719 ,300001,5.3491 ,603983,4.7576 ,300078,4.5879 ,300454,4.4358 ,000977,4.2599 ,601128,3.8679 ,300618,3.7928 
006003.OF,工银瑞信医药健康C,谭冬寒,000661,10.6450 ,300760,10.1365 ,600276,9.7542 ,300003,8.0459 ,300529,6.1532 ,603127,5.3682 ,300463,5.2880 ,300015,4.8172 ,300630,4.6760 ,300347,3.9101 
006002.OF,工银瑞信医药健康A,谭冬寒,000661,10.6450 ,300760,10.1365 ,600276,9.7542 ,300003,8.0459 ,300529,6.1532 ,603127,5.3682 ,300463,5.2880 ,300015,4.8172 ,300630,4.6760 ,300347,3.9101 
007005.OF,中金新医药C,兰兰,000661,9.3638 ,600276,8.7647 ,300630,7.6854 ,300003,6.2165 ,300725,5.3395 ,603707,5.3201 ,300347,4.7922 ,300601,4.7399 ,600763,4.4688 ,603882,4.3507 
006981.OF,中金新医药A,兰兰,000661,9.3638 ,600276,8.7647 ,300630,7.6854 ,300003,6.2165 ,300725,5.3395 ,603707,5.3201 ,300347,4.7922 ,300601,4.7399 ,600763,4.4688 ,603882,4.3507 
001104.OF,华安新丝路主题,谢昌旭,600519,7.7443 ,000858,6.5776 ,600276,6.0890 ,300015,4.8407 ,601318,4.5718 ,002475,4.4139 ,000333,4.3218 ,600036,4.2904 ,600763,4.1017 ,000002,2.7308 
000746.OF,招商行业精选,贾成东,002475,9.7216 ,000661,8.5630 ,300601,7.5882 ,300015,7.3607 ,603501,6.4138 ,600763,6.2666 ,002624,5.9263 ,002600,5.5632 ,600745,5.4114 ,300012,4.8732 
000913.OF,农银汇理医疗保健主题,赵伟,600276,8.9225 ,300558,8.6594 ,603658,8.3982 ,300015,8.2776 ,300347,6.4232 ,300759,5.8870 ,603259,5.6113 ,688029,5.0794 ,600763,4.8826 ,300725,4.6950 
002168.OF,嘉实智能汽车,姚志鹏,300750,8.6899 ,300274,6.0518 ,300450,5.4347 ,300037,4.6739 ,300618,4.6694 ,300224,4.5037 ,600438,4.4002 ,601799,4.2219 ,300036,3.8435 ,603659,3.8126 
003865.OF,创金合信量化多因子C,董梁,300699,0.9536 ,300326,0.9443 ,002123,0.9101 ,300118,0.8806 ,300377,0.8244 ,601163,0.8214 ,002251,0.8191 ,002318,0.7961 ,300487,0.7877 ,300559,0.7652 
002210.OF,创金合信量化多因子A,董梁,300699,0.9536 ,300326,0.9443 ,002123,0.9101 ,300118,0.8806 ,300377,0.8244 ,601163,0.8214 ,002251,0.8191 ,002318,0.7961 ,300487,0.7877 ,300559,0.7652 
005885.OF,金鹰信息产业C,樊勇,002850,10.1918 ,300037,7.5803 ,002050,7.4239 ,300124,7.2720 ,002460,6.6270 ,600885,6.5366 ,603659,6.4695 ,603799,5.6094 ,300750,5.4576 ,000063,4.9743 
003853.OF,金鹰信息产业A,樊勇,002850,10.1918 ,300037,7.5803 ,002050,7.4239 ,300124,7.2720 ,002460,6.6270 ,600885,6.5366 ,603659,6.4695 ,603799,5.6094 ,300750,5.4576 ,000063,4.9743 
001223.OF,鹏华文化传媒娱乐,贺宁,002027,10.5156 ,300413,6.3434 ,601928,6.1252 ,300144,5.9405 ,300059,5.4081 ,300383,5.0061 ,600138,4.4957 ,300770,4.1755 ,002624,4.1072 ,002555,3.5962 
000471.OF,富国城镇发展,蒲世林,002311,7.2397 ,600887,5.9687 ,603899,5.7873 ,300144,5.3195 ,002142,4.9540 ,600690,4.9084 ,000651,4.8062 ,600529,4.3087 ,603882,4.2728 ,600258,3.4643 
001521.OF,国寿安保成长优选,张琦,300136,8.6273 ,002353,7.0286 ,002138,6.7845 ,300207,6.6508 ,300661,5.6466 ,603899,5.4068 ,600703,4.9593 ,600031,4.7285 ,002705,4.3067 ,002035,3.7218 
540010.OF,汇丰晋信科技先锋,陈平,002475,10.3773 ,002624,8.4317 ,600570,8.2234 ,300207,7.5783 ,300059,7.5080 ,002384,7.4164 ,002439,6.3330 ,000977,5.5101 ,002138,4.8700 ,600584,4.7987 
519673.OF,银河康乐,余科苗,600763,7.0034 ,300662,5.8403 ,601318,5.0322 ,300253,4.7632 ,600519,4.4582 ,300015,3.5408 ,002791,3.2306 ,002410,2.2410 ,002475,2.2352 ,002311,2.1198 
001166.OF,建信环保产业,姜锋,002050,6.5846 ,600900,6.4007 ,601877,6.3547 ,300285,5.3988 ,600886,4.3380 ,002202,4.2400 ,300750,4.0583 ,600674,4.0429 ,600323,4.0296 ,000968,3.9999 
001178.OF,前海开源再融资主题精选,邱杰,000651,8.5577 ,002812,6.3235 ,600383,5.9253 ,300315,5.8036 ,600048,5.7530 ,000625,5.0660 ,600104,4.5703 ,603444,4.1658 ,300144,3.5810 ,002648,3.4713 
001167.OF,金鹰科技创新,乔春,002050,4.8435 ,601689,4.7966 ,002624,4.7446 ,300315,4.6425 ,600801,4.5456 ,000786,4.5140 ,002353,4.4504 ,000338,4.4381 ,603659,4.3760 ,002812,4.2341 
000586.OF,景顺长城中小板创业板,李孟海,002891,9.1486 ,300523,9.1370 ,002850,5.9777 ,300316,5.8482 ,002449,5.8340 ,300450,5.6416 ,300073,5.3409 ,300699,5.1951 ,300747,4.4059 ,300673,4.3368 
006693.OF,金信消费升级C,杨仁眉,600519,10.6185 ,300015,10.5753 ,600763,10.4619 ,300347,10.4069 ,002607,10.3881 ,000333,10.3325 ,002044,10.0591 ,600276,7.1349 ,000651,6.6148 ,300001,5.5535 
006692.OF,金信消费升级A,杨仁眉,600519,10.6185 ,300015,10.5753 ,600763,10.4619 ,300347,10.4069 ,002607,10.3881 ,000333,10.3325 ,002044,10.0591 ,600276,7.1349 ,000651,6.6148 ,300001,5.5535 
006229.OF,中欧医疗创新C,葛兰,300015,10.8852 ,000661,10.1436 ,600276,8.6776 ,300357,7.0876 ,002821,6.5198 ,300630,6.5193 ,300347,6.5080 ,603259,6.0151 ,603520,4.8658 ,600763,4.7034 
006228.OF,中欧医疗创新A,葛兰,300015,10.8852 ,000661,10.1436 ,600276,8.6776 ,300357,7.0876 ,002821,6.5198 ,300630,6.5193 ,300347,6.5080 ,603259,6.0151 ,603520,4.8658 ,600763,4.7034 
519935.OF,长信创新驱动,沈佳,002475,6.4343 ,300188,5.4105 ,002044,5.4085 ,300383,4.7213 ,002624,4.3494 ,603160,4.2894 ,000725,4.2478 ,300078,4.1408 ,002920,4.1128 ,002212,4.0385 
001726.OF,汇添富新兴消费,刘伟林,000661,9.5025 ,603259,9.1167 ,002624,7.8082 ,300413,7.5143 ,000568,7.5102 ,600276,6.7207 ,000858,6.6645 ,600519,6.4936 ,000651,5.7192 ,000333,5.5799 
519606.OF,国泰金鑫,申坤,600570,5.2300 ,002332,4.5102 ,603883,4.3423 ,300413,4.1732 ,002050,3.3725 ,002832,3.2909 ,300010,3.2075 ,002301,3.1476 ,300133,3.1448 ,300725,3.0498 
160133.OF,南方天元新产业,蒋秋洁,000858,6.5231 ,600519,6.0493 ,601888,5.5162 ,300413,5.2777 ,000661,4.6558 ,002714,4.4271 ,002027,4.3416 ,000651,3.4470 ,002415,3.4343 ,300750,3.0499 
005240.OF,银华文体娱乐C,李宜璇,002027,6.9756 ,002555,6.9558 ,300059,6.1828 ,300413,4.6664 ,300251,3.5906 ,600637,3.4093 ,300226,2.9356 ,601928,2.8982 ,603444,2.7420 ,600977,2.4977 
005239.OF,银华文体娱乐A,李宜璇,002027,6.9756 ,002555,6.9558 ,300059,6.1828 ,300413,4.6664 ,300251,3.5906 ,600637,3.4093 ,300226,2.9356 ,601928,2.8982 ,603444,2.7420 ,600977,2.4977 
519193.OF,万家消费成长,高源,600837,6.2799 ,601211,6.0487 ,600030,6.0194 ,300413,5.7252 ,601688,5.3653 ,300207,4.8188 ,002241,4.7896 ,300059,4.7855 ,603986,4.6051 ,601628,4.4410 
006503.OF,财通集成电路产业C,金梓才,002384,8.8731 ,603160,8.7765 ,002241,8.5315 ,300433,8.4829 ,600183,8.1679 ,300502,7.7655 ,002938,6.4521 ,300570,6.3945 ,300394,5.8686 ,002273,5.5846 
006502.OF,财通集成电路产业A,金梓才,002384,8.8731 ,603160,8.7765 ,002241,8.5315 ,300433,8.4829 ,600183,8.1679 ,300502,7.7655 ,002938,6.4521 ,300570,6.3945 ,300394,5.8686 ,002273,5.5846 
003069.OF,光大创业板量化优选A,翟云飞,300498,4.8109 ,300015,3.9619 ,300059,3.4365 ,300433,2.5865 ,300014,2.5503 ,300251,2.3709 ,300357,1.7731 ,300750,1.7011 ,300019,1.6743 ,300130,1.6725 
001626.OF,国泰央企改革,饶玉涵,601128,9.4234 ,600570,7.4535 ,002050,6.8268 ,300450,6.7613 ,601021,6.0667 ,601398,5.8252 ,000425,5.6834 ,600519,4.5913 ,300788,3.8642 ,000338,3.8635 
002229.OF,华夏经济转型,张帆,002705,11.1923 ,000063,5.1537 ,300226,4.7295 ,300450,4.2498 ,300782,3.4062 ,002419,3.1860 ,002185,3.1350 ,002371,2.9757 ,600536,2.9516 ,002475,2.7152 
005963.OF,宝盈人工智能C,张仲维,300113,7.1167 ,600745,6.5796 ,300416,6.4680 ,300450,6.3602 ,002475,6.3028 ,300782,6.2014 ,603501,5.9239 ,603986,5.9001 ,0700,5.5399 ,688111,5.4968 
005962.OF,宝盈人工智能A,张仲维,300113,7.1167 ,600745,6.5796 ,300416,6.4680 ,300450,6.3602 ,002475,6.3028 ,300782,6.2014 ,603501,5.9239 ,603986,5.9001 ,0700,5.5399 ,688111,5.4968 
000996.OF,中银新动力,吴印,002475,7.5371 ,600519,7.4357 ,601688,7.2938 ,300454,7.0863 ,600763,6.9039 ,603160,6.7605 ,603259,6.6153 ,300595,6.5940 ,002241,6.4384 ,002027,6.1823 
003492.OF,前海开源外向企业,石峰,002027,5.2670 ,000783,4.9704 ,601933,4.6825 ,300482,4.3753 ,000703,4.2613 ,000671,4.2517 ,601336,4.2154 ,600201,4.1955 ,600115,4.1173 ,002648,3.8383 
003231.OF,创金合信医疗保健行业C,皮劲松,600276,9.4135 ,600529,9.3458 ,000661,8.8783 ,300482,8.7053 ,002901,8.5139 ,603658,8.4197 ,300760,7.8688 ,002821,7.7600 ,300601,5.4675 ,002675,3.6268 
003230.OF,创金合信医疗保健行业A,皮劲松,600276,9.4135 ,600529,9.3458 ,000661,8.8783 ,300482,8.7053 ,002901,8.5139 ,603658,8.4197 ,300760,7.8688 ,002821,7.7600 ,300601,5.4675 ,002675,3.6268 
001171.OF,工银瑞信养老产业,赵蓓,600276,11.1971 ,300003,11.0613 ,000661,10.7522 ,300482,7.5271 ,300760,7.1402 ,002821,6.1188 ,603456,6.0799 ,300463,5.8815 ,002410,4.9401 ,603127,4.4536 
000985.OF,嘉实逆向策略,曲盛伟,000034,9.2414 ,600438,9.1572 ,300274,8.7767 ,300546,7.8610 ,300659,6.7978 ,002180,6.4078 ,300302,6.3628 ,300012,6.2363 ,603679,6.0756 ,601012,6.0743 
399011.OF,中海医疗保健,易小金,002044,10.2878 ,603883,10.0989 ,600763,10.0699 ,300572,8.5105 ,002773,8.0219 ,688029,6.5110 ,603259,6.3122 ,002007,5.5797 ,000661,4.3391 ,300326,4.3328 
000960.OF,招商医药健康产业,李佳存,300347,10.0439 ,300529,9.6528 ,603233,8.9674 ,300595,7.7073 ,603658,6.6941 ,603939,5.9017 ,000661,5.8569 ,600436,4.8586 ,300253,4.7105 ,002821,4.3012 
004041.OF,金鹰医疗健康产业C,韩广哲,000661,9.2325 ,600276,8.5882 ,603259,8.5840 ,300595,6.9972 ,603707,6.9544 ,300601,6.4335 ,300529,6.3347 ,600763,5.9865 ,300760,5.9065 ,300685,5.8921 
004040.OF,金鹰医疗健康产业A,韩广哲,000661,9.2325 ,600276,8.5882 ,603259,8.5840 ,300595,6.9972 ,603707,6.9544 ,300601,6.4335 ,300529,6.3347 ,600763,5.9865 ,300760,5.9065 ,300685,5.8921 
002289.OF,华商改革创新,李双全,002777,10.2190 ,603377,9.3654 ,000631,7.6951 ,300596,7.5908 ,601688,7.4445 ,000725,7.3533 ,002475,6.3059 ,300451,5.3271 ,600570,5.0358 ,600048,4.8918 
000729.OF,建信中小盘,许杰,002078,6.5611 ,600183,4.9984 ,002127,4.4862 ,300596,4.3428 ,600466,4.1232 ,002174,4.0514 ,603063,3.9847 ,002244,3.9714 ,002013,3.9604 ,601966,3.9551 
007832.OF,博道伍佰智航C,杨梦,000623,1.4132 ,600390,1.0531 ,002111,1.0421 ,300660,1.0370 ,300543,1.0282 ,603663,0.9950 ,002360,0.9914 ,300693,0.9720 ,300719,0.8999 ,603937,0.8851 
007831.OF,博道伍佰智航A,杨梦,000623,1.4132 ,600390,1.0531 ,002111,1.0421 ,300660,1.0370 ,300543,1.0282 ,603663,0.9950 ,002360,0.9914 ,300693,0.9720 ,300719,0.8999 ,603937,0.8851 
160919.OF,大成产业升级,李林益,603517,8.8828 ,002299,6.0551 ,002353,5.7196 ,300699,5.4345 ,603308,5.4176 ,002180,5.2113 ,600477,4.9651 ,002179,4.5479 ,002405,4.4049 ,300487,4.3596 
004683.OF,建信高端医疗,潘龙玲,600276,9.3663 ,000538,7.3841 ,688029,6.6885 ,300760,6.6653 ,603259,6.5710 ,300347,5.9157 ,002821,5.5916 ,603882,5.2489 ,603456,4.2648 ,000915,4.1819 
005259.OF,建信龙头企业,姚锦,000001,7.4304 ,2020,7.0102 ,000002,6.8777 ,300760,6.6344 ,000661,6.3140 ,002624,6.1070 ,000961,5.2441 ,300750,5.0023 ,000858,4.3150 ,002050,4.2629 
001717.OF,工银瑞信前沿医疗,赵蓓,600276,10.4230 ,000661,10.1084 ,300003,9.8489 ,300760,7.2214 ,300482,6.5767 ,300529,5.5611 ,300630,5.3404 ,603456,4.8422 ,002821,4.6267 ,300347,4.5124 
001915.OF,宝盈医疗健康沪港深,曹潜,000661,10.1644 ,603658,9.7090 ,603883,9.6078 ,300760,9.0692 ,300529,7.7673 ,603259,6.7429 ,300347,6.7082 ,600276,6.3461 ,300142,6.3353 ,300482,4.6262 
000803.OF,工银瑞信研究精选,宋炳珅,600030,8.4630 ,603986,5.6751 ,300251,5.5408 ,300782,5.1788 ,002624,4.2827 ,300059,4.2176 ,002241,3.9602 ,600584,3.2313 ,601688,3.1856 ,300413,3.0826 
005961.OF,博时量化价值C,黄瑞庆,601318,3.4699 ,601997,2.9944 ,600782,1.9554 ,600015,1.8033 ,600565,1.6478 ,600746,1.6435 ,600282,1.6041 ,600466,1.5981 ,600340,1.5963 ,601328,1.5624 
005960.OF,博时量化价值A,黄瑞庆,601318,3.4699 ,601997,2.9944 ,600782,1.9554 ,600015,1.8033 ,600565,1.6478 ,600746,1.6435 ,600282,1.6041 ,600466,1.5981 ,600340,1.5963 ,601328,1.5624 
001047.OF,光大国企改革主题,董伟炜,601318,6.1090 ,600519,5.9693 ,000651,5.5152 ,600030,4.2554 ,000001,3.4586 ,002803,3.4518 ,300073,3.4439 ,000725,3.4401 ,600031,3.2979 ,300088,3.2820 
001678.OF,英大国企改革主题,张媛,601318,4.7480 ,002624,4.4959 ,600887,4.2974 ,600030,3.9045 ,600547,3.3226 ,600754,3.2788 ,002601,3.2776 ,600309,3.1207 ,603993,3.1087 ,300383,3.0974 
163110.OF,申万菱信量化小盘,俞诚,600466,1.1064 ,600801,1.0520 ,600720,1.0349 ,600030,1.0154 ,002745,1.0004 ,601233,0.9973 ,000878,0.9912 ,300418,0.9739 ,002850,0.9732 ,600036,0.9725 
005663.OF,嘉实金融精选C,李欣,600036,9.8805 ,601318,9.3079 ,601166,9.1256 ,600030,8.1300 ,2328,7.7290 ,000002,6.9108 ,601009,6.1187 ,000961,6.0560 ,601688,4.0080 ,601336,3.3292 
005662.OF,嘉实金融精选A,李欣,600036,9.8805 ,601318,9.3079 ,601166,9.1256 ,600030,8.1300 ,2328,7.7290 ,000002,6.9108 ,601009,6.1187 ,000961,6.0560 ,601688,4.0080 ,601336,3.3292 
004730.OF,建信量化事件驱动,薛玲,600519,6.5802 ,601318,4.8207 ,000651,3.2575 ,600030,3.1778 ,600036,2.6980 ,600276,2.6711 ,600837,2.0178 ,000661,1.6768 ,603658,1.6083 ,603883,1.5169 
000513.OF,富国高端制造行业,毕天宇,300285,7.3873 ,002271,5.8931 ,002142,5.5195 ,600031,5.4887 ,600519,5.3843 ,603501,4.8700 ,601318,3.7905 ,002555,3.7715 ,002001,3.2967 ,600309,3.1141 
006926.OF,长城量化精选,雷俊,600170,5.4028 ,688111,4.3367 ,000776,3.5797 ,600033,3.5529 ,601169,3.0356 ,600016,3.0215 ,002128,2.9991 ,600578,2.9844 ,000069,2.9777 ,600015,2.9689 
001725.OF,汇添富中国高端制造,赵鹏飞,601088,10.8908 ,002044,10.8773 ,002142,10.4009 ,600036,10.2465 ,600519,9.1288 ,600872,5.8706 ,002127,5.3320 ,000002,3.6421 ,300144,3.6390 ,000596,3.4162 
001541.OF,汇添富民营新动力,谭志强,002624,7.2882 ,002044,6.8253 ,002555,6.6367 ,600036,6.4829 ,300285,5.6312 ,000538,4.2536 ,601166,3.7572 ,000961,3.6399 ,002466,3.4808 ,300144,3.3517 
006603.OF,嘉实互融精选,蒋一茜,600519,11.0555 ,601318,9.6988 ,0700,9.5359 ,600036,7.1967 ,0817,6.6641 ,000651,6.0282 ,1186,5.8531 ,600030,5.0388 ,000002,4.9288 ,300628,4.7800 
005629.OF,汇安趋势动力C,邹唯,000002,9.0795 ,600585,7.9332 ,600030,7.5494 ,600036,6.9947 ,601318,6.8171 ,600837,4.8416 ,002142,4.6157 ,601872,4.2706 ,002624,3.7166 ,600048,3.5852 
005628.OF,汇安趋势动力A,邹唯,000002,9.0795 ,600585,7.9332 ,600030,7.5494 ,600036,6.9947 ,601318,6.8171 ,600837,4.8416 ,002142,4.6157 ,601872,4.2706 ,002624,3.7166 ,600048,3.5852 
000761.OF,国富健康优质生活,王晓宁,601318,6.4863 ,600030,4.2163 ,600519,4.1683 ,600036,3.1314 ,000651,2.2858 ,601688,2.1760 ,600276,1.8920 ,000333,1.8895 ,000858,1.8082 ,600201,1.7827 
007471.OF,博道叁佰智航C,杨梦,601318,8.4172 ,600519,5.9580 ,000651,3.8668 ,600036,3.8460 ,000333,3.1385 ,000002,2.9753 ,600276,2.6156 ,000858,2.5531 ,600585,2.4370 ,601818,1.9256 
007470.OF,博道叁佰智航A,杨梦,601318,8.4172 ,600519,5.9580 ,000651,3.8668 ,600036,3.8460 ,000333,3.1385 ,000002,2.9753 ,600276,2.6156 ,000858,2.5531 ,600585,2.4370 ,601818,1.9256 
206012.OF,鹏华价值精选,张航,002475,8.2101 ,000651,5.7965 ,000002,5.0854 ,600048,4.7918 ,603986,4.2052 ,002396,4.1448 ,603737,4.1017 ,601799,3.9041 ,000338,3.7919 ,300315,3.4231 
004352.OF,北信瑞丰研究精选,庞琳琳,000651,6.7324 ,002460,4.3512 ,300033,4.1019 ,600048,3.3735 ,600036,3.3037 ,688111,3.2799 ,000725,2.5260 ,002191,2.2074 ,000001,2.2025 ,601318,2.1995 
004606.OF,上投摩根优选多因子,施虓文,601398,3.2310 ,600585,2.9844 ,002353,2.9734 ,600048,2.6034 ,603338,2.5481 ,600837,2.5396 ,601009,2.4678 ,001979,2.4675 ,601166,2.4412 ,601318,2.3824 
005928.OF,创金合信新能源汽车C,曹春林,300750,8.6208 ,000049,8.2293 ,300037,7.3609 ,600104,6.9014 ,002466,5.4145 ,601633,4.1487 ,601238,4.0592 ,600884,3.9094 ,600885,2.9906 ,300450,2.8609 
005927.OF,创金合信新能源汽车A,曹春林,300750,8.6208 ,000049,8.2293 ,300037,7.3609 ,600104,6.9014 ,002466,5.4145 ,601633,4.1487 ,601238,4.0592 ,600884,3.9094 ,600885,2.9906 ,300450,2.8609 
519714.OF,交银消费新驱动,韩威俊,603369,9.1435 ,600519,9.0411 ,300146,8.9749 ,600132,8.9101 ,000858,8.7994 ,002461,7.5245 ,000651,6.0577 ,600600,6.0261 ,600887,6.0202 ,600529,5.1026 
004450.OF,嘉实前沿科技,张丹华,300369,10.4461 ,0268,10.2878 ,2269,8.7508 ,600276,7.8649 ,300628,7.6075 ,002410,5.9367 ,002415,5.9283 ,600763,5.5138 ,300037,4.9889 ,000661,4.0177 
162107.OF,金鹰量化精选,乔春,601318,8.5174 ,600036,7.5303 ,600519,7.4466 ,600276,3.7646 ,000333,2.5667 ,600030,2.3888 ,601601,2.1834 ,000651,1.9264 ,601888,1.6797 ,000858,1.5350 
001766.OF,上投摩根医疗健康,方钰涵,300760,9.8775 ,603259,9.6958 ,603707,7.4138 ,600276,7.3403 ,002821,6.8330 ,000661,4.9462 ,300015,4.5471 ,600161,4.4141 ,688016,4.1340 ,300482,3.8209 
673090.OF,西部利得个股精选,刘荟,601318,7.1335 ,600519,6.2343 ,600036,4.2438 ,600276,2.9529 ,600030,2.2166 ,600887,1.9778 ,601601,1.9194 ,601328,1.7812 ,600016,1.7808 ,600000,1.6530 
001733.OF,泰达宏利量化增强,刘洋,601318,6.4511 ,600519,4.9445 ,600036,3.7541 ,600276,2.9802 ,600030,2.5076 ,600887,2.4288 ,601166,2.3628 ,600837,1.9707 ,600048,1.8528 ,600016,1.8444 
005530.OF,汇添富价值多因子量化策略,吴振翔,601318,7.7774 ,600519,5.0827 ,000333,3.1124 ,600276,2.9979 ,000858,2.9699 ,601658,2.9613 ,600036,2.4439 ,601398,1.9613 ,600585,1.8301 ,600030,1.7936 
001193.OF,中金消费升级,于玥,600519,10.6552 ,000651,8.8535 ,000333,8.1762 ,600276,6.0288 ,000858,5.8935 ,600887,3.2116 ,601888,2.8446 ,603288,2.6080 ,002415,2.5750 ,600600,2.3801 
005502.OF,华泰紫金智能量化,毛甜,000651,3.5985 ,601998,3.2587 ,600570,2.9564 ,600276,2.9092 ,601628,2.7551 ,600837,2.4593 ,600036,2.4141 ,601318,2.3109 ,603160,2.1225 ,601336,2.1135 
000411.OF,景顺长城优质成长,徐喻军,601318,7.6363 ,600036,5.3686 ,601186,3.3386 ,600276,3.1456 ,601997,3.1266 ,601998,3.1151 ,601009,2.6151 ,000651,2.2827 ,600346,2.2133 ,601818,2.1955 
000978.OF,景顺长城量化精选,黎海威,600745,2.5181 ,600466,2.4200 ,002463,2.4000 ,600282,2.3952 ,600643,2.3926 ,601699,2.3724 ,600373,2.3705 ,002414,2.3375 ,603444,2.3361 ,002440,2.3145 
001105.OF,信达澳银转型创新,王咏辉,600030,5.2546 ,002271,4.9547 ,002475,4.7785 ,600309,4.5269 ,601318,4.5005 ,601012,3.7369 ,600332,3.0186 ,000002,2.8656 ,600036,2.6150 ,600519,2.3945 
001409.OF,工银瑞信互联网加,张继圣,300450,8.0014 ,600570,7.3371 ,002916,6.4310 ,600309,6.2498 ,002938,4.2052 ,601012,4.0397 ,600276,3.9403 ,600183,3.4866 ,002463,3.2485 ,600872,3.0433 
005506.OF,前海开源中药研究精选C,范洁,000999,3.2513 ,002603,3.1510 ,300039,3.1142 ,600332,3.1013 ,002317,3.0385 ,000423,3.0345 ,002773,3.0282 ,600993,3.0181 ,002817,3.0112 ,000538,3.0111 
005505.OF,前海开源中药研究精选A,范洁,000999,3.2513 ,002603,3.1510 ,300039,3.1142 ,600332,3.1013 ,002317,3.0385 ,000423,3.0345 ,002773,3.0282 ,600993,3.0181 ,002817,3.0112 ,000538,3.0111 
001208.OF,诺安低碳经济,蔡宇滨,600176,11.0266 ,601877,10.1248 ,002027,5.5406 ,600377,5.0670 ,601872,4.6995 ,300146,4.6468 ,002601,4.1834 ,600867,4.0132 ,601668,3.8042 ,000975,3.4400 
320020.OF,诺安策略精选,蔡宇滨,600176,11.2011 ,601318,8.3646 ,601877,7.4234 ,600377,6.6560 ,300146,6.1166 ,601668,4.9317 ,002027,4.6465 ,000975,3.6465 ,600867,3.6371 ,002601,3.6062 
005516.OF,银华中小市值C,马君,603721,1.6689 ,300588,1.6023 ,300530,1.5118 ,600378,1.3012 ,300083,1.2560 ,603028,1.0580 ,300539,0.9451 ,600546,0.8986 ,002400,0.8712 ,300211,0.8701 
005515.OF,银华中小市值A,马君,603721,1.6689 ,300588,1.6023 ,300530,1.5118 ,600378,1.3012 ,300083,1.2560 ,603028,1.0580 ,300539,0.9451 ,600546,0.8986 ,002400,0.8712 ,300211,0.8701 
001583.OF,安信新常态沪港深精选,袁玮,601668,6.5267 ,002230,6.3338 ,601318,6.0900 ,600383,5.4778 ,000002,4.7696 ,600048,4.5328 ,603259,4.3337 ,600606,4.0604 ,600036,3.8045 ,600196,3.7662 
006819.OF,安信盈利驱动C,袁玮,601668,6.4428 ,601318,6.2799 ,002230,6.2172 ,600383,5.4825 ,000002,4.8069 ,603259,4.4688 ,600606,4.3357 ,600048,4.3003 ,600196,4.0260 ,601166,3.7952 
006818.OF,安信盈利驱动A,袁玮,601668,6.4428 ,601318,6.2799 ,002230,6.2172 ,600383,5.4825 ,000002,4.8069 ,603259,4.4688 ,600606,4.3357 ,600048,4.3003 ,600196,4.0260 ,601166,3.7952 
000696.OF,汇添富环保行业,赵鹏程,300012,5.7341 ,000333,5.6314 ,002466,5.5371 ,600406,5.2310 ,600309,4.3600 ,601233,4.2840 ,603568,3.8040 ,002050,3.6687 ,002484,3.5960 ,000786,3.5918 
001158.OF,工银瑞信新材料新能源行业,张剑峰,600309,7.9546 ,000708,6.0886 ,002475,5.3845 ,600406,4.4867 ,601012,4.3954 ,002271,3.8811 ,600346,3.3209 ,600438,3.0990 ,300450,2.8909 ,002353,2.8351 
000409.OF,鹏华环保产业,孟昊,002616,6.4020 ,002475,6.1383 ,300750,6.0932 ,600406,4.2745 ,300014,3.5448 ,600323,3.2651 ,600438,3.1176 ,000651,3.0398 ,603659,2.7290 ,300124,2.6994 
005969.OF,创金合信工业周期精选C,李游,600031,9.8297 ,300750,8.5537 ,601100,7.1991 ,600438,7.0932 ,601012,6.2758 ,002812,5.9041 ,000338,5.0919 ,603659,4.3028 ,603338,3.9875 ,000786,3.4723 
005968.OF,创金合信工业周期精选A,李游,600031,9.8297 ,300750,8.5537 ,601100,7.1991 ,600438,7.0932 ,601012,6.2758 ,002812,5.9041 ,000338,5.0919 ,603659,4.3028 ,603338,3.9875 ,000786,3.4723 
001616.OF,嘉实环保低碳,姚志鹏,300750,9.6356 ,300274,8.0903 ,601012,7.7569 ,600438,6.7276 ,603659,5.7837 ,300450,5.7311 ,300037,5.1371 ,300724,4.9707 ,601799,4.5109 ,002230,3.9881 
005038.OF,银华新能源新材料量化C,李宜璇,601012,7.4865 ,002202,6.7243 ,600406,6.1730 ,600438,6.0147 ,002594,3.9441 ,300207,3.4964 ,300124,3.4493 ,603659,3.3822 ,601877,2.8808 ,300316,2.8418 
005037.OF,银华新能源新材料量化A,李宜璇,601012,7.4865 ,002202,6.7243 ,600406,6.1730 ,600438,6.0147 ,002594,3.9441 ,300207,3.4964 ,300124,3.4493 ,603659,3.3822 ,601877,2.8808 ,300316,2.8418 
003625.OF,创金合信资源主题C,李游,601899,9.3104 ,002466,8.6999 ,601088,7.1689 ,600438,6.9426 ,002460,6.7617 ,600031,6.5772 ,603799,6.4175 ,603993,5.5791 ,601225,5.3144 ,600362,5.2877 
003624.OF,创金合信资源主题A,李游,601899,9.3104 ,002466,8.6999 ,601088,7.1689 ,600438,6.9426 ,002460,6.7617 ,600031,6.5772 ,603799,6.4175 ,603993,5.5791 ,601225,5.3144 ,600362,5.2877 
001476.OF,中银智能制造,王伟,300014,8.3797 ,300450,6.6899 ,002241,5.7002 ,600438,5.3266 ,601012,4.9499 ,000338,4.5296 ,600031,4.0143 ,002415,3.9510 ,300124,3.7580 ,600406,3.2415 
006138.OF,国联安价值优选,邹新进,600511,7.7957 ,000028,7.7745 ,600048,6.9330 ,600486,6.8980 ,000671,6.5199 ,600597,5.9074 ,002706,5.1101 ,002643,4.9820 ,600031,4.8705 ,601688,4.8348 
007138.OF,鹏扬元合量化大盘优选C,JIANG SHAOKUN,600519,5.1917 ,601688,4.7749 ,600016,4.6588 ,600498,4.6580 ,601818,4.2900 ,600900,3.9947 ,600036,3.7618 ,601601,3.5822 ,601939,3.5174 ,600999,3.3177 
007137.OF,鹏扬元合量化大盘优选A,JIANG SHAOKUN,600519,5.1917 ,601688,4.7749 ,600016,4.6588 ,600498,4.6580 ,601818,4.2900 ,600900,3.9947 ,600036,3.7618 ,601601,3.5822 ,601939,3.5174 ,600999,3.3177 
005268.OF,鹏华优势企业,陈璇淼,000661,10.1078 ,002475,9.6818 ,000858,7.5408 ,600519,5.6889 ,000333,5.1761 ,603899,5.1605 ,300760,4.2668 ,000651,4.0505 ,600276,3.9249 ,000063,3.9132 
005636.OF,博时量化多策略C,黄瑞庆,601318,5.1654 ,601658,3.4712 ,000001,3.0343 ,600519,2.7085 ,600000,2.4233 ,601328,2.3189 ,000858,2.1520 ,601628,1.9320 ,300498,1.8539 ,000333,1.8404 
005635.OF,博时量化多策略A,黄瑞庆,601318,5.1654 ,601658,3.4712 ,000001,3.0343 ,600519,2.7085 ,600000,2.4233 ,601328,2.3189 ,000858,2.1520 ,601628,1.9320 ,300498,1.8539 ,000333,1.8404 
002861.OF,工银瑞信智能制造,农冰立,002415,9.8737 ,600183,7.1583 ,000651,5.0594 ,600519,5.0209 ,300782,4.7733 ,000568,4.6803 ,603960,4.2593 ,002690,4.0469 ,300760,4.0206 ,002008,4.0064 
000854.OF,鹏华养老产业,王宗合,000596,10.4322 ,000858,9.7276 ,000568,9.6026 ,600519,9.5307 ,600809,9.4087 ,601318,7.0414 ,600779,6.7486 ,601899,5.8310 ,300015,5.2063 ,002120,4.7566 
001416.OF,嘉实事件驱动,张自力,300012,5.0096 ,002475,4.9001 ,601318,4.6041 ,600519,4.3132 ,600763,3.6688 ,000661,3.0358 ,002714,2.8937 ,600276,2.8876 ,000858,2.5012 ,002157,2.1096 
005106.OF,银华农业产业,王翔,002714,8.8426 ,000858,8.1026 ,002311,8.0653 ,600519,8.0454 ,002299,6.8193 ,603517,5.8947 ,300498,4.7321 ,000876,4.3147 ,603369,4.3061 ,002557,3.5647 
005612.OF,嘉实核心优势,胡宇飞,0700,10.6899 ,000651,10.6666 ,600036,8.6707 ,600519,7.1604 ,601318,6.1419 ,002475,5.6605 ,600276,5.1312 ,2238,3.5514 ,000333,3.4152 ,1109,3.2865 
001703.OF,银华沪港深增长,周大鹏,2601,6.3905 ,603517,6.0745 ,000961,4.6747 ,600519,4.3913 ,601799,4.3895 ,000858,4.1532 ,3808,3.8145 ,2269,3.5203 ,1658,3.4215 ,2238,3.3250 
005802.OF,汇添富智能制造,赵鹏飞,002044,11.9828 ,1088,11.7360 ,600036,11.7268 ,600519,11.3337 ,600872,9.2417 ,002142,6.4724 ,0586,6.0025 ,000333,4.4645 ,0939,3.9605 ,3888,3.6464 
001542.OF,国泰互联网+,彭凌志,600570,7.9755 ,002475,7.7911 ,600588,5.2666 ,600519,4.6514 ,601318,4.1024 ,300450,4.0079 ,000001,3.7905 ,300750,3.6826 ,002371,3.4569 ,600036,3.3235 
001044.OF,嘉实新消费,谭丽,000651,10.6745 ,603345,10.3277 ,603096,9.6169 ,600519,9.2600 ,000895,8.5571 ,002925,7.5068 ,601633,7.4649 ,603866,6.7097 ,601021,5.2318 ,600298,4.7474 
000082.OF,嘉实研究阿尔法,张露,601318,5.7105 ,600036,4.3099 ,600030,3.7796 ,600519,3.5858 ,000651,3.2152 ,601398,2.2063 ,000858,2.0278 ,002475,1.9652 ,601166,1.9404 ,600837,1.4941 
001473.OF,建信大安全,王东杰,000961,9.5347 ,600048,8.4807 ,000858,7.1125 ,600519,6.8221 ,000651,5.9443 ,002146,5.8429 ,300750,5.0314 ,601799,5.0092 ,000661,4.9096 ,601318,4.2001 
005236.OF,银华食品饮料C,马君,000568,7.7892 ,002304,7.6079 ,000858,7.5700 ,600519,7.4719 ,600887,7.2479 ,603288,5.3265 ,600809,4.8587 ,600872,4.5748 ,603589,4.1754 ,603369,3.8204 
005235.OF,银华食品饮料A,马君,000568,7.7892 ,002304,7.6079 ,000858,7.5700 ,600519,7.4719 ,600887,7.2479 ,603288,5.3265 ,600809,4.8587 ,600872,4.5748 ,603589,4.1754 ,603369,3.8204 
001482.OF,上投摩根新兴服务,郭晨,603259,6.5839 ,002475,4.7708 ,603501,4.0899 ,600519,3.9302 ,002241,3.8399 ,300750,3.8071 ,000661,3.7906 ,002555,3.6182 ,300136,3.5885 ,688111,3.4941 
005304.OF,嘉实医药健康C,颜媛,000661,8.8003 ,600276,8.7471 ,600763,7.8292 ,600529,6.7080 ,603883,5.6300 ,603707,5.0591 ,1066,4.7802 ,300363,4.6751 ,603456,4.4333 ,300601,4.1748 
005303.OF,嘉实医药健康A,颜媛,000661,8.8003 ,600276,8.7471 ,600763,7.8292 ,600529,6.7080 ,603883,5.6300 ,603707,5.0591 ,1066,4.7802 ,300363,4.6751 ,603456,4.4333 ,300601,4.1748 
003745.OF,广发多元新兴,刘格菘,300601,10.7316 ,300661,8.4456 ,600703,8.1667 ,600536,7.7328 ,000063,7.6482 ,603986,6.7419 ,300529,5.8658 ,000725,5.5156 ,000066,5.2530 ,002156,5.2207 
001663.OF,中银互联网+,欧阳力君,603659,5.8233 ,000725,5.1526 ,300750,5.0586 ,600570,4.9983 ,601138,3.9415 ,300770,3.7042 ,601658,3.7029 ,688023,3.6809 ,002456,3.6284 ,002832,3.4739 
000971.OF,诺安新经济,杨琨,603993,6.9334 ,600276,5.9158 ,601888,5.4907 ,600570,5.2787 ,600519,4.9292 ,002304,4.7861 ,000938,4.4643 ,002497,3.6880 ,600030,3.5451 ,601808,3.5378 
001410.OF,信达澳银新能源产业,冯明远,002456,4.2804 ,002185,2.9076 ,002156,2.8518 ,600584,2.8489 ,600131,2.0917 ,000063,2.0030 ,603005,1.9974 ,600498,1.9881 ,603186,1.9866 ,300083,1.9609 
002556.OF,博时丝路主题C,沙炜,000708,9.0749 ,600030,6.2969 ,000333,5.2251 ,600585,5.1814 ,601138,4.5319 ,688368,4.1578 ,601899,4.1399 ,000961,3.6124 ,600426,3.5558 ,000823,3.4388 
001236.OF,博时丝路主题A,沙炜,000708,9.0749 ,600030,6.2969 ,000333,5.2251 ,600585,5.1814 ,601138,4.5319 ,688368,4.1578 ,601899,4.1399 ,000961,3.6124 ,600426,3.5558 ,000823,3.4388 
005267.OF,嘉实价值精选,谭丽,000651,10.1803 ,2333,9.3276 ,2202,9.2526 ,600585,8.0809 ,1999,7.4417 ,600309,7.1365 ,002925,6.3276 ,600036,6.2062 ,601166,5.3809 ,000895,5.0265 
001628.OF,招商体育文化休闲,李佳存,000651,8.8404 ,300529,8.1610 ,603233,7.4285 ,600585,6.2837 ,300347,5.3336 ,601318,5.3247 ,300033,4.7563 ,600519,3.9238 ,000858,3.5608 ,600004,3.4685 
000916.OF,前海开源股息率100强,邱杰,000651,1.4070 ,600801,1.2177 ,000338,1.2009 ,600585,1.1895 ,600741,1.1876 ,600377,1.1570 ,000002,1.1494 ,600383,1.1385 ,600548,1.1317 ,600309,1.0938 
007615.OF,德邦民裕进取量化精锐C,王本昌,002185,1.4423 ,300725,1.2280 ,002402,1.2041 ,600668,1.2010 ,300118,1.1576 ,300038,1.1318 ,300699,1.1284 ,603368,1.1252 ,002234,1.1078 ,000933,1.1071 
007614.OF,德邦民裕进取量化精锐A,王本昌,002185,1.4423 ,300725,1.2280 ,002402,1.2041 ,600668,1.2010 ,300118,1.1576 ,300038,1.1318 ,300699,1.1284 ,603368,1.1252 ,002234,1.1078 ,000933,1.1071 
001975.OF,景顺长城环保优势,杨锐文,300207,7.4858 ,002841,6.7619 ,002352,6.6206 ,600673,5.5347 ,603515,5.4217 ,300568,4.7336 ,300413,4.4984 ,000977,4.4545 ,603160,4.4407 ,300383,4.3731 
001040.OF,新华策略精选,赵强,603338,7.7528 ,000333,6.0313 ,000656,5.6678 ,600690,5.5299 ,600048,5.3187 ,600585,5.2911 ,601100,5.1512 ,002372,3.9797 ,000002,3.9223 ,600383,3.7534 
001163.OF,银华中国梦30,薄官辉,600519,9.8507 ,000858,9.7064 ,600298,6.7852 ,600690,6.7200 ,603369,6.1777 ,600887,5.6997 ,002508,5.5252 ,600809,5.2126 ,000568,5.1974 ,600600,5.1061 
005777.OF,广发科技动力,李耀柱,3690,9.0998 ,002415,7.8526 ,002371,7.5983 ,600703,7.4632 ,0700,6.0092 ,000725,5.3148 ,300059,4.9917 ,300113,4.1159 ,2018,3.8210 ,300088,3.6104 
005570.OF,中融智选红利C,陈薪羽,600383,2.2963 ,000921,2.2921 ,601155,2.1350 ,600823,2.1339 ,002367,2.1162 ,000877,2.1002 ,600153,2.0925 ,600449,2.0840 ,600104,2.0339 ,600325,2.0122 
005569.OF,中融智选红利A,陈薪羽,600383,2.2963 ,000921,2.2921 ,601155,2.1350 ,600823,2.1339 ,002367,2.1162 ,000877,2.1002 ,600153,2.0925 ,600449,2.0840 ,600104,2.0339 ,600325,2.0122 
376510.OF,上投摩根大盘蓝筹,朱晓龙,601318,6.6647 ,600036,5.0755 ,600519,4.9162 ,600837,3.8565 ,601398,3.3420 ,000002,2.8599 ,000333,2.5654 ,600031,2.3893 ,600030,2.2814 ,603799,2.2467 
167703.OF,德邦量化优选C,王本昌,601318,4.6055 ,601717,1.8211 ,601398,1.7885 ,600873,1.7820 ,300016,1.7171 ,002677,1.6883 ,600519,1.6777 ,300130,1.6318 ,300776,1.5320 ,601058,1.5304 
167702.OF,德邦量化优选A,王本昌,601318,4.6055 ,601717,1.8211 ,601398,1.7885 ,600873,1.7820 ,300016,1.7171 ,002677,1.6883 ,600519,1.6777 ,300130,1.6318 ,300776,1.5320 ,601058,1.5304 
001186.OF,富国文体健康,林庆,002643,9.1071 ,000001,6.2385 ,300285,5.5647 ,600887,5.1288 ,002001,4.8243 ,002555,4.5957 ,300003,4.5104 ,600862,4.2273 ,603579,3.3252 ,600030,3.2318 
001877.OF,宝盈国家安全战略沪港深,曹潜,601225,7.0527 ,600900,6.7166 ,601766,6.4450 ,600967,6.4251 ,688111,6.4216 ,600760,5.5190 ,600990,5.5024 ,3888,5.4479 ,601088,4.5103 ,600536,4.4805 
004404.OF,平安股息精选C,孙东宁,600030,8.7986 ,601601,8.3475 ,600036,7.9228 ,601009,7.9144 ,601628,7.8977 ,601166,7.8926 ,600000,7.6807 ,000333,7.3266 ,000776,5.5815 ,002142,5.2089 
004403.OF,平安股息精选A,孙东宁,600030,8.7986 ,601601,8.3475 ,600036,7.9228 ,601009,7.9144 ,601628,7.8977 ,601166,7.8926 ,600000,7.6807 ,000333,7.3266 ,000776,5.5815 ,002142,5.2089 
003985.OF,嘉实新能源新材料C,姚志鹏,300750,9.3083 ,300274,7.0218 ,300450,5.9326 ,601012,5.8966 ,600438,5.7232 ,603659,4.7085 ,300037,4.6787 ,300618,4.3815 ,300224,4.3046 ,300124,3.2979 
003984.OF,嘉实新能源新材料A,姚志鹏,300750,9.3083 ,300274,7.0218 ,300450,5.9326 ,601012,5.8966 ,600438,5.7232 ,603659,4.7085 ,300037,4.6787 ,300618,4.3815 ,300224,4.3046 ,300124,3.2979 
001576.OF,国泰智能装备,王阳,002050,9.5597 ,600885,9.1910 ,002475,8.7604 ,601012,8.6500 ,600570,8.6096 ,600690,8.3547 ,603337,8.2677 ,300408,5.4725 ,300037,3.7966 ,300207,3.7919 
005970.OF,国泰消费优选,彭凌志,600521,9.0228 ,603444,8.8091 ,002563,7.9747 ,601021,7.8013 ,601633,7.2803 ,603214,7.1472 ,600612,7.0362 ,300616,6.6823 ,002831,6.5967 ,002352,5.8667 
001736.OF,圆信永丰优加生活,范妍,000002,7.3172 ,300009,4.3135 ,002179,3.8064 ,601021,3.5642 ,002511,3.4955 ,300010,3.3549 ,600030,3.2873 ,002223,3.2850 ,600323,2.8072 ,300750,2.7650 
003299.OF,嘉实物流产业C,肖觅,002120,10.3710 ,601799,10.0585 ,603885,6.4218 ,601021,5.5304 ,600233,5.3062 ,600115,4.8483 ,600029,4.3409 ,600153,4.2480 ,601658,4.1895 ,601111,4.1286 
003298.OF,嘉实物流产业A,肖觅,002120,10.3710 ,601799,10.0585 ,603885,6.4218 ,601021,5.5304 ,600233,5.3062 ,600115,4.8483 ,600029,4.3409 ,600153,4.2480 ,601658,4.1895 ,601111,4.1286 
001825.OF,建信中国制造2025,孙晟,601398,8.0367 ,300253,7.5822 ,000403,7.2198 ,601111,5.9332 ,601088,4.7764 ,000002,3.8076 ,600201,3.6732 ,600640,3.3649 ,600019,2.7965 ,600887,2.6364 
001421.OF,南方量化成长,李佳亮,600030,2.2007 ,601066,2.1376 ,600837,2.0376 ,601128,1.6129 ,002624,1.5285 ,000961,1.5235 ,002065,1.5098 ,300014,1.4805 ,002174,1.4739 ,603659,1.3797 
001291.OF,大摩量化多策略,余斌,601318,6.9335 ,600519,4.0089 ,600036,3.3148 ,601166,2.5893 ,000651,2.5013 ,000333,2.2506 ,600030,1.9994 ,000858,1.9148 ,600276,1.8275 ,000002,1.6294 
004716.OF,信诚量化阿尔法,提云涛,601318,6.7872 ,600519,5.7737 ,600036,4.0284 ,601166,3.2232 ,600585,3.1487 ,601211,2.8746 ,000858,2.6203 ,000651,2.4005 ,600309,2.2978 ,000333,2.1813 
007952.OF,招商财经大数据策略C,王平,601318,5.9515 ,600519,4.4937 ,600276,2.8103 ,601166,2.4569 ,000651,2.2005 ,000333,1.9567 ,600030,1.7299 ,000858,1.4315 ,300498,1.3827 ,600000,1.3783 
003416.OF,招商财经大数据策略A,王平,601318,5.9515 ,600519,4.4937 ,600276,2.8103 ,601166,2.4569 ,000651,2.2005 ,000333,1.9567 ,600030,1.7299 ,000858,1.4315 ,300498,1.3827 ,600000,1.3783 
002335.OF,汇丰晋信大盘波动精选C,方磊,002311,2.7066 ,601818,2.6688 ,600900,2.3974 ,601166,2.3965 ,601229,2.3045 ,600000,2.3042 ,600170,2.2964 ,601899,2.2890 ,600926,2.2743 ,601988,2.2599 
002334.OF,汇丰晋信大盘波动精选A,方磊,002311,2.7066 ,601818,2.6688 ,600900,2.3974 ,601166,2.3965 ,601229,2.3045 ,600000,2.3042 ,600170,2.2964 ,601899,2.2890 ,600926,2.2743 ,601988,2.2599 
001974.OF,景顺长城量化新动力,黎海威,000858,4.1392 ,600276,3.2966 ,600036,3.2697 ,601186,3.1173 ,601377,3.0138 ,600519,2.8668 ,601998,2.7423 ,601318,2.7421 ,601997,2.7341 ,600346,2.7238 
003233.OF,创金合信金融地产C,李龑,600036,9.8643 ,002142,9.7912 ,000001,9.7731 ,601318,9.5083 ,600030,8.6086 ,600837,6.6799 ,601939,4.5922 ,000002,4.5189 ,601628,4.0303 ,000961,3.6467 
003232.OF,创金合信金融地产A,李龑,600036,9.8643 ,002142,9.7912 ,000001,9.7731 ,601318,9.5083 ,600030,8.6086 ,600837,6.6799 ,601939,4.5922 ,000002,4.5189 ,601628,4.0303 ,000961,3.6467 
000457.OF,上投摩根核心成长,李博,002236,11.6455 ,300014,5.3071 ,600030,4.5532 ,601318,4.0556 ,600036,3.9568 ,600383,3.8401 ,600837,3.8351 ,600031,3.7299 ,601012,3.5504 ,002798,3.2707 
005826.OF,华夏潜龙精选,潘中宁,000651,10.5454 ,600519,10.0121 ,000858,9.5685 ,601318,7.6139 ,3690,7.1824 ,300003,6.6359 ,600031,5.1402 ,601888,3.9521 ,600585,3.5854 ,0291,3.5324 
004686.OF,华夏研究精选,林晶,000001,5.1935 ,601688,4.6673 ,600036,4.3741 ,601318,4.3068 ,600519,3.8163 ,600837,3.5037 ,000651,2.8362 ,002475,2.7272 ,600048,2.5328 ,600309,2.1115 
001008.OF,工银瑞信国企改革主题,何肖颉,601601,10.9750 ,600048,6.3234 ,000651,6.1895 ,601318,5.7045 ,002142,5.2639 ,000661,4.7329 ,600519,4.2527 ,601166,3.6325 ,000708,3.5796 ,600585,3.4874 
960000.OF,汇丰晋信大盘H,郭敏,601166,8.4421 ,601601,6.5161 ,600048,4.5894 ,601336,4.4246 ,000895,3.9540 ,603882,3.9017 ,002624,3.6020 ,601012,3.5424 ,000921,3.2479 ,601628,3.1190 
540006.OF,汇丰晋信大盘A,郭敏,601166,8.4421 ,601601,6.5161 ,600048,4.5894 ,601336,4.4246 ,000895,3.9540 ,603882,3.9017 ,002624,3.6020 ,601012,3.5424 ,000921,3.2479 ,601628,3.1190 
001097.OF,华泰柏瑞积极优选,方伦煜,601318,5.0772 ,002714,4.1878 ,000002,3.7179 ,601398,3.1114 ,002120,3.0778 ,002142,2.8483 ,300059,2.8393 ,601166,2.8060 ,600030,2.8013 ,600036,2.7766 
360001.OF,光大核心,翟云飞,600036,5.3761 ,600276,4.0665 ,300498,3.9980 ,601398,3.9617 ,601601,3.8742 ,601012,3.4934 ,601628,3.4216 ,601939,3.3895 ,000568,3.3478 ,600346,3.2747 
000756.OF,建信潜力新蓝筹,许杰,002624,4.5264 ,300596,4.2351 ,002146,4.0027 ,601601,3.9992 ,601899,3.6157 ,600887,3.4516 ,603063,3.4119 ,601166,3.3997 ,601688,3.3583 ,002127,3.3120 
000893.OF,工银瑞信创新动力,杨鑫鑫,000069,6.3934 ,600820,5.9155 ,601117,5.8844 ,601607,4.8246 ,600362,4.8168 ,000895,4.7651 ,000726,4.3555 ,600563,4.0584 ,600048,3.8067 ,600426,3.5877 
002952.OF,建信多因子量化,叶乐天,600519,5.5279 ,601318,4.2191 ,000858,2.8104 ,601658,2.3102 ,000661,2.1796 ,600887,1.9266 ,600276,1.8048 ,300059,1.7365 ,000333,1.7042 ,002475,1.6870 
001404.OF,招商移动互联网,张林,002475,6.4040 ,300014,5.2847 ,002241,5.2161 ,601799,4.9088 ,002600,4.8961 ,603986,4.7124 ,002912,4.5338 ,603501,4.4885 ,002410,4.0463 ,000977,3.9025 
004813.OF,中欧先进制造C,于浩成,002353,8.4680 ,603338,8.1863 ,601012,7.6470 ,601799,6.8090 ,300450,6.4823 ,603659,6.4237 ,002475,6.1802 ,600031,6.1692 ,603596,5.7208 ,002812,5.4271 
004812.OF,中欧先进制造A,于浩成,002353,8.4680 ,603338,8.1863 ,601012,7.6470 ,601799,6.8090 ,300450,6.4823 ,603659,6.4237 ,002475,6.1802 ,600031,6.1692 ,603596,5.7208 ,002812,5.4271 
001036.OF,嘉实企业变革,谢泽林,000002,4.8200 ,300036,4.5245 ,002035,3.9175 ,601799,3.8344 ,600048,3.5263 ,600519,3.4717 ,002439,3.4225 ,002791,3.2702 ,000725,3.1984 ,300207,3.1882 
005825.OF,申万菱信智能驱动,张朋,002475,8.3565 ,002624,7.3709 ,002555,6.0097 ,601799,5.3350 ,002123,5.0395 ,603799,4.9808 ,300413,4.9601 ,002142,4.9170 ,002463,4.8433 ,600519,4.7539 
005034.OF,银华智能汽车C,马君,000338,8.3642 ,300750,7.4579 ,600104,5.6860 ,601799,4.5907 ,601689,4.4593 ,000951,4.2910 ,600741,4.0840 ,002434,3.5994 ,002594,2.9743 ,603596,2.7710 
005033.OF,银华智能汽车A,马君,000338,8.3642 ,300750,7.4579 ,600104,5.6860 ,601799,4.5907 ,601689,4.4593 ,000951,4.2910 ,600741,4.0840 ,002434,3.5994 ,002594,2.9743 ,603596,2.7710 
005621.OF,中欧品质消费C,郭睿,603708,10.4430 ,002714,10.1169 ,000651,9.8349 ,601888,9.8070 ,000876,9.4474 ,603345,7.4525 ,002127,5.6536 ,603520,5.6280 ,002624,5.3863 ,000333,5.1096 
005620.OF,中欧品质消费A,郭睿,603708,10.4430 ,002714,10.1169 ,000651,9.8349 ,601888,9.8070 ,000876,9.4474 ,603345,7.4525 ,002127,5.6536 ,603520,5.6280 ,002624,5.3863 ,000333,5.1096 
005402.OF,广发资源优选,孙迪,600529,8.8740 ,000002,8.2850 ,600048,7.3219 ,601899,7.2430 ,002643,7.2350 ,600309,6.0505 ,600486,5.4578 ,603799,5.2697 ,603737,4.6466 ,000708,4.1715 
005661.OF,嘉实资源精选C,吴云峰,600426,9.2994 ,600720,7.7627 ,600309,7.2330 ,601899,6.8583 ,600486,6.2472 ,002643,6.0367 ,600583,4.8630 ,1378,4.4867 ,2899,4.4756 ,002768,3.7540 
005660.OF,嘉实资源精选A,吴云峰,600426,9.2994 ,600720,7.7627 ,600309,7.2330 ,601899,6.8583 ,600486,6.2472 ,002643,6.0367 ,600583,4.8630 ,1378,4.4867 ,2899,4.4756 ,002768,3.7540 
007586.OF,华泰保兴多策略三个月,尚烁徽,600519,5.6687 ,601318,5.6326 ,600754,5.2926 ,601899,5.2185 ,000786,4.1417 ,601658,4.1123 ,300450,3.9006 ,300750,3.5593 ,002212,3.5388 ,603583,3.3054 
671030.OF,西部利得事件驱动,刘荟,601318,8.0679 ,600519,7.9772 ,600036,6.3018 ,601916,6.1631 ,600276,4.7213 ,601166,4.6641 ,600030,3.0936 ,600887,2.9209 ,600016,2.5161 ,600000,2.4023 
006957.OF,长江量化匠心甄选C,祗飞跃,002273,1.9910 ,600895,1.7924 ,600338,1.7254 ,601958,1.7158 ,600643,1.6539 ,300014,1.5899 ,300251,1.5685 ,600720,1.5655 ,300118,1.5577 ,002367,1.5526 
006911.OF,长江量化匠心甄选A,祗飞跃,002273,1.9910 ,600895,1.7924 ,600338,1.7254 ,601958,1.7158 ,600643,1.6539 ,300014,1.5899 ,300251,1.5685 ,600720,1.5655 ,300118,1.5577 ,002367,1.5526 
005188.OF,海富通量化前锋C,杜晓海,601658,4.4019 ,000338,2.2684 ,002415,2.2433 ,601966,2.1703 ,601916,2.1560 ,000063,1.9933 ,002475,1.9753 ,600048,1.9401 ,002353,1.9315 ,002007,1.7094 
005189.OF,海富通量化前锋A,杜晓海,601658,4.4019 ,000338,2.2684 ,002415,2.2433 ,601966,2.1703 ,601916,2.1560 ,000063,1.9933 ,002475,1.9753 ,600048,1.9401 ,002353,1.9315 ,002007,1.7094 
000688.OF,景顺长城研究精选,曾理,601318,8.2576 ,600036,4.9898 ,601997,3.1301 ,601998,3.1179 ,601186,3.0174 ,600276,2.8163 ,000858,2.6622 ,000651,2.5815 ,601377,2.5791 ,600346,2.2431 
004241.OF,中欧时代先锋C,周应波,600406,8.1428 ,000001,7.3952 ,000002,7.2167 ,603160,5.2404 ,000651,5.0571 ,300413,3.9837 ,600741,3.3724 ,300136,3.1694 ,002466,3.0195 ,002475,2.8267 
001938.OF,中欧时代先锋A,周应波,600406,8.1428 ,000001,7.3952 ,000002,7.2167 ,603160,5.2404 ,000651,5.0571 ,300413,3.9837 ,600741,3.3724 ,300136,3.1694 ,002466,3.0195 ,002475,2.8267 
006257.OF,信达澳银先进智造,冯明远,002456,3.9578 ,600584,3.6454 ,002185,3.2668 ,603186,3.2288 ,603005,3.1288 ,002156,2.8801 ,600131,2.6278 ,603501,2.5787 ,603659,2.4847 ,603516,2.4625 
001313.OF,上投摩根智慧互联,郭晨,603986,6.7950 ,000661,6.4539 ,300601,6.1359 ,603259,6.0735 ,002241,5.7695 ,002475,5.7506 ,603501,5.4309 ,002768,3.8012 ,002555,3.4584 ,300136,3.2787 
002300.OF,长盛医疗行业,周思聪,600276,10.3411 ,000661,7.9201 ,300760,7.8331 ,603259,7.7293 ,300347,7.7191 ,300601,7.6987 ,300015,7.4709 ,300558,4.8627 ,603658,4.6692 ,300357,4.0797 
004851.OF,广发医疗保健A,吴兴武,300015,9.2185 ,300357,8.4924 ,300760,8.2789 ,603259,7.8008 ,600276,7.4851 ,000661,7.2196 ,300347,6.4866 ,600529,5.7704 ,600436,4.2872 ,300463,3.6947 
001230.OF,鹏华医药科技,金笑非,600276,11.2936 ,000661,11.0071 ,300760,10.6812 ,603259,10.4391 ,300015,10.0536 ,300651,5.5903 ,300601,5.3888 ,300347,4.9544 ,600763,4.1688 ,300558,3.7211 
000780.OF,鹏华医疗保健,郎超,600276,11.1944 ,000661,10.8038 ,300760,9.8873 ,603259,9.7921 ,300015,5.9431 ,300601,4.8794 ,002821,4.5471 ,600763,4.4601 ,300759,4.4559 ,600529,3.5271 
001126.OF,上投摩根卓越制造,李德辉,600031,7.4855 ,002475,6.9229 ,603338,6.2270 ,603259,6.0663 ,300760,5.4037 ,600276,4.4997 ,600519,3.4045 ,300496,3.3844 ,300015,2.9618 ,601012,2.9551 
001009.OF,上投摩根安全战略,陈思郁,000661,7.2659 ,002475,5.6745 ,600519,5.0679 ,603338,5.0443 ,300015,3.8677 ,002353,3.7579 ,002607,3.5588 ,600276,3.5119 ,300601,3.5046 ,600031,3.4895 
007950.OF,招商量化精选C,王平,601636,1.7020 ,600449,1.6306 ,600720,1.6288 ,603368,1.5866 ,601900,1.5560 ,600197,1.4539 ,603609,1.3929 ,600985,1.2800 ,600261,1.2509 ,603589,1.2315 
001917.OF,招商量化精选A,王平,601636,1.7020 ,600449,1.6306 ,600720,1.6288 ,603368,1.5866 ,601900,1.5560 ,600197,1.4539 ,603609,1.3929 ,600985,1.2800 ,600261,1.2509 ,603589,1.2315 
004784.OF,招商稳健优选,钟贇,002475,8.7805 ,600519,8.3791 ,002714,7.7692 ,603369,7.3114 ,600438,6.4816 ,002311,5.6843 ,002624,4.6629 ,000858,3.9752 ,300601,3.4958 ,600745,3.2839 
540008.OF,汇丰晋信低碳先锋,陆彬,300751,10.1236 ,300724,9.7481 ,600546,9.5625 ,603396,6.3240 ,300750,5.6976 ,002466,5.6562 ,603037,5.0123 ,603799,4.6863 ,603203,4.3923 ,600114,4.2790 
001644.OF,汇丰晋信智造先锋C,陆彬,600546,10.4335 ,300751,10.1809 ,300724,10.1275 ,603396,6.3633 ,300750,6.1515 ,002466,6.1125 ,603037,4.8623 ,603203,4.6617 ,002460,4.0958 ,603799,3.9620 
001643.OF,汇丰晋信智造先锋A,陆彬,600546,10.4335 ,300751,10.1809 ,300724,10.1275 ,603396,6.3633 ,300750,6.1515 ,002466,6.1125 ,603037,4.8623 ,603203,4.6617 ,002460,4.0958 ,603799,3.9620 
001050.OF,汇添富成长多因子量化策略,吴振翔,002821,1.7213 ,601233,1.6872 ,600845,1.4871 ,603444,1.4700 ,300253,1.3658 ,600704,1.3214 ,002916,1.3040 ,603986,1.2944 ,000807,1.2461 ,000661,1.2452 
005894.OF,华夏优势精选,李湘杰,002475,10.8157 ,002241,6.9917 ,300750,6.3533 ,603501,5.8341 ,000725,5.5169 ,300014,5.3305 ,300207,3.6833 ,300136,2.8888 ,002938,2.2204 ,002460,2.1286 
000524.OF,上投摩根民生需求,杨景喻,603259,6.0494 ,300014,4.2259 ,600519,4.0240 ,603501,4.0026 ,000661,3.9451 ,300750,3.7962 ,603338,3.5890 ,002475,3.5801 ,300136,3.5097 ,002555,3.4915 
000697.OF,汇添富移动互联,杨瑨,002410,6.6257 ,600570,4.9839 ,002475,4.8463 ,603501,4.2076 ,600588,3.8222 ,002415,3.7391 ,601888,3.1802 ,300383,3.1419 ,603986,3.0288 ,300782,2.9314 
000867.OF,华宝品质生活,光磊,000661,9.3962 ,002821,8.6895 ,603883,7.6566 ,603711,7.1099 ,600547,6.5005 ,300014,5.2468 ,002384,4.7106 ,000063,4.3282 ,002851,3.5807 ,300129,3.4875 
001696.OF,南方智造未来,应帅,600519,10.0417 ,600036,6.6980 ,603259,4.4126 ,603730,3.9104 ,002180,3.6671 ,600131,3.5767 ,601600,3.5491 ,600745,3.3797 ,603232,3.1289 ,300760,3.0394 
001072.OF,华安智能装备主题,李欣,601138,6.4246 ,000636,5.9196 ,300657,4.5740 ,603799,3.9811 ,000977,3.9400 ,000063,3.7767 ,002475,3.5041 ,603129,3.2552 ,300327,3.2395 ,000725,3.0358 
001790.OF,国泰智能汽车,周伟锋,600885,9.5131 ,002466,9.4668 ,002050,9.4071 ,603799,6.4802 ,603179,6.2125 ,600563,6.1812 ,300457,4.9241 ,603786,4.5837 ,002594,4.3034 ,300035,4.1838 
001849.OF,前海开源强势共识100强,谢屹,600519,1.6594 ,300014,1.5831 ,000858,1.3993 ,603816,1.3727 ,000651,1.3339 ,601689,1.2836 ,002174,1.2404 ,000596,1.2393 ,000333,1.1823 ,601872,1.1760 
005310.OF,广发电子信息传媒产业精选,观富钦,002475,8.4620 ,300207,6.7806 ,002415,5.6349 ,603986,5.5451 ,000063,5.3281 ,000977,5.3247 ,002027,5.0220 ,600703,4.6573 ,300413,3.9914 ,002384,3.9417 
005036.OF,银华信息科技量化C,李宜璇,002415,5.4550 ,002475,4.6245 ,000977,3.2962 ,603986,3.1580 ,600570,3.1525 ,600050,3.1246 ,603160,2.9296 ,300136,2.7638 ,002241,2.7463 ,300253,2.3114 
005035.OF,银华信息科技量化A,李宜璇,002415,5.4550 ,002475,4.6245 ,000977,3.2962 ,603986,3.1580 ,600570,3.1525 ,600050,3.1246 ,603160,2.9296 ,300136,2.7638 ,002241,2.7463 ,300253,2.3114 
001719.OF,工银瑞信国家战略主题,陈小鹭,600030,9.6591 ,601688,9.4233 ,300251,8.5818 ,688111,5.3647 ,300059,5.3584 ,600570,5.3043 ,603960,5.1611 ,002230,5.1544 ,688008,5.1122 ,000977,4.2972 
006751.OF,富国互联科技,许炎,002475,8.0742 ,603501,7.7088 ,603986,7.3921 ,688111,6.5724 ,600845,6.1685 ,300628,4.9755 ,300750,4.3499 ,300782,3.9524 ,688008,3.5950 ,002859,3.4347 
006080.OF,海富通电子信息传媒产业C,施敏佳,002475,6.4342 ,300379,6.0661 ,000063,5.5121 ,688111,5.4898 ,300628,5.3090 ,603160,5.1343 ,600845,5.0665 ,300433,5.0527 ,603986,5.0387 ,300059,4.7831 
006081.OF,海富通电子信息传媒产业A,施敏佳,002475,6.4342 ,300379,6.0661 ,000063,5.5121 ,688111,5.4898 ,300628,5.3090 ,603160,5.1343 ,600845,5.0665 ,300433,5.0527 ,603986,5.0387 ,300059,4.7831 
003956.OF,南方现代教育,萧嘉倩,300010,8.5943 ,603986,7.2492 ,002607,5.2837 ,688111,5.2150 ,300659,5.1394 ,002624,5.1125 ,300661,5.0372 ,300438,4.9590 ,002241,4.8738 ,600556,4.8178 
005161.OF,华商上游产业,童立,000878,5.1405 ,002311,4.9264 ,300750,4.8534 ,688388,4.5237 ,300769,4.2859 ,002791,4.1724 ,600031,4.0831 ,000401,4.0735 ,603799,4.0427 ,002001,3.9787 
