,EV3,PB_LYR,EPS_TTM
600519.SH,1651410189857.9998,12.141797968863317,34.293014906179586
000596.SZ,61237469440.0,7.8962412210444795,3.8739600453137415
000651.SZ,342836502737.22003,3.112350262641521,3.4214937942175676
000876.SZ,136725366741.87,5.246220295450355,1.4237315357100049
0700.HK,3995148634362.6,8.27068319757371,9.767406815447742
002050.SZ,60893374689.96,6.553570847973438,0.49681583147494757
600276.SH,429183433844.55,17.323019664007404,1.2325846623123593
601901.SH,59600414099.8,1.5745338024750084,0.0970327856001827
600887.SH,178579708363.52002,6.834010845121071,0.956307091678972
600030.SH,283775315441.2549,1.905122393442845,0.931905987179226
000035.SZ,12593648712.03,1.1657678729653396,0.29368948688185303
600521.SH,36960268108.4,6.588715119787707,0.4950687071202392
002311.SZ,70278497758.18,7.719696943218294,1.1579407008968818
600529.SH,24709010532.91,6.388424798589173,0.8131151047083565
002508.SZ,30928693789.500004,4.5056733124539585,1.5965573390368768
002572.SZ,17937194947.08,3.2945211431562895,1.0456234395763881
600900.SH,375980000000.0,2.5147452402180552,0.9508178797581819
000661.SZ,123763464682.0,15.3090336880682,9.648202085198148
002831.SZ,21488916092.0,3.3778838655044434,1.1775388080876872
0968.HK,44453592700.0,3.135647569283041,0.2989756326264266
002695.SZ,11628020669.4,5.405393368009922,0.43186951657389183
000860.SZ,40678501676.76,5.472882881449835,0.9890282363724869
002475.SZ,253818118417.5,12.50543840878972,0.945624299575501
300015.SZ,144977565423.6,21.98614684708521,0.37438374589504964
002850.SZ,12140100000.0,4.874308448671799,1.094830326047619
002384.SZ,42301053319.409996,4.892487160364399,0.44285107311719496
601899.SH,96152599093.284,1.9880999084762667,0.17533357925434084
601888.SH,180955433417.92,9.097967894935387,1.1283527335387715
000034.SZ,17908448482.92,4.096031936840125,1.0448833551617165
002044.SZ,47039051688.0,6.429935410678473,-0.34353451198172036
002777.SZ,10064465245.029999,8.845516084222028,0.7031475321198554
601318.SH,1325074959535.3008,1.9815604523846448,7.108932375964722
600031.SH,172000517890.39,,1.2067126047391774
002353.SZ,24128342058.48,2.470715709123679,1.5382504445416563
600036.SH,875059508531.7765,1.5278638211528213,3.7836076203502373
603369.SH,42903900000.0,5.9536923054567,1.1136313264886408
600760.SH,48103371939.75,5.536675075526767,0.9122149468745756
002120.SZ,66632753987.24,4.949381473275922,1.0845591717759118
300369.SZ,17750136780.64,5.246689131569839,0.23830225671450217
300113.SZ,14212059802.8,5.557389430354582,-0.01105860133624233
300661.SZ,37162827029.25,33.31677230295992,1.8385904278134502
300601.SZ,86259583457.9,31.318915054105197,0.7396055073447636
300347.SZ,58311691202.2,13.80008789622659,1.2689490284674219
601128.SH,19158582915.75,1.1319383494485973,0.674255068697199
603986.SH,99332340037.65,19.009238416970454,1.6357135405640972
002891.SZ,4665261348.72,5.527685374210017,0.47309905191553026
000568.SZ,119582392140.64,6.161866479045309,3.30060831400158
000001.SZ,270712558862.09998,0.864943331944866,1.5096940892505355
000333.SZ,394279993853.95,3.8780686514941607,3.270702179141471
603799.SH,43128273067.54,5.566554542061713,0.2547023698054639
603368.SH,8559786490.639999,1.9575148602848298,2.740468026284485
603338.SH,30089702152.16,9.381063686909343,2.0615345757447714
300750.SZ,318186228776.0,8.34368331336983,1.9267877046713962
600511.SH,24046010546.260002,2.282035145228295,2.0535693009665157
300010.SZ,15282513787.2,4.563002578596389,-0.15901999331362987
000961.SZ,31161546479.159996,1.4534804577767484,1.1432451906932677
300751.SZ,9334000000.0,6.868938233116105,4.785916695576923
601966.SH,26484343056.08,2.4020888470431196,1.4622304359084202
300590.SZ,7223447699.999999,7.190758341439766,0.9567994099325037
603517.SH,33590328057.05,7.35468723832369,1.1220337259526487
300136.SZ,41990542526.1,8.904458825841118,0.868666802583696
600885.SH,24003664820.96,4.875289031222279,0.9255251165140708
601398.SH,1780078008132.7485,0.6792023839725265,0.8830176062857714
3808.HK,49200901300.98,1.6167077582571732,1.2074618047457737
600426.SH,28368946040.000004,1.993434431915713,1.3772793849297615
600837.SH,125382265715.40903,1.1785295718941637,0.698674935863394
002714.SZ,271828206102.6,11.763515700819013,4.892793344032382
0914.HK,343883276544.48804,2.06058616278966,6.125676632362758
002157.SZ,46186614125.729996,4.916990295582128,1.1838909826508668
600176.SH,30435046517.809998,1.945150476336893,0.5538017644238687
000002.SZ,291673296104.015,1.5782019309516746,3.4507455463569388
300760.SZ,323629171921.86,17.4058653155977,4.103198319761557
002643.SZ,14173386821.85,2.941372784366107,0.5824778928245405
300207.SZ,24964943116.21,4.3270123251901715,0.32801413071999713
002027.SZ,73389401400.0,5.3264061612376885,0.10715344851347977
603993.SH,73425040488.9996,1.9321536292932249,0.09182253913737055
002405.SZ,29776528920.6,3.817726661136534,0.11448270701881093
002236.SZ,52136873616.799995,3.3329188898130795,1.0620792495760287
600104.SH,237057431095.84998,0.9493613262690678,1.5811577911440287
000069.SZ,53070216505.049995,0.7732023257931763,1.4605720921475194
2382.HK,126905510290.0,9.056037707307985,3.6388741319799784
000858.SZ,554681783914.5,7.4663689932941955,4.799902619435164
601668.SH,217798721142.09003,0.7857162453754079,0.9673724966573427
600570.SH,83037340828.26,18.539410502813435,1.2115965759004133
002555.SZ,80181074418.12,11.406681287197761,1.131121914444839
002415.SZ,297545140560.64,6.626245236158396,1.3242081232498568
601601.SH,248750459608.0,1.507903960723433,3.3822555727212538
002202.SZ,41100160480.59979,1.4241899639117968,0.680735025261005
002142.SZ,157590267181.78,1.8253279389612245,2.5456995594732708
000708.SZ,81057123533.98,3.2108021986131026,1.306120092028302
300012.SZ,29039938109.28,9.227408787640794,0.26797659985322
000977.SZ,61636663008.83,6.196437079029677,0.6751009953772183
601012.SH,117686922818.4,4.259575083457792,1.731747323072669
000878.SZ,16741833816.0,1.9997089447677228,0.3631690932019523
002624.SZ,58933937491.8,6.193978501575448,1.2612444967250018
002367.SZ,6261573592.95,2.1244583477368835,0.28575698774020425
300014.SZ,65591374557.600006,8.684037340436634,1.6243151840561023
002078.SZ,22289248935.2,1.5275616699571897,0.9005000580853307
300450.SZ,34438105768.9,8.038474021932537,0.7555247028386655
2601.HK,272370422661.1773,1.1146305201567028,3.3822555727212538
300285.SZ,23361020680.75,6.396308896672956,0.5146672379921886
603659.SH,35122158854.700005,10.301517417040975,1.4130093311153011
600068.SH,30299435370.96,0.5767572455920708,1.1184783977328108
002705.SZ,24036171821.149998,5.590794266442394,0.901888101354795
601166.SH,340073502593.87,0.6281836533801352,3.234542361019067
603259.SH,170537005106.4557,9.88067173291983,1.0726699649343834
300271.SZ,22096366737.9,3.722004178992037,0.6121267980112494
000625.SZ,44962375375.0207,1.1649841409120543,0.016805489311811934
600406.SH,92438816360.0,3.0284910011648267,0.9394927655107851
600309.SH,147034334495.58,3.470730014119768,2.774513331436573
600536.SH,44016087598.0,19.366329260143036,0.0077713681657508955
600763.SH,40990617600.0,22.958250402178205,1.0910080237961577
002410.SZ,59010908587.200005,18.05041715758812,0.20582457661223935
002616.SZ,7426250271.44,3.0831616131566166,0.4042215266316928
000999.SZ,28466412000.0,2.2657405702017694,1.510839395729901
000725.SZ,133085136920.67139,1.4130492632298948,0.041195528040337145
600170.SH,28850248638.72,0.8728180714238412,0.3073558426679478
600585.SH,314061718802.55,2.350543182349443,6.118685561660962
601222.SH,9122317799.37,0.8864686338110411,0.38522191886193546
002456.SZ,42836171903.75,4.528715895741853,0.3344235233378781
0981.HK,88838799234.23999,1.8300835675277853,0.04293361545626747
603444.SH,29859721356.0,9.723159804094571,12.773239756785793
601658.SH,429352233681.8304,0.9066148786366074,0.7186483475809858
603806.SH,25727598000.0,3.942936158541996,1.71435836427478
002273.SZ,18447978229.8,4.011852915288249,0.42093917811310694
000157.SZ,52987807618.26352,1.3991705520101991,0.5582729982986758
002025.SZ,11879010000.0,3.918160567099443,0.9265072360839159
000913.SZ,4635137920.0,1.7178270724160665,0.5061207445274466
600466.SH,16890529795.999998,0.879103761352481,1.1531403349219136
300699.SZ,28892829000.0,8.902462719191027,1.0319383901417962
3690.HK,650263733470.7999,6.323719310332856,0.3842235196885993
600999.SH,112633101177.7416,1.4470379653200915,1.037841101259869
600690.SH,98107775497.73679,2.041316062514435,1.0852252794323745
603345.SH,24869187241.289997,9.064250217693251,1.676420755588256
300220.SZ,6545700000.0,24.70198627412322,0.05092372547619047
000895.SZ,142164856197.69998,8.622479579224409,1.6940348368151248
000028.SZ,16431854978.06688,1.3790154192028026,2.8494836234370213
600048.SH,189610208324.18,1.2152790981470125,2.348030181836773
600009.SH,132960132912.0,4.154429829271251,1.9302915146564696
603658.SH,58781601742.49,22.989213892488777,1.7329583335666299
603883.SH,22747174046.88,6.523141950106764,1.903003480599269
600674.SH,39046986057.6,1.4393122329596535,0.6206907850064793
002376.SZ,6756980880.3,1.8941547706778088,0.40131672538676844
300357.SZ,28221177600.0,22.203988989166625,0.5224139367704131
300037.SZ,17512101881.190002,4.967228001842703,0.956799931851685
603160.SH,109968406634.94,17.077366868477547,4.62193554989591
002466.SZ,27710384425.08,3.07697476170757,-4.464798510162264
603708.SH,22772412000.0,7.805753147991383,0.8096582383793557
600438.SH,62859964327.44,3.5762528456658225,0.5803371412488051
603377.SH,9219840000.0,5.22629528790116,0.29011834954081633
300003.SZ,70553455671.6,9.42878021108406,0.8567284678562824
600967.SH,16642873397.449999,1.813148585098799,0.3444489647474483
0268.HK,38884431949.28,5.8179915394883714,0.1119145679092421
600745.SH,128477052938.7,6.063277691997607,1.642362934001653
300529.SZ,49130145296.0,22.93154291784018,1.4944312913840847
300558.SZ,40645360000.0,16.5188795466805,0.7720527580049875
000538.SZ,116869629472.32999,3.0805348168347684,3.6163312746196663
300523.SZ,9875467733.1,6.502669923377441,0.437334596648544
2020.HK,183467701200.00003,8.18391340348963,1.9778285051080153
601688.SH,154635732430.68826,1.3570070916833534,1.003681664364055
300166.SZ,16434324102.2,2.9680147204388327,0.4768799514996582
300274.SZ,16068645735.5,1.869708571570829,0.6046487443599909
300379.SZ,13614712267.199999,8.224910891730701,0.3023305081853577
300724.SZ,22003570000.0,8.621236067064345,1.1668401838303968
002299.SZ,26864426464.079998,2.5448541702548133,3.327613452580057
000100.SZ,64124799528.060005,2.1295468425740403,0.16607994903687454
600050.SH,162573660279.88,1.1342825673323604,0.15319121172645583
2238.HK,104618591813.74327,0.8405846206205135,0.38649185381452794
300496.SZ,25740840453.15,13.434804817518541,0.6310538461865445
600720.SH,13196934794.0,1.940023891428918,1.5893828958430787
002304.SZ,150427542160.0,4.120305129840315,4.88671861746079
601211.SH,138741170543.35822,1.0806034328372731,0.8371544645855885
002821.SZ,43490591169.520004,14.280259821879914,2.4627219372684404
2269.HK,162353808864.0,11.375873393472473,0.779303330702794
002812.SZ,44778614812.0,9.839177005371527,0.9632430472861586
002841.SZ,50518787842.95,10.249947909165645,2.416031692859056
300413.SZ,84567931772.5,9.627651088589932,0.6842502115215721
601689.SH,25741701075.6,3.4901671385567425,0.43257349832978953
603043.SH,12055246130.56,5.506570075504624,0.8684156336734111
603008.SH,4529375573.46,1.7061076659968994,0.7736903436281904
300498.SZ,160407588319.4,3.555771782443128,3.072539162217569
600820.SH,17921347735.8,0.8162957162933496,0.6296497610355798
603501.SH,180461601684.06,22.767174450439047,0.9954790777227618
601799.SH,29882757654.719997,6.116922826616777,2.8210006463321324
600183.SH,73634789849.0,8.335469391568338,0.6760151150517952
300188.SZ,17411314961.54,5.880633134563483,0.32219966367060726
002531.SZ,10852016186.699999,1.8678537158753221,0.4454776717519877
000783.SZ,35610421661.64,1.273411097887062,0.23996749261224146
600984.SH,14881466152.35,3.9178182791730123,0.4474291369863743
002185.SZ,36880450798.04,4.747675051191519,0.12145682752260327
000049.SZ,9841892555.0,4.477291950619802,2.3240570569356316
002123.SZ,12986751701.2,3.1091988306544964,-0.3709264029164497
300569.SZ,3483770230.08,1.69521068072287,1.1819018165612625
6169.HK,23744841701.13,5.8587313429824635,0.05144176934824
002271.SZ,61017531172.39,6.264631516145985,1.3183873368399897
300253.SZ,42461045309.020004,11.373502132960432,0.21488994600825084
300782.SZ,64750000000.0,38.018749502923605,6.0720325251
002127.SZ,37117640493.36,7.6393754104861396,0.4939500247215291
300036.SZ,11804851257.42,5.54746649113353,0.48992135516956925
300009.SZ,17949600254.15,6.833574287433017,0.13283251889259456
300662.SZ,6961540530.0,8.082401374231061,0.840365370926067
002332.SZ,12744511229.06,4.3326206127835665,0.4580956822723527
002603.SZ,39060631674.350006,4.916741375126443,0.6281443258499939
600584.SH,42828808109.6,3.391727753331308,0.16780346521253497
688111.SH,126715070000.0,20.880513168424933,1.004582354859002
002343.SZ,3975328871.8199997,2.423119534023483,0.30127746485129797
002460.SZ,59458137322.3552,7.680875293052027,0.08747380435324563
1888.HK,23446410000.0,1.253723379965438,0.77969717624148
0005.HK,818307464875.6,0.5711988905000298,0.17495990950267698
601998.SH,226747371965.63867,0.5224654240425123,1.006481646924886
603068.SH,10884851012.98,8.623929748131804,1.8141324610762204
601818.SH,183259903189.2116,0.6051239003669441,0.7325678961363492
000338.SZ,112659812603.828,2.5227590503865596,1.081165599597673
002818.SZ,8601347013.0,1.733426799841485,1.0250940787439546
601717.SH,8778322548.42448,0.7714196469268808,0.6142666414048735
600895.SH,20566597224.0,2.2101354910929945,0.4592863934737598
601066.SH,233334156022.0841,4.759571482231983,0.7800513395307432
000623.SZ,18108462018.78,0.8138818034851756,0.9348400755287722
002174.SZ,17511814044.99,3.5385043956041016,0.5029159927772708
601916.SH,83087026709.79999,0.7835622121776605,0.6120004500446876
300440.SZ,5367040000.0,4.139035319333371,0.2914211426116071
600801.SH,46751182025.394,2.718519777560688,2.7117931809644236
300326.SZ,18580491758.1,6.760709233318342,0.3871818243599407
603096.SH,8574467960.0,4.492756514336157,1.7956420875336272
002563.SZ,19834240335.0,1.6859043565129344,0.45207409575139645
000513.SZ,35690321402.36563,3.4839277210169466,1.3971687992187625
1193.HK,93853343156.20001,3.502586770881923,2.267737325518383
0006.HK,107566787361.59999,1.2582088073925044,3.3412023247642533
002627.SZ,3149654636.39,1.4267147646514036,0.1730783167764745
002241.SZ,67368357960.48,4.18250906663993,0.4226185592838211
601088.SH,303449937211.89996,0.885902151546716,2.0347296265186574
000631.SZ,7200256737.28,1.1063038881078044,0.19618162737125036
300146.SZ,30130658228.16,5.028335028278479,-0.20143256509123517
600038.SH,25901606901.039997,3.16841879924677,0.95225606500461
2388.HK,254275365397.30002,0.9120906418156774,3.0440432119352248
300416.SZ,4619126344.89,5.468831882711218,0.6100871763946543
600703.SH,98086119518.40001,4.51069004972874,0.2620923729235307
603233.SH,37865386230.35,8.930718040840164,1.4606072547564606
688029.SH,24471890200.0,9.887576365292496,2.1526476230688467
300251.SZ,32152348414.72,3.5985459363497765,0.3018345845005398
603678.SH,11461501854.0,3.6818963567510012,0.8349808382980871
000656.SZ,43465286742.240005,1.5882324068415419,1.0899682602921503
000063.SZ,180230218233.68103,6.798479391086816,1.0981946271966205
002607.SZ,161092472040.68,46.944577329229865,0.2942340670974828
600546.SH,20716666663.0,2.455475290933875,0.5837017974026906
600298.SH,32040267063.840004,6.370037256721829,1.1744544008949376
002138.SZ,18658206711.56,4.223486033515923,0.5112929045640948
300451.SZ,18464195559.68,7.129766790142672,0.279314678404445
002439.SZ,38762396967.840004,8.883737891251398,0.695642962814149
1787.HK,115671834376.83427,2.7277679463734392,0.4830107612655907
603899.SH,48484000000.0,11.539687149193346,1.1214586828152175
300630.SZ,20814835708.5,18.163961245014143,1.0959449440639817
2313.HK,137319365965.95,4.886609831183642,3.389522408772359
601877.SH,54759826343.97,2.2608568329091034,1.6566462845942238
600383.SH,59863378164.72,1.1066529160036567,2.1861304091703277
603707.SH,43345553855.369995,14.611717182057747,0.9192913352115792
002352.SZ,202661014291.28998,4.7775196111506215,1.2324848377224151
601928.SH,16898136000.0,1.2147530438358631,0.5042402856733075
002675.SZ,13509289249.84,3.1470280237061363,0.20451373936196698
603960.SH,5536440000.0,9.133583928841071,0.5965794147132454
601117.SH,29696659999.999996,0.8450395474054709,0.6017508020008109
603885.SH,18717692374.64,1.4510929478257453,0.052192888677389075
002230.SZ,75345167546.09001,6.598829875215766,0.26646706422419375
300115.SZ,18497459126.46,4.3402455794804595,0.13564301417968733
601933.SH,95608916458.92,4.755256028616072,0.2097401267512547
300122.SZ,130224000000.0,22.658143370626927,1.48796001875625
300476.SZ,18076279420.0,5.435236831226035,0.6036373038579639
300628.SZ,56312878400.0,12.810392341887185,2.2358477771808762
300043.SZ,4466672259.59,1.5159194098927633,0.19215737555026804
6098.HK,99731063700.00002,16.626558439990575,0.6105991507638959
002916.SZ,86977968000.0,17.39279725082879,3.8978888668670435
600754.SH,24179337539.2,2.0350993468237655,1.0101683241844313
600016.SH,249955801911.79385,0.5229055786797769,1.2488346206252248
000403.SZ,10747734728.57,13.430940499056945,0.5909907418327505
601838.SH,28283927945.22,0.7955897131152556,1.5773611726209968
300226.SZ,13113751417.0,11.48215278196476,1.1530473919583983
300759.SZ,50238749067.36,6.586601982345194,0.7481400970298798
0388.HK,307830798106.0,6.968754626264913,7.134198441196176
002035.SZ,10169994790.8,3.3813762442962596,0.7611794752112215
002179.SZ,40403295157.5,4.94921450792341,0.9100622882277841
601939.SH,1413460637982.1396,0.7430282240210594,1.0826404613179714
002048.SZ,10958977995.0,1.1978397283851443,1.5046380033177538
300039.SZ,5575180000.0,2.1697599317191423,0.2218602906787763
000776.SZ,94611351444.81664,1.1544319972045505,0.8778686454983677
300059.SZ,123567199251.99998,5.825209750927456,0.3453469014358462
601997.SH,25486786987.2,0.6530265134567452,1.865231057326879
601186.SH,127612254532.0192,0.6312465747112943,1.419944259531885
300033.SZ,64791552000.0,16.238273491294212,1.718990832049851
0939.HK,1547675015309.806,0.645674536485619,1.0667931571722091
300316.SZ,30134120479.440002,6.621307000398311,0.5023896556842178
600486.SH,24977851904.199997,4.941828515701063,4.1581341355940955
300660.SZ,4090299909.4,1.7646128303149218,0.9062064604297251
600338.SH,7606228597.76,2.7520664665461556,0.6587226605206605
601077.SH,51596623742.84651,0.6398599769924113,0.8392866954301311
600532.SH,2575167942.8,1.381278507338381,0.08822954522148846
300482.SZ,29436228578.7,13.23971519738822,1.2044275680678165
601009.SH,77654451710.48,0.8938071841711943,1.2874664882413607
000723.SZ,27711018231.52,3.3925202475858827,0.12754702963619421
601021.SH,32204644557.690002,2.141472718958277,1.242630133076385
0874.HK,52811698363.645325,1.2465048375772454,1.8242841017317042
0548.HK,21386042638.949722,0.9100568385935253,0.8708970079777213
002683.SZ,24075269602.8,7.3291187030293266,0.44287742724492457
0386.HK,556870540119.5358,0.5436249031413227,0.18874842389711757
002609.SZ,6983225197.62,3.3993959617751996,0.21702560137841764
300454.SZ,78184167549.84,18.094112768120407,1.4678337407221145
300124.SZ,60055156798.08,6.968693647834557,0.57474765350264
300433.SZ,80706813942.37,3.6095243481632617,0.7866736221659413
300546.SZ,3155725650.0,3.695300773046199,0.7220796239701636
300595.SZ,27511383853.199997,20.67858680629037,0.7274600646927771
300572.SZ,8663864492.16,10.209224034121435,0.8938474869586851
300596.SZ,6367623645.2,3.3342281891681997,1.328927193993359
600132.SH,27329853551.059998,19.26378219844484,1.2507931052954933
002013.SZ,30024106045.440002,3.079396781459789,0.26802966575084475
1299.HK,842085851277.65,1.880228127379165,0.5499185194588965
002371.SZ,77312484103.95,13.202503915893958,0.6374353281705526
002737.SZ,8240240000.0,2.5558110793927313,0.9529324303938356
603396.SH,2147320480.2,2.317666633638007,0.4889444947724855
000938.SZ,85373384250.84,3.0292995399811136,0.8412434615046359
300144.SZ,43970438106.0,4.5735512553387565,0.7018752371768897
2318.HK,1450896723387.4614,1.9119955961644157,7.108932375964722
603711.SH,11361708787.0,4.48349220499159,0.5018902563089606
600377.SH,50836083081.8,1.8617811554593902,0.6218140620426093
300315.SZ,15607360526.720001,2.8130379009797246,0.09826505116008294
600673.SH,20283528553.07,2.9289749920898984,0.3190642454710166
002597.SZ,11873969026.25,2.649218609600953,1.3960180256127521
300001.SZ,19901522996.25,5.931730004026973,0.161584487435632
000951.SZ,17253487368.0,2.468594979778812,1.7514353409306298
601607.SH,46965002639.51312,1.264164779541948,1.4048524916804146
2899.HK,105282716246.15013,1.4744609604911145,0.17533357925434084
300383.SZ,42976446799.85,5.147863857856743,0.5510125533263293
002396.SZ,22893750911.5,5.416423877618634,0.9665568710176754
688388.SH,13621684000.0,5.397726922533726,1.1841717666626241
002381.SZ,3362545396.88,1.892860518803592,0.6059906402973744
600498.SH,40855653880.26,3.561877447003232,0.5310414968177968
002244.SZ,13503666482.6,0.8150760887602276,0.4874470974663791
601111.SH,90629845608.42374,1.0816835518397079,-0.07707154863877877
002614.SZ,5169135525.000001,1.5262140301417306,0.3933062815577659
601336.SH,119641840411.86623,1.6666936163218904,5.073493692961663
603730.SH,11957746422.0,3.1992754172628817,1.5503188273269441
0522.HK,33795215802.45,2.9062863274828445,1.302990512249005
0788.HK,299214400740.8,1.468184400087609,0.02966902655093199
002918.SZ,11089099893.0,3.795249623254124,1.0325255330003544
600332.SH,48231867881.55,2.1074622606744824,1.8242841019961906
600033.SH,7574543999.999999,0.7964192866534693,0.21633919351406497
002032.SZ,54637318811.4,7.992098573152759,2.084550818503476
603186.SH,7436331500.0,10.012004783415302,0.8102993935059914
2883.HK,53434309287.03574,0.7214161712969804,0.756718571495635
000719.SZ,7008945680.65,0.8469144905530366,0.80544813068311
600873.SH,14062432060.140001,1.5661059555948789,0.2874947674840642
601958.SH,19424158488.0,1.479166113910088,0.17621640993547272
002204.SZ,7957244531.84,1.193861900227994,0.02665703634568976
603816.SH,24877337482.600002,4.212085961841737,1.9487210439487241
002540.SZ,5514098030.0,1.1933505551294834,0.2657525371980737
000573.SZ,1738598018.72,1.0073845645106287,-0.029111817144979336
300118.SZ,11086727274.300001,1.3441027894302555,0.9391332135427128
002901.SZ,35841820410.0,20.816084891204095,1.1733083119564685
601628.SH,687825098542.4,1.955884768577684,1.7457461523125748
601633.SH,66028529795.951996,1.4076998337472764,0.3367324618404476
002746.SZ,6366498176.03,1.931680194292556,2.170740533072789
000963.SZ,38075855764.48,3.093214667996852,1.7448484696347077
603589.SH,25488000000.0,3.63503916940108,2.364252538066667
600809.SH,94430087621.09999,12.680378011808418,2.622811263679657
603308.SH,7480458778.38,2.0800848698784007,0.2687854347355995
300659.SZ,13515607304.0,23.50218334990571,0.8211495783417294
002773.SZ,35050175290.520004,7.585718580223604,0.7809379128736937
2328.HK,161037620793.72,0.8487892532323555,1.091680808083919
600600.SH,68917466044.41907,3.9011075610481587,1.170816532123194
600855.SH,7930223209.48,4.687787423835051,0.07807010723126878
0817.HK,65473484084.399994,1.489626105177338,0.5479208583700156
002449.SZ,6586781849.85,1.7999963873818834,0.5545218727548535
002541.SZ,9269823698.1,1.8772346310954668,1.0172748304327321
000671.SZ,28240013053.5,1.0559216098175934,1.0129071079145562
601138.SH,286703772621.56,3.211263317232351,0.8864445737708031
603179.SH,5709458319.5199995,3.3543583641422994,0.714578758852941
002292.SZ,8848680103.0,2.195221889852793,0.016003336409549936
300725.SZ,12239056519.53,16.51991753550896,1.0136770313891752
1093.HK,98284693231.28,4.768864883451886,0.5955587654148664
600547.SH,105640772899.6752,4.892244251880997,0.4797470088859184
600340.SH,70812218861.5,1.4152176832745518,4.823686775999854
002600.SZ,63696632515.2,5.4819845207149305,0.19876866854318267
002001.SZ,58185775084.0,3.4535465712100892,1.191095972410369
603515.SH,18516001359.949997,3.6917316784736376,1.0542438755842753
002648.SZ,15090394212.960001,1.6326887849549967,1.025953167144517
603983.SH,31185770000.0,11.680413158216725,1.2806031557356607
000591.SZ,10133920367.84,0.7602273943786974,0.3125538123859874
600741.SH,70242690363.52,1.4212551433023677,1.5074298499230754
600362.SH,36258414968.3964,0.8527884718489791,0.5441715671687029
600845.SH,50124912392.472,8.673116403893346,0.8352354413047246
600233.SH,39524062784.12,3.0653864881887536,0.4973233793435122
000401.SZ,28594436235.079998,1.8626925751490033,1.7622770207601828
000703.SZ,34697468037.54,1.4921711384514704,1.2631404100437045
300406.SZ,8987022059.13,4.5597491944554,0.5662703743561252
002876.SZ,5163600000.0,5.554567112219866,0.7394153180769231
300769.SZ,6998748313.6,7.3834100647493495,1.8993557402758379
600886.SH,51641637670.670006,1.2788119120639083,0.7638099854771985
600510.SH,9685628981.25,1.1479258456373505,0.8974061643927683
2018.HK,47191925000.0,2.1845465846214234,1.8389532478278858
002938.SZ,99114153390.08,4.998380091819779,1.3183514693913296
000786.SZ,40869194697.98,2.9293494022239566,0.08661923138324208
002458.SZ,16967830571.509998,4.712333264640476,2.0276147510357947
601577.SH,26996059119.059998,0.6643924667435948,1.5328144396003547
002419.SZ,10994748000.0,1.5820745412441466,0.4128147941597934
002180.SZ,33910231468.11,5.8767919589399575,0.6429524754059834
0763.HK,197343879460.49518,3.396837427490271,1.0981946271966203
002594.SZ,147498156031.90002,2.87318187383,0.3582488351769248
002511.SZ,24306110939.61,5.961757261408675,0.5072109040947056
600588.SH,118555394316.8,16.528850645166717,0.3447333819833492
002317.SZ,10913778418.4,2.6842583843413923,0.30014866780447585
601169.SH,105292061674.56001,0.5083405108630853,1.0298451590315785
601377.SH,40849697211.399994,1.256703082988351,0.15458054526386505
603005.SH,24408035682.85,12.294355373789713,0.7273944117465796
601229.SH,115499078331.00002,0.716155442605608,1.4440750751448521
600000.SH,306435719344.68,0.6498312403134264,2.037777192996287
600551.SH,3727932431.52,0.8175612584711293,0.3529817454997347
300016.SZ,4457155782.76,3.0728258956921524,0.6643696042609127
600643.SH,12942941166.960001,1.2007914092967222,0.8277988248355538
600919.SH,69959703523.92,0.5268352061296285,1.308254906036109
600961.SH,3196394958.8399997,57.077741833209785,0.3157095237744409
002745.SZ,14649123153.800001,1.4169715631342792,0.3394320344126234
300377.SZ,7754862235.999999,2.7610667795766117,0.11198477515081418
603337.SH,8143024190.400001,3.064657766143828,0.5210098612737138
002925.SZ,23776863960.0,5.728800262531901,2.154642058492772
300449.SZ,2755103978.9,2.971605531850534,-1.6104789630820129
603214.SH,4175029572.0,4.118645391020847,1.017016076415183
600867.SH,27621564060.86,5.523876533641435,0.4007134577938229
600612.SH,17861096757.549557,3.219199719156085,2.6875613028885788
1999.HK,17119689400.0,2.750930006361641,0.36990969298777115
600236.SH,34288343438.699997,2.36253188140315,0.22874096359381782
002727.SZ,14733685865.25,3.2065136932679534,1.115553462362394
300502.SZ,17734436250.0,13.354306225278021,1.0008554072024702
002461.SZ,16378630752.0,1.9097064780823456,0.22061324568506885
600562.SH,9335260785.0,5.16574319659165,0.03439571364904296
001914.SZ,30527363067.399998,3.8237396803822286,0.2740230335462368
603939.SH,36736536956.700005,8.148630410289103,1.5502690069826575
300651.SZ,3283042890.0,4.906073848481288,0.3341159548999983
603127.SH,16613179191.6,20.100186642473723,1.146942910055423
0291.HK,130415911581.00002,5.939194980987707,0.4044169101807967
603489.SH,10296000000.0,5.192869091475207,2.5976680896666666
603599.SH,7592857065.9,1.4930720533043313,1.044877689440478
600597.SH,15550991364.3,2.7196850331031595,0.35474520548988303
002146.SZ,35089682277.57,0.8581981628388217,2.1205383065266643
600563.SH,11614500000.0,4.412487300298188,2.000200327111111
603737.SH,21226036288.56,12.305558974744162,1.5125668745603325
603288.SH,352300985573.76,21.246046339402795,1.693804017765091
603882.SH,32509804967.0,14.291412772023623,0.890821962496457
1398.HK,1949104336164.9753,0.6096088838904292,0.8703214206549169
300568.SZ,7370410927.5,2.9856907015459475,0.3067913653830803
601636.SH,14725599207.2,1.787681856159554,0.4828190467179701
300078.SZ,11215407911.4,3.8781786347285268,0.1621129918132458
0966.HK,45859676544.88,0.6009843598926261,2.4571887725749955
600115.SH,61210339309.957825,1.0063922881509393,-0.16752638714580168
300031.SZ,8526541870.139999,3.2343169596674466,0.8466631796909087
688368.SH,5003152000.0,4.4169900785446075,1.3615449581168833
002791.SZ,24186238800.0,7.876966177523213,1.3710732407476518
600060.SH,15309230297.4,1.0501158649911155,0.4437662829524351
002111.SZ,5525043982.88,1.8911021662105123,0.8545264494618492
002568.SZ,20994829033.5,10.491452301886213,0.6147263787708662
601233.SH,21805627654.600002,1.1473063271226112,1.5106428721417264
300770.SZ,21076353939.03,9.650392837871927,3.6295083645321684
600131.SH,23872029043.68,8.721967819606196,0.44308137954765153
002803.SZ,6898178732.009999,4.903169305180717,1.4714147521309666
002832.SZ,6600195583.0,3.371958982419173,1.2125098406851256
001979.SZ,131985808400.46,1.3915876896981783,1.7602904086689326
600323.SH,16850145755.82,2.5693633007063843,1.1191474246282564
000423.SZ,20085001401.27,2.013548939366753,-1.4081543269117145
300747.SZ,18624000000.0,8.112982569873198,1.227931874375
603601.SH,8657641782.310001,6.076081297928292,0.2621834217855635
002156.SZ,28300373151.16,4.631094433114097,0.052561463802537484
0941.HK,1210101039212.7,0.9820717746365896,5.2082288137695
601328.SH,357151021804.3503,0.5204874680827303,1.0457601479036025
002724.SZ,4442400000.0,2.131744652595227,0.3467889153611111
002677.SZ,7203475864.05,4.741474407358666,0.6268591495131658
000425.SZ,46296980421.3,,0.40578824831624893
002379.SZ,2797728000.0,1.7656724599778777,0.2778801985211572
002248.SZ,2638312248.0,20.03211355135522,0.1063246252304098
601163.SH,10768000000.0,1.0692199782458123,1.069108036375
600872.SH,40636463265.939995,10.29038954954027,0.9224632096954288
603021.SH,1903691016.5,1.5356470088763958,-0.2674798641854598
600380.SH,25134743964.84,2.4270789624016085,0.44620106504665935
600779.SH,22404705710.28,10.608321167371251,1.6347726399179143
300302.SZ,6171144017.8,5.012725324259582,0.010611887120829389
688358.SH,6000000000.0,5.124711391079818,1.461588422875
603456.SH,16508021981.789999,5.782902797045553,0.2815238032880649
1521.HK,7786279712.599999,3.77854189224292,0.009133584025361541
1186.HK,139729605960.95306,0.4687044752727055,1.328665551778755
300073.SZ,10974843285.49,3.6306631611577083,-0.5500860044227646
300463.SZ,20975068416.4,6.709063921775259,0.8649446040844523
300233.SZ,7835524103.34,1.9279530347315184,0.5245913896336513
601100.SH,65126880000.0,11.663601949397682,1.4933528047505669
002706.SZ,11029473535.5,6.105215262576496,0.35077350892162174
603037.SH,1652966194.0,1.9558205773609865,0.4780216185977243
600477.SH,8722636514.55,2.495807418044414,0.27477789993684604
300457.SZ,15908911970.4,5.058745223642255,0.657292160605568
002739.SZ,35686613704.96001,2.5799770214681144,-2.768890921821403
600583.SH,22283628192.0,0.9833626836990811,-0.0035670214048417925
1066.HK,55534240938.71999,3.0735821776204935,0.407949453473203
3968.HK,958150302789.6992,1.4343804443395727,3.717389927093075
002912.SZ,20873364800.0,13.736042277229338,3.1243350521926536
600138.SH,7354214400.0,1.11559284319962,0.423148059902741
003816.SZ,133413997512.8,1.6420122459944613,0.16793300318511134
000726.SZ,7282294014.423101,0.9219878363180212,1.0030413957059725
600029.SH,58193954855.34679,1.0444344254453564,-0.4085161501599738
600606.SH,68628390731.399994,0.8698017142858404,1.1504766282056014
603429.SH,11073101626.35,9.433268228632123,0.6034209468284439
601555.SH,30772514940.44,1.5263937268736645,0.20496089224054875
300443.SZ,3725588951.3,1.9261262415194562,0.9761874697451409
601238.SH,95546067531.65544,1.3367168441803052,0.38661614286911633
300190.SZ,5447305451.150001,1.3977223886176464,0.3716974135802405
2359.HK,186730252613.06027,9.406225719624837,1.0726694573354898
603063.SH,3561599550.0,1.4397330062127556,0.1482488739971904
603568.SH,29973749466.43,7.119043133947982,0.9711876732185732
600201.SH,28955636596.11,6.230668749307428,0.1890424962536923
601600.SH,42942659666.920616,0.8844624181951605,0.025659953713340896
2208.HK,45002803609.62662,0.945099457039312,0.6568301051867158
000799.SZ,11294531344.8,4.647086443256072,0.9938044922308868
600346.SH,99532870974.04001,2.7394617112424045,1.6568632441986524
002601.SZ,34503714695.22,2.4874829394937237,1.4135172050635352
002128.SZ,15430235148.789999,0.955531231462704,1.3795140741567256
2628.HK,753137152398.3883,0.9782341569343478,1.7318065056755412
603699.SH,9165000000.0,3.494821356436307,0.6219717395466667
002065.SZ,45112184790.0,4.7367586739987955,0.1885352378570269
002130.SZ,6030528866.9800005,2.1022253837804326,0.17523502162096602
300150.SZ,2755849509.63,1.3478236396845804,0.12990074178911287
000006.SZ,6668975527.240001,0.9901110685437952,0.6061010518774896
002251.SZ,8811820300.199999,1.1657601196540182,0.1012809618809117
1579.HK,68938365000.0,23.62554554593628,0.6864399656127614
300408.SZ,37036370467.5,4.931659712769752,0.47448496077850716
601881.SH,77575551753.48607,1.4298855601677367,0.5375573648109848
603866.SH,33108551763.0,8.845103488199003,1.148349131348488
000667.SZ,6858228399.74,0.972876714177291,0.04024673791839072
300616.SZ,13724717688.0,3.9023642280540134,1.9901090219077444
1112.HK,22670731388.800003,3.630441914406625,1.5605021379009245
601139.SH,21604524255.44,1.9604912523438676,0.36033236233215793
601098.SH,19145360000.0,1.40058539788143,0.6567299871826281
002212.SZ,30873579545.25,3.4705263542536264,0.28675585174282425
300570.SZ,4889731968.0,3.7540279965897128,0.6341231811486072
688363.SH,46828800000.0,10.291269915525401,1.2217423189166667
002007.SZ,69435397591.56,10.611958365257943,0.6968058308086025
1797.HK,30952837960.9,10.45960749964292,-0.17028850978570303
688012.SH,100981990345.6,26.92079939067393,0.37570084129906517
600436.SH,87499094966.3,13.194762123541595,2.3831943699733014
002768.SZ,10576037500.0,4.436892831590402,1.5425914465253456
600483.SH,11949127536.5,0.9437161922439479,0.7364772207300977
002372.SZ,19805492518.92,5.095560940289413,0.597036202742228
300438.SZ,6002592488.55,2.57804639210393,0.5089225251933498
300638.SZ,11095545622.2,8.51321011082574,1.3686675520952463
603786.SH,23229806000.0,7.167778239141778,1.232653898075481
000869.SZ,15561895102.34112,1.8245509756840352,1.3224381397126619
002008.SZ,35746848283.0,4.04820625586182,0.5517831043373498
2869.HK,31128172701.120003,10.127691069117137,0.16195607909289866
1378.HK,31026485503.38,0.4400109756019665,0.7111702257607051
300363.SZ,14708458144.300001,4.796209062755546,0.4001935160707585
000975.SZ,32051308439.52,3.5425002958097194,0.4881295089768354
601872.SH,43406373534.16,1.7143264874373771,0.3854555552479877
600161.SH,36713282261.84,9.320700167512484,0.5849216663811673
600862.SH,21592261158.5,5.164441011858826,0.4473507365882113
002206.SZ,4121606533.65,1.4735582646074168,0.2340935329768993
002497.SZ,7717892790.300001,2.726191811409687,0.04854758510903541
603579.SH,4362400000.0,2.67797555617068,1.9101965243571426
600660.SH,49619903883.194244,2.4238413915798747,1.0971551983875716
600153.SH,25771972817.7,0.8343165087832818,2.0118328662770106
600136.SH,4951719736.81,1.1509646945416299,-0.052485716008400234
002690.SZ,29689920000.0,12.45634245542464,0.7720807807692307
002709.SZ,14969036816.81,5.368522958932726,0.05326275518728453
600884.SH,12462691344.6,1.0541429208991189,0.13423292690746594
002020.SZ,7596658560.0,2.055328609293008,0.6686465079489896
0743.HK,14007647940.0,0.8796933490374129,1.7801284231876544
600598.SH,31020514412.05,4.666017991104154,0.5368222871500091
002430.SZ,11430554757.449999,1.977617408991661,0.6140937361164822
688023.SH,20007407657.5,12.904953438529333,1.1576056184299297
600640.SH,14211129488.4,3.130290966631519,0.0718833737294173
002223.SZ,35076667745.71,5.778145842057997,0.8863968163400996
002301.SZ,11245187916.68,3.3493238710511166,0.33038343657126473
600993.SH,7228773752.07,2.8271346503220482,0.7806276697546387
600578.SH,19565529925.3,0.8277451257429381,0.20719112260001016
002191.SZ,13213131459.0,1.9077336541295233,0.5683199318478982
0883.HK,389772290740.32,0.7790280008107414,1.3672671522846964
601231.SH,40372793671.8,3.9289902402521046,0.5640713231131887
601288.SH,1181649288400.1077,0.6406048501252691,0.6144126405796871
300360.SZ,4667520866.91,2.1406198559979677,0.6544421803889494
300130.SZ,7003053374.1,2.855988937745031,0.46246458614986896
002250.SZ,15438002315.76,2.6143550060930427,-0.04821963774405309
300330.SZ,1488480000.0,3.99990600478864,0.030717281964285716
300418.SZ,23595145022.73,5.029407161470388,1.2304203210159228
002318.SZ,6042261788.0199995,1.7666571987593114,0.6034310014112105
600004.SH,29342964888.52,1.8014224940966987,0.344682573184987
000166.SZ,105214578432.0,1.348204401965767,0.23404850474597055
603712.SH,20836280000.0,8.144670588681596,0.44795704472797926
002100.SZ,17294540958.260002,3.7655749594515666,0.8894385707077781
0921.HK,13326654788.542173,1.046924705143057,1.3162366038580464
300142.SZ,65479441148.560005,13.45883729395667,0.05447569676780977
1109.HK,221059126949.0,1.1408401842872256,4.020827225129963
603520.SH,11171958737.52,11.219107556808742,1.0432609647806743
300394.SZ,10269305613.300001,8.780463767300947,0.9012107552411136
601225.SH,73400000000.0,1.2600037149830194,1.122502220421
603679.SH,4768546880.0,7.006254652258687,0.983203742951899
300753.SZ,3324920000.0,4.926672859898414,1.1876880712871287
603596.SH,11407023120.0,5.081689894480265,0.9526999263757432
600893.SH,55953631471.5,1.9502866548718465,0.515471391335521
000066.SZ,39091230407.549995,4.712182732152096,0.26685437511968796
300788.SZ,8617666659.8,5.056927970013966,1.1486702731766298
688008.SH,114517935789.04,15.62377114203102,0.8586425520300892
300349.SZ,6664225602.05,1.8086831151734366,0.8164889628351414
603203.SH,4203337742.4,4.238241006502099,1.105761279953719
600271.SH,32445256660.700005,2.721587301021771,0.2621226468364117
002463.SZ,47274502919.83,9.208014030037093,0.7290775932195448
300559.SZ,8925505617.449999,9.255544946644829,0.8138185759116846
600066.SH,29268276528.06,1.6686282442314695,0.6713319855754685
002851.SZ,9952503367.199999,5.169544709473674,0.7662178729472171
688016.SH,14978652390.699999,14.051664357752427,2.1717613825207254
600196.SH,81108533070.4,2.6924333322620564,1.2433281687043918
002139.SZ,5776565960.34,2.3010680238495644,0.3355195629295685
002920.SZ,24381500000.0,5.783554523677465,0.5527840022727273
300232.SZ,8666770307.58,2.921299323583529,0.5249342576137732
002222.SZ,4847850000.0,5.002000743496932,0.304745359368421
300129.SZ,3013252142.6400003,1.3013602419994847,0.20555151938295613
1658.HK,470121138842.22845,0.7131641665323704,0.6898941357759073
002484.SZ,7871158324.119999,2.295591055783091,0.2950974118032222
600019.SH,108683886050.0,0.6104014870105313,0.5044095814121214
000887.SZ,9522481644.0,1.08135993634162,0.3762574934656393
000921.SZ,12170967285.279795,1.5624728825687138,1.0387819489483783
603232.SH,5117509600.0,7.71026743840208,0.3692775733087047
000581.SZ,19735131784.9,1.2500237238442378,2.1099584550509745
300133.SZ,13553800971.72,2.579395438833615,-0.7935432317784659
000550.SZ,8010450418.4,1.0139917064349995,0.22255914060708004
002817.SZ,1875538800.0,2.5883558432245346,0.45420774616360904
601766.SH,166960056957.36526,1.3093546477214963,0.3750172817641311
0813.HK,109845506257.2,1.485134470244911,3.080421689784155
600926.SH,50228797659.04,0.8030877176975015,1.172248911265804
300776.SZ,8576431954.999999,5.881705146334873,4.5664466548658105
300736.SZ,1152952879.2,4.254139668547303,-0.8016122669719077
002457.SZ,2425342080.0,1.231505568988193,0.36094153949945074
300487.SZ,5908679252.400001,4.684406688619002,1.0571729677527824
603611.SH,5377470665.400001,3.3469841787787096,0.9430823009614256
603801.SH,5795500692.0,3.0041018171072964,1.1333361887359774
0270.HK,103166822323.2,2.5067038187116952,0.7715674168060485
300685.SZ,12704832990.0,14.083539106296667,0.8704437476135607
601989.SH,95768548360.8,1.1174900564129988,0.0032073672981737383
1951.HK,24295150343.960003,2.8913837087315932,0.16826557901981964
000915.SZ,6350383243.5,3.6683276425173363,0.9804348724628277
300673.SZ,4289720820.0,4.180591458557123,0.37949407756791964
600556.SH,29928285810.149998,31.0635162481591,0.19102178367202136
600114.SH,6281671528.23,2.3725566515656564,0.5051223007422623
300035.SZ,4744190993.36,2.4587018478456506,0.2034707623959798
2338.HK,123357363134.88525,2.34784188499303,1.0811655996203604
600258.SH,15546759421.880001,1.7376229127216374,0.2885426441771838
002557.SZ,25831650000.0,7.068852538260507,1.2594916804339251
601808.SH,48800485985.664,1.6912344099261638,0.7567185763158292
300618.SZ,14954263045.5,8.409633413962208,0.3412180177087016
600567.SH,13832529178.439999,0.9598734598835594,0.24687722449084532
002859.SZ,11114210000.0,7.0138851475919415,0.5704979209192557
603103.SH,10166226000.0,4.258499310731862,0.020419377341532638
000823.SZ,6749662620.0,1.9090979487342876,0.5715125578900713
000968.SZ,7672296093.8,1.7631462325368077,0.5491292904559043
000042.SZ,6389027245.79,0.8455365252977775,0.7226434916280299
0285.HK,38845245580.0,2.0481385199913142,0.7090545931361312
603583.SH,9356117242.5,5.293382088823779,1.5692251707940905
300119.SZ,7843128247.570001,3.6962035081581135,0.5542639196619106
002327.SZ,6314248936.1,1.77157916393119,0.5955345506282154
300088.SZ,24230313649.5,3.843496556394573,0.35567967290355895
600015.SH,100324700369.15999,0.37492226994170136,1.4389210181421714
603516.SH,5272030029.0,6.331828164096421,0.7362073078111255
1776.HK,103595120275.07079,0.6165792227436,0.8778685611508275
601988.SH,951486989392.4945,0.5500789585866509,0.6420884480404851
601058.SH,11935152196.76,1.6886512177324986,0.4751311974480413
000031.SZ,22374555629.579998,1.1526753816168993,0.31983945977916756
002380.SZ,3350283420.0400004,1.5165723430302316,0.5272366033869788
600693.SH,4248623870.0400004,1.699493751542569,0.3535923365626518
