province,value
福建省,"[ 25.289202340267266 , 1.9880999084762667 , 0.17533357925434084 ; 26.485902673396897 , 8.34368331336983 , 1.926787704671396 ; 26.55242761529182 , 0.6281836533801352 , 3.2345423610190673 ; 24.119776297332734 , 9.723159804094571 , 12.773239756785793 ; 23.936895413941823 , 9.064250217693251 , 1.6764207555882558 ; 25.93530447368968 , 8.18391340348963 , 1.9778285051080156 ; 24.014068812084123 , 2.5448541702548133 , 3.327613452580057 ; 23.580386116969105 , 5.880633134563483 , 0.3221996636706073 ; 23.586141578391427 , 3.5385043956041016 , 0.5029159927772708 ; 23.162259591478925 , 3.681896356751001 , 0.8349808382980871 ; 25.283531921053285 , 4.755256028616072 , 0.2097401267512547 ; 24.75418909193723 , 12.810392341887185 , 2.235847777180876 ; 25.379915104400986 , 1.4744609604911143 , 0.17533357925434084 ; 23.854129824305762 , 5.416423877618634 , 0.9665568710176754 ; 22.365971301621016 , 1.5262140301417306 , 0.3933062815577659 ; 22.74805898851007 , 0.7964192866534693 , 0.21633919351406494 ; 24.30238121645297 , 20.816084891204095 , 1.1733083119564685 ; 24.06400571180577 , 1.0559216098175934 , 1.0129071079145562 ; 24.43316524601932 , 1.2567030829883508 , 0.15458054526386505 ; 23.891978842304745 , 5.728800262531902 , 2.154642058492772 ; 23.17552015445916 , 4.412487300298189 , 2.000200327111111 ; 23.7784943919124 , 12.305558974744162 , 1.5125668745603325 ; 22.65452326182559 , 4.903169305180716 , 1.4714147521309666 ; 25.194894287014204 , 13.194762123541595 , 2.3831943699733014 ; 23.203924103160702 , 0.943716192243948 , 0.7364772207300977 ; 24.62765787815044 , 2.4238413915798747 , 1.0971551983875716 ; 23.972553413500076 , 0.8343165087832818 , 2.01183286627701 ; 22.301801144640695 , 5.002000743496931 , 0.304745359368421 ; 23.26524830841372 , 14.083539106296667 , 0.8704437476135607 ; 22.169860972165022 , 1.6994937515425692 , 0.3535923365626518 ]"
山西省,"[ 23.75420436605803 , 2.455475290933875 , 0.5837017974026906 ; 23.09796084639117 , 13.430940499056945 , 0.5909907418327505 ; 24.045095941141128 , 3.3925202475858827 , 0.1275470296361942 ; 25.27112558411569 , 12.680378011808417 , 2.622811263679657 ; 22.760881767865197 , 1.7631462325368077 , 0.5491292904559043 ]"
湖南省,"[ 24.810928358976803 , 1.5745338024750084 , 0.0970327856001827 ; 25.69984484617987 , 21.98614684708521 , 0.3743837458950496 ; 24.2375040070323 , 7.354687238323691 , 1.1220337259526487 ; 24.693327679095717 , 1.3991705520101991 , 0.5582729982986758 ; 23.84770675690815 , 6.523141950106764 , 1.903003480599269 ; 25.160820974635648 , 9.627651088589932 , 0.6842502115215721 ; 25.11408884412711 , 3.6095243481632617 , 0.7866736221659413 ; 24.01895673374442 , 0.6643924667435948 , 1.532814439600355 ; 21.885289436326563 , 57.07774183320978 , 0.3157095237744409 ; 24.3270376541716 , 8.148630410289103 , 1.5502690069826577 ; 23.41285325884457 , 1.7876818561595538 , 0.4828190467179701 ; 23.147584493734637 , 4.647086443256073 , 0.9938044922308868 ; 22.89935987305488 , 1.1657601196540182 , 0.1012809618809117 ; 23.675326225564124 , 1.4005853978814298 , 0.6567299871826281 ; 22.28018675781456 , 2.4587018478456506 , 0.2034707623959798 ]"
陕西省,"[ 25.49129373899403 , 4.259575083457792 , 1.731747323072669 ; 23.423382393241376 , 3.917818279173012 , 0.4474291369863743 ; 23.68978341118066 , 1.4791661139100882 , 0.17621640993547272 ; 25.019189772566882 , 1.2600037149830194 , 1.122502220421 ; 24.747789175254898 , 1.9502866548718465 , 0.515471391335521 ; 22.4996881666385 , 4.684406688619002 , 1.0571729677527824 ]"
香港特别行政区,"[ 23.877983228434534 , 1.253723379965438 , 0.7796971762414799 ; 27.4305039768573 , 0.5711988905000298 , 0.17495990950267698 ; 25.264999221680107 , 3.5025867708819236 , 2.2677373255183833 ; 25.401377769383306 , 1.2582088073925044 , 3.3412023247642533 ; 26.261683632473265 , 0.9120906418156774 , 3.0440432119352248 ; 26.45281611216955 , 6.968754626264912 , 7.134198441196176 ; 27.45914780712841 , 1.880228127379165 , 0.5499185194588965 ; 24.243585085110826 , 2.9062863274828445 , 1.3029905122490049 ; 24.90491107448568 , 1.489626105177338 , 0.5479208583700156 ; 25.311134137135248 , 4.7688648834518865 , 0.5955587654148664 ; 24.57748863439351 , 2.184546584621424 , 1.8389532478278856 ; 23.563495064972066 , 2.7509300063616413 , 0.3699096929877712 ; 25.59399450032165 , 5.939194980987708 , 0.4044169101807967 ; 24.548852061252298 , 0.6009843598926261 , 2.4571887725749955 ; 27.82172497553255 , 0.9820717746365896 , 5.2082288137695 ; 22.77562901056002 , 3.7785418922429197 , 0.009133584025361541 ; 26.12169604543664 , 1.1408401842872256 , 4.020827225129963 ; 25.422340726949376 , 1.485134470244911 , 3.080421689784155 ; 25.359613149188892 , 2.5067038187116952 , 0.7715674168060485 ]"
新疆维吾尔自治区,"[ 24.43927786307844 , 1.4241899639117968 , 0.680735025261005 ; 24.52999062721216 , 0.945099457039312 , 0.6568301051867158 ; 25.379267705899892 , 1.348204401965767 , 0.2340485047459705 ; 23.573656737107616 , 3.765574959451567 , 0.8894385707077781 ]"
贵州省,"[ 28.13265069934669 , 12.141797968863315 , 34.293014906179586 ; 23.19803881407516 , 3.9181605670994433 , 0.926507236083916 ; 23.961425997456175 , 0.6530265134567452 , 1.865231057326879 ]"
四川省,"[ 25.641240128507853 , 5.246220295450356 , 1.4237315357100049 ; 23.032276764475693 , 8.845516084222027 , 0.7031475321198554 ; 25.50727144472024 , 6.161866479045309 , 3.30060831400158 ; 27.041660423941604 , 7.4663689932941955 , 4.799902619435164 ; 23.550018934710533 , 0.8791037613524809 , 1.1531403349219136 ; 24.388031528629888 , 1.4393122329596535 , 0.6206907850064793 ; 24.04507306887844 , 3.07697476170757 , -4.464798510162264 ; 24.864175300823465 , 3.5762528456658225 , 0.5803371412488051 ; 22.87518465735937 , 1.733426799841485 , 1.0250940787439546 ; 22.403542383066558 , 4.139035319333371 , 0.2914211426116071 ; 24.06555956313955 , 0.7955897131152556 , 1.5773611726209968 ; 24.28004645157057 , 7.585718580223603 , 0.7809379128736937 ; 23.598774137240767 , 13.35430622527802 , 1.0008554072024702 ; 23.89597327760911 , 8.721967819606197 , 0.4430813795476515 ; 23.832536850096243 , 10.608321167371251 , 1.6347726399179143 ; 23.766600351101275 , 6.709063921775258 , 0.8649446040844523 ; 22.766807209099852 , 2.7261918114096866 , 0.04854758510903541 ; 22.285307458118726 , 7.006254652258687 , 0.983203742951899 ; 22.91217881482259 , 9.255544946644829 , 0.8138185759116846 ; 23.91354259305268 , 2.891383708731593 , 0.16826557901981964 ]"
浙江省,"[ 24.832390215759965 , 6.553570847973437 , 0.4968158314749476 ; 24.33310933770873 , 6.588715119787707 , 0.4950687071202392 ; 24.154950191568307 , 4.505673312453959 , 1.5965573390368768 ; 24.922462095208193 , 4.949381473275922 , 1.0845591717759118 ; 23.377356723005143 , 5.557389430354582 , -0.01105860133624233 ; 24.78906844539905 , 13.80008789622659 , 1.268949028467422 ; 24.48744460663621 , 5.566554542061713 , 0.2547023698054639 ; 24.127448828973733 , 9.381063686909345 , 2.0615345757447714 ; 24.138860627322543 , 1.9451504763368932 , 0.5538017644238687 ; 24.67713828233449 , 3.3329188898130795 , 1.0620792495760287 ; 25.56670863302506 , 9.056037707307985 , 3.6388741319799776 ; 25.142556233070177 , 18.539410502813435 , 1.2115965759004133 ; 26.41883178339875 , 6.626245236158396 , 1.3242081232498568 ; 25.783264256002393 , 1.8253279389612245 , 2.5456995594732708 ; 24.799682949986988 , 6.193978501575447 , 1.2612444967250018 ; 24.43660903843868 , 22.9582504021782 , 1.0910080237961577 ; 23.97083010482089 , 3.942936158541996 , 1.7143583642747802 ; 23.638220620387848 , 4.011852915288249 , 0.4209391781131069 ; 22.25693179172433 , 1.7178270724160665 , 0.5061207445274466 ; 24.063338511770453 , 22.20398898916663 , 0.5224139367704131 ; 24.428150521283733 , 16.518879546680502 , 0.7720527580049875 ; 23.9713781237839 , 3.4901671385567425 , 0.4325734983297895 ; 22.23384992443689 , 1.7061076659968994 , 0.7736903436281904 ; 23.268366524024202 , 4.332620612783567 , 0.4580956822723527 ; 22.103373316679406 , 2.423119534023483 , 0.301277464851298 ; 25.14315441001144 , 0.7835622121776605 , 0.6120004500446876 ; 23.71067559096072 , 1.6859043565129344 , 0.4520740957513965 ; 23.639099318619824 , 7.129766790142673 , 0.279314678404445 ; 25.64557518832418 , 4.886609831183642 , 3.389522408772359 ; 24.726222666141208 , 2.2608568329091034 , 1.6566462845942238 ; 23.11742486548697 , 1.1978397283851443 , 1.5046380033177538 ; 24.89444106143532 , 16.238273491294212 , 1.7189908320498508 ; 24.128923937440568 , 6.621307000398311 , 0.5023896556842178 ; 24.5067833838375 , 4.5735512553387565 , 0.7018752371768897 ; 23.153514660318102 , 4.48349220499159 , 0.5018902563089606 ; 21.935964082714086 , 1.8928605188035916 , 0.6059906402973744 ; 23.326227076820253 , 0.8150760887602276 , 0.4874470974663791 ; 24.723982980935425 , 7.992098573152759 , 2.084550818503476 ; 22.729643486231517 , 10.012004783415303 , 0.8102993935059914 ; 23.937223084725996 , 4.212085961841737 , 1.948721043948724 ; 23.12901448874191 , 1.3441027894302555 , 0.9391332135427128 ; 24.362846211232906 , 3.0932146679968517 , 1.7448484696347075 ; 24.78690674744548 , 3.453546571210089 , 1.1910959724103691 ; 23.437324233504228 , 1.6326887849549967 , 1.0259531671445172 ; 22.820427470125757 , 3.064657766143828 , 0.5210098612737138 ; 23.140554376205426 , 3.878178634728527 , 0.1621129918132458 ; 23.805433922720237 , 1.1473063271226112 , 1.5106428721417264 ; 22.697829505373672 , 4.741474407358666 , 0.6268591495131658 ; 23.527112280419942 , 5.782902797045553 , 0.2815238032880649 ; 22.889187381753977 , 2.495807418044414 , 0.27477789993684604 ; 24.123587817771373 , 7.119043133947983 , 0.9711876732185732 ; 23.709225136124104 , 5.095560940289413 , 0.597036202742228 ; 24.16137912070888 , 10.127691069117137 , 0.16195607909289866 ; 22.13950885965476 , 1.4735582646074168 , 0.2340935329768993 ; 23.246005325745394 , 1.0541429208991189 , 0.13423292690746594 ; 22.750974324400612 , 2.0553286092930083 , 0.6686465079489896 ; 23.15955584878531 , 1.9776174089916607 , 0.6140937361164822 ; 23.7193684248006 , 12.904953438529331 , 1.1576056184299297 ; 22.263893904052534 , 2.140619855997968 , 0.6544421803889494 ; 23.460097989477948 , 2.6143550060930427 , -0.048219637744053086 ; 22.522044247012644 , 1.7666571987593114 , 0.6034310014112105 ; 23.13667279163906 , 11.21910755680874 , 1.0432609647806743 ; 22.620019595086962 , 1.8086831151734368 , 0.8164889628351414 ; 23.329932859453358 , 2.579395438833615 , -0.7935432317784659 ; 24.63985435771155 , 0.8030877176975015 , 1.172248911265804 ; 22.40548396402852 , 3.3469841787787096 , 0.9430823009614256 ; 22.179487490845666 , 4.180591458557123 , 0.3794940775679197 ; 22.560901948925995 , 2.3725566515656564 , 0.5051223007422623 ; 23.13149030671291 , 7.0138851475919415 , 0.5704979209192557 ; 23.04233688668998 , 4.258499310731861 , 0.02041937734153264 ; 22.95929621685319 , 5.293382088823778 , 1.5692251707940903 ]"
重庆,"[ 24.52909187421053 , 1.1649841409120545 , 0.016805489311811934 ; 24.495228450539308 , 1.588232406841542 , 1.0899682602921503 ; 25.592521881531102 , 22.65814337062693 , 1.48796001875625 ; 24.66672207595302 , 0.6398599769924113 , 0.8392866954301311 ; 24.031245478330497 , 19.26378219844484 , 1.2507931052954933 ; 23.039154086049386 , 0.7602273943786974 , 0.3125538123859874 ; 22.881708210925694 , 6.076081297928293 , 0.2621834217855635 ; 23.411688549227204 , 4.796209062755546 , 0.4001935160707585 ]"
江西省,"[ 23.17668359719564 , 5.405393368009921 , 0.43186951657389183 ; 24.555955855513762 , 4.916990295582128 , 1.1838909826508668 ; 24.808538327459164 , 7.680875293052027 , 0.08747380435324563 ; 24.313937328366666 , 0.8527884718489791 , 0.5441715671687029 ; 23.36286929883286 , 0.8796933490374129 , 1.7801284231876544 ; 22.80401282845571 , 1.0139917064349997 , 0.22255914060708004 ]"
湖北省,"[ 23.901472356510094 , 4.8752890312222785 , 0.9255251165140708 ; 25.11841997187643 , 3.2108021986131026 , 1.306120092028302 ; 24.134394914666327 , 0.5767572455920708 , 1.1184783977328108 ; 22.60207418246099 , 24.70198627412322 , 0.05092372547619047 ; 25.5790161489825 , 6.063277691997608 , 1.6423629340016532 ; 24.29590417526793 , 1.273411097887062 , 0.23996749261224146 ; 24.568105376327118 , 2.7185197775606884 , 2.711793180964424 ; 21.87055864453186 , 1.4267147646514036 , 0.1730783167764745 ; 25.309111700320077 , 4.5106900497287405 , 0.2620923729235307 ; 24.190259294437677 , 6.3700372567218295 , 1.1744544008949376 ; 24.125266430795275 , 3.079396781459789 , 0.26802966575084475 ; 24.433311054556732 , 3.5618774470032317 , 0.5310414968177968 ; 23.64771690849544 , 8.112982569873196 , 1.227931874375 ; 22.323000774767884 , 1.15096469454163 , -0.05248571600840024 ; 22.70133525320962 , 2.827134650322048 , 0.7806276697546387 ; 22.872283807893567 , 5.881705146334872 , 4.5664466548658105 ]"
上海,"[ 22.700598196650013 , 7.190758341439767 , 0.9567994099325036 ; 25.55463303341704 , 1.1785295718941635 , 0.698674935863394 ; 26.191568274024448 , 0.9493613262690678 , 1.5811577911440289 ; 26.239716060653762 , 1.5079039607234332 , 3.3822555727212538 ; 26.33042882478748 , 1.1146305201567028 , 3.3822555727212538 ; 24.28209807462988 , 10.301517417040976 , 1.4130093311153011 ; 24.0853844481899 , 0.8728180714238412 , 0.3073558426679478 ; 25.210089319832672 , 1.8300835675277851 , 0.04293361545626747 ; 25.61331516769204 , 4.154429829271251 , 1.9302915146564696 ; 25.65587595182457 , 1.0806034328372731 , 0.8371544645855885 ; 23.609258450136167 , 0.8162957162933496 , 0.6296497610355798 ; 25.91878385903616 , 22.767174450439054 , 0.9954790777227618 ; 24.47185291159536 , 11.373502132960432 , 0.21488994600825084 ; 23.110637844169478 , 8.623929748131804 , 1.8141324610762204 ; 23.74693410271717 , 2.2101354910929945 , 0.4592863934737598 ; 23.64537803704859 , 6.760709233318343 , 0.3871818243599407 ; 24.60449968355468 , 11.539687149193346 , 1.1214586828152175 ; 22.434617531872217 , 9.133583928841073 , 0.5965794147132454 ; 23.652735029811947 , 1.4510929478257453 , 0.05219288867738908 ; 23.90876428470233 , 2.035099346823765 , 1.0101683241844313 ; 23.296927243064488 , 11.48215278196476 , 1.1530473919583983 ; 22.44159044076689 , 2.1697599317191423 , 0.2218602906787763 ; 25.540050968530906 , 5.825209750927456 , 0.3453469014358462 ; 21.6691805894402 , 1.3812785073383809 , 0.08822954522148846 ; 24.195376520017103 , 2.1414727189582767 , 1.242630133076385 ; 24.572668536594595 , 1.264164779541948 , 1.4048524916804146 ; 23.20464514146025 , 3.1992754172628817 , 1.550318827326944 ; 23.64190113356272 , 3.6917316784736376 , 1.0542438755842751 ; 24.975222087981674 , 1.4212551433023677 , 1.5074298499230754 ; 24.637783974790512 , 8.673116403893347 , 0.8352354413047246 ; 25.47252838705824 , 0.7161554426056079 , 1.444075075144852 ; 26.44827384551391 , 0.6498312403134264 , 2.0377771929962867 ; 23.283816392847434 , 1.2007914092967222 , 0.8277988248355538 ; 22.152387278337923 , 4.118645391020847 , 1.017016076415183 ; 23.605890819106733 , 3.219199719156085 , 2.6875613028885788 ; 23.46739022687069 , 2.7196850331031595 , 0.35474520548988303 ; 24.8375819551686 , 1.0063922881509393 , -0.16752638714580168 ; 22.3333339507619 , 4.416990078544608 , 1.3615449581168833 ; 23.76754200784865 , 10.491452301886213 , 0.6147263787708662 ; 26.601424559538263 , 0.5204874680827303 , 1.0457601479036025 ; 23.123836938836973 , 6.105215262576497 , 0.3507735089216217 ; 21.225837204275503 , 1.9558205773609865 , 0.4780216185977243 ; 24.95197214512052 , 0.8698017142858404 , 1.1504766282056014 ; 25.338208024478046 , 26.920799390673928 , 0.3757008412990652 ; 23.86870203242395 , 7.167778239141778 , 1.2326538980754809 ; 24.49387212289634 , 1.7143264874373771 , 0.3854555552479877 ; 22.196288201576127 , 2.67797555617068 , 1.9101965243571424 ; 23.377291261357566 , 3.1302909666315184 , 0.0718833737294173 ; 24.421421971096397 , 3.9289902402521046 , 0.5640713231131887 ; 21.121021301984523 , 3.9999060047886403 , 0.03071728196428572 ; 25.46399729211901 , 15.62377114203102 , 0.8586425520300892 ; 23.42989185042137 , 14.051664357752427 , 2.1717613825207254 ; 25.119054009183944 , 2.6924333322620564 , 1.2433281687043918 ; 21.82628577850524 , 1.3013602419994847 , 0.20555151938295613 ; 25.411709377674278 , 0.6104014870105313 , 0.5044095814121214 ; 22.35593375141393 , 7.710267438402081 , 0.3692775733087047 ]"
北京,"[ 26.65280178743223 , 2.5147452402180552 , 0.950817879758182 ; 24.428965575510407 , 5.472882881449835 , 0.9890282363724868 ; 25.921516613683693 , 9.097967894935387 , 1.1283527335387715 ; 25.87076332474597 , 5.198188325303446 , 1.2067126047391774 ; 23.59965905878969 , 5.246689131569839 , 0.23830225671450214 ; 24.33857482521173 , 33.316772302959926 , 1.8385904278134504 ; 25.321737035112733 , 19.009238416970454 , 1.6357135405640972 ; 23.90323493808591 , 2.282035145228295 , 2.053569300966516 ; 23.44997512202281 , 4.563002578596389 , -0.15901999331362987 ; 28.207678304065947 , 0.6792023839725265 , 0.8830176062857714 ; 24.116986300007987 , 3.8177266611365335 , 0.11448270701881093 ; 26.106837175720454 , 0.7857162453754079 , 0.9673724966573428 ; 23.818679030954794 , 3.7220041789920373 , 0.6121267980112494 ; 24.507821031266605 , 19.36632926014304 , 0.007771368165750894 ; 24.800988155070314 , 18.05041715758812 , 0.20582457661223932 ; 25.614254887597216 , 1.4130492632298948 , 0.041195528040337145 ; 26.785543476524488 , 0.9066148786366074 , 0.7186483475809858 ; 27.200643861345572 , 6.323719310332856 , 0.3842235196885993 ; 22.944623520785164 , 5.22629528790116 , 0.29011834954081633 ; 24.979636495925174 , 9.42878021108406 , 0.8567284678562824 ; 23.013319511989106 , 6.502669923377441 , 0.437334596648544 ; 23.52263791770429 , 2.9680147204388327 , 0.4768799514996582 ; 23.334416829334305 , 8.224910891730701 , 0.3023305081853577 ; 25.81439703003953 , 1.1342825673323604 , 0.15319121172645586 ; 23.971344690218874 , 13.43480481751854 , 0.6310538461865445 ; 24.83442705609801 , 6.264631516145985 , 1.3183873368399897 ; 23.191776407440084 , 5.54746649113353 , 0.4899213551695693 ; 22.66366662731778 , 8.082401374231061 , 0.8403653709260671 ; 25.565206859584 , 20.880513168424933 , 1.004582354859002 ; 26.147102335866283 , 0.5224654240425123 , 1.006481646924886 ; 25.93417121821318 , 0.6051239003669441 , 0.7325678961363492 ; 26.175737409124427 , 4.7595714822319835 , 0.7800513395307432 ; 26.4384824823141 , 0.8859021515467159 , 2.0347296265186574 ; 24.193751330521284 , 3.5985459363497765 , 0.3018345845005398 ; 24.380716463332423 , 8.883737891251398 , 0.695642962814149 ; 24.114300418518738 , 0.8450395474054709 , 0.6017508020008109 ; 26.244549946826226 , 0.5229055786797769 , 1.2488346206252248 ; 24.640052459659422 , 6.586601982345194 , 0.7481400970298798 ; 27.97706216649185 , 0.7430282240210594 , 1.0826404613179714 ; 25.572262241897867 , 0.6312465747112943 , 1.4199442595318852 ; 28.06777493062557 , 0.645674536485619 , 1.0667931571722091 ; 27.045598626375394 , 0.5436249031413227 , 0.1887484238971176 ; 25.071121281491337 , 13.202503915893958 , 0.6374353281705526 ; 25.170300229338693 , 3.0292995399811136 , 0.8412434615046359 ; 23.471008468561674 , 2.8130379009797246 , 0.09826505116008294 ; 24.48391805373008 , 5.147863857856743 , 0.5510125533263293 ; 25.23004941747445 , 1.081683551839708 , -0.07707154863877877 ; 25.507768453504138 , 1.6666936163218904 , 5.073493692961663 ; 26.424426212706667 , 1.468184400087609 , 0.02966902655093199 ; 27.256800425326194 , 1.9558847685776841 , 1.7457461523125748 ; 25.80490384416061 , 0.8487892532323555 , 1.091680808083919 ; 22.793947019672448 , 4.687787423835051 , 0.07807010723126878 ; 22.919047380179556 , 4.5597491944554 , 0.5662703743561252 ; 24.66759411564179 , 1.2788119120639083 , 0.7638099854771985 ; 24.43364243033973 , 2.929349402223957 , 0.08661923138324208 ; 25.49864615088403 , 16.528850645166713 , 0.3447333819833492 ; 25.38000386553856 , 0.5083405108630853 , 1.0298451590315785 ; 22.21777668268053 , 3.0728258956921524 , 0.6643696042609127 ; 21.736721020726556 , 2.9716055318505337 , -1.6104789630820129 ; 23.53346214452024 , 20.100186642473727 , 1.1469429100554227 ; 28.298391068199663 , 0.6096088838904292 , 0.8703214206549169 ; 22.54315007385129 , 5.012725324259582 , 0.010611887120829387 ; 25.662975006031594 , 0.4687044752727055 , 1.328665551778755 ; 23.11887151657927 , 3.630663161157708 , -0.5500860044227646 ; 24.298041489166962 , 2.5799770214681144 , -2.7688909218214035 ; 22.718539373602308 , 1.11559284319962 , 0.423148059902741 ; 24.483131566624692 , 0.8844624181951605 , 0.025659953713340896 ; 27.347513189459914 , 0.9782341569343478 , 1.7318065056755412 ; 24.53241821969224 , 4.736758673998796 , 0.1885352378570269 ; 21.736991583973413 , 1.3478236396845804 , 0.12990074178911287 ; 24.956478681478877 , 23.62554554593628 , 0.6864399656127614 ; 25.0745181597723 , 1.4298855601677367 , 0.5375573648109848 ; 24.155730526894285 , 10.459607499642921 , -0.17028850978570306 ; 24.32640444102324 , 9.320700167512484 , 0.5849216663811673 ; 23.697035177613827 , 0.8277451257429381 , 0.20719112260001016 ; 26.688828535655084 , 0.7790280008107414 , 1.3672671522846964 ; 27.797932280563842 , 0.6406048501252691 , 0.6144126405796871 ; 23.884306808439003 , 5.029407161470387 , 1.2304203210159228 ; 22.877080195860767 , 5.056927970013966 , 1.1486702731766298 ; 24.2028200956278 , 2.721587301021771 , 0.2621226468364117 ; 26.8762562406582 , 0.7131641665323704 , 0.6898941357759073 ; 25.84102044085908 , 1.3093546477214963 , 0.3750172817641311 ; 20.865592209401683 , 4.254139668547303 , -0.8016122669719077 ; 25.285200162808408 , 1.1174900564129988 , 0.0032073672981737388 ; 23.467118056547164 , 1.7376229127216374 , 0.2885426441771838 ; 25.331677766492987 , 0.37492226994170136 , 1.4389210181421714 ; 22.38568133007121 , 6.331828164096421 , 0.7362073078111255 ; 27.581291849802994 , 0.5500789585866509 , 0.6420884480404851 ]"
安徽省,"[ 24.838025084870356 , 7.896241221044479 , 3.8739600453137415 ; 24.517711621286907 , 3.135647569283041 , 0.2989756326264266 ; 26.563568124369674 , 2.06058616278966 , 6.125676632362758 ; 25.10755334414732 , 11.40668128719776 , 1.131121914444839 ; 26.472855360235947 , 2.3505431823494436 , 6.118685561660963 ; 23.500135740307087 , 1.8697085715708293 , 0.6046487443599909 ; 23.61083368166893 , 6.833574287433017 , 0.13283251889259454 ; 25.80524439755013 , 46.94457732922986 , 0.2942340670974828 ; 25.045345626532818 , 6.598829875215767 , 0.2664670642241937 ; 24.037865714260025 , 20.678586806290372 , 0.7274600646927771 ; 23.19761436425604 , 2.649218609600953 , 1.396018025612752 ; 23.961473590114107 , 3.63503916940108 , 2.3642525380666672 ; 22.73555996105997 , 2.0800848698784007 , 0.2687854347355995 ; 22.95003019779963 , 1.8772346310954668 , 1.017274830432732 ; 22.039119609013227 , 0.8175612584711293 , 0.3529817454997347 ; 22.750473782543587 , 1.4930720533043311 , 1.044877689440478 ; 23.1277847274718 , 9.433268228632123 , 0.6034209468284439 ; 24.114073431208514 , 12.45634245542464 , 0.7720807807692307 ; 23.15749506581575 , 5.081689894480265 , 0.9526999263757432 ; 22.976921328670127 , 1.08135993634162 , 0.3762574934656393 ; 21.35216181508881 , 2.5883558432245346 , 0.454207746163609 ; 22.480347710696048 , 3.0041018171072964 , 1.1333361887359774 ; 23.974866321224194 , 7.068852538260508 , 1.2594916804339251 ; 23.35028884214621 , 0.9598734598835594 , 0.2468772244908453 ; 23.910870316367088 , 3.8434965563945735 , 0.3556796729035589 ]"
广东省,"[ 26.560519502065247 , 3.1123502626415216 , 3.421493794217568 ; 29.016101899551717 , 8.27068319757371 , 9.767406815447742 ; 26.3714486191765 , 1.905122393442845 , 0.931905987179226 ; 24.97573172493982 , 7.7196969432182945 , 1.1579407008968818 ; 23.610142323887075 , 3.294521143156289 , 1.045623439576388 ; 23.790803108543788 , 3.3778838655044434 , 1.1775388080876872 ; 26.25988377824249 , 12.50543840878972 , 0.945624299575501 ; 23.21977985977613 , 4.8743084486717985 , 1.094830326047619 ; 23.608538420730554 , 4.096031936840125 , 1.0448833551617165 ; 27.912490147000717 , 1.9815604523846448 , 7.108932375964723 ; 27.49755773074207 , 1.5278638211528213 , 3.783607620350237 ; 25.180626999240697 , 31.3189150541052 , 0.7396055073447636 ; 26.324323426513768 , 0.8649433319448661 , 1.5096940892505355 ; 26.700327138155608 , 3.8780686514941607 , 3.2707021791414714 ; 24.460710251923423 , 8.904458825841116 , 0.868666802583696 ; 26.398900163877087 , 1.5782019309516746 , 3.4507455463569388 ; 26.50286416615745 , 17.405865315597698 , 4.103198319761557 ; 23.940738402354828 , 4.327012325190172 , 0.32801413071999713 ; 25.01904536704554 , 5.3264061612376885 , 0.10715344851347976 ; 24.69488171339067 , 0.7732023257931763 , 1.4605720921475194 ; 24.0919378956776 , 9.227408787640794 , 0.26797659985322 ; 24.90671003884905 , 8.684037340436634 , 1.6243151840561023 ; 23.902825691884388 , 5.590794266442393 , 0.9018881013547951 ; 22.728286894185647 , 3.0831616131566166 , 0.4042215266316928 ; 24.071990702896976 , 2.265740570201769 , 1.510839395729901 ; 24.480648720544266 , 4.528715895741854 , 0.3344235233378781 ; 25.44740148083402 , 1.4470379653200915 , 1.037841101259869 ; 23.522487664513516 , 1.3790154192028026 , 2.8494836234370213 ; 25.968236266690198 , 1.2152790981470123 , 2.348030181836773 ; 23.58615801494299 , 4.967228001842703 , 0.956799931851685 ; 25.42345894907581 , 17.077366868477547 , 4.62193554989591 ; 24.38385980050725 , 5.8179915394883714 , 0.1119145679092421 ; 24.617738640500974 , 22.93154291784018 , 1.4944312913840847 ; 23.81447054986721 , 8.621236067064345 , 1.1668401838303968 ; 24.88409701416439 , 2.1295468425740403 , 0.16607994903687456 ; 25.373587114788194 , 0.8405846206205135 , 0.386491853814528 ; 24.645611140533372 , 10.249947909165645 , 2.416031692859056 ; 23.212765765671826 , 5.506570075504624 , 0.8684156336734111 ; 25.80098383998424 , 3.5557717824431276 , 3.0725391622175686 ; 25.022383439165143 , 8.335469391568338 , 0.6760151150517952 ; 23.00991386234219 , 4.477291950619802 , 2.324057056935632 ; 24.298145379797834 , 3.4839277210169466 , 1.3971687992187625 ; 24.12880903612148 , 5.0283350282784784 , -0.2014325650912352 ; 24.35730323965429 , 8.930718040840164 , 1.4606072547564606 ; 25.91750086081252 , 6.798479391086817 , 1.0981946271966203 ; 23.64955192440119 , 4.223486033515924 , 0.5112929045640948 ; 24.815330772204266 , 1.106652916003657 , 2.186130409170328 ; 26.03480053984545 , 4.7775196111506215 , 1.2324848377224151 ; 23.640899215082392 , 4.34024557948046 , 0.13564301417968733 ; 23.617866386441914 , 5.435236831226035 , 0.6036373038579639 ; 22.219909507381395 , 1.5159194098927633 , 0.19215737555026804 ; 25.325743037100963 , 16.626558439990575 , 0.6105991507638959 ; 25.188920682150673 , 17.39279725082879 , 3.897888866867044 ; 23.04270753479436 , 3.38137624429626 , 0.7611794752112215 ; 25.27304329993677 , 1.1544319972045505 , 0.8778686454983677 ; 24.105492017257827 , 13.23971519738822 , 1.2044275680678165 ; 24.689998563035374 , 1.2465048375772454 , 1.824284101731704 ; 23.78600433305752 , 0.9100568385935252 , 0.8708970079777213 ; 23.90445099302273 , 7.3291187030293266 , 0.44287742724492457 ; 22.666776709698876 , 3.3993959617752 , 0.21702560137841764 ; 25.082333003000198 , 18.094112768120407 , 1.4678337407221145 ; 24.818529256857452 , 6.968693647834558 , 0.57474765350264 ; 21.872484306493643 , 3.6953007730461986 , 0.7220796239701636 ; 22.88242670619038 , 10.209224034121435 , 0.8938474869586851 ; 28.003202911134444 , 1.911995596164416 , 7.108932375964723 ; 23.73307499230332 , 2.9289749920898984 , 0.3190642454710166 ; 23.334928771728148 , 5.397726922533726 , 1.184171766662624 ; 23.12922847117343 , 3.7952496232541235 , 1.0325255330003544 ; 24.599285798901658 , 2.1074622606744824 , 1.8242841019961904 ; 21.27634488902501 , 1.0073845645106287 , -0.02911181714497934 ; 22.608330727770525 , 1.7999963873818834 , 0.5545218727548535 ; 26.38171536852684 , 3.2112633172323513 , 0.8864445737708031 ; 22.903534143939687 , 2.1952218898527933 , 0.01600333640954994 ; 24.877397533373607 , 5.4819845207149305 , 0.19876866854318267 ; 24.163227737977696 , 11.680413158216725 , 1.2806031557356607 ; 22.364899847596828 , 5.554567112219867 , 0.7394153180769231 ; 22.668997157670034 , 7.383410064749349 , 1.8993557402758376 ; 25.31953808735892 , 4.9983800918197785 , 1.3183514693913296 ; 23.120683541181606 , 1.5820745412441466 , 0.4128147941597934 ; 24.246982619014954 , 5.8767919589399575 , 0.6429524754059834 ; 26.008213624946237 , 3.3968374274902713 , 1.0981946271966203 ; 25.717081511169496 , 2.87318187383 , 0.3582488351769248 ; 23.913993634673663 , 5.961757261408675 , 0.5072109040947056 ; 23.113291902993808 , 2.6842583843413923 , 0.30014866780447585 ; 23.407646317635287 , 1.4169715631342792 , 0.3394320344126234 ; 22.77158586887812 , 2.761066779576612 , 0.11198477515081418 ; 23.51924331920328 , 1.9097064780823456 , 0.22061324568506885 ; 24.141889268112287 , 3.823739680382229 , 0.2740230335462368 ; 26.58775171983088 , 21.2460463394028 , 1.6938040177650908 ; 24.204807572074746 , 14.291412772023625 , 0.8908219624964571 ; 22.72073929837757 , 2.9856907015459475 , 0.3067913653830803 ; 23.909049663741282 , 7.8769661775232125 , 1.3710732407476518 ; 23.771417582615623 , 9.650392837871928 , 3.629508364532168 ; 22.610365119327604 , 3.371958982419173 , 1.2125098406851256 ; 25.605960241635213 , 1.3915876896981785 , 1.7602904086689326 ; 23.5476251439044 , 2.5693633007063843 , 1.1191474246282564 ; 22.214460607891674 , 2.1317446525952266 , 0.3467889153611111 ; 24.42793161049315 , 10.290389549540269 , 0.9224632096954288 ; 23.947516947639226 , 2.4270789624016085 , 0.44620106504665935 ; 23.490145290433446 , 5.058745223642255 , 0.6572921606055679 ; 27.58827049487579 , 1.434380444339573 , 3.717389927093075 ; 23.761739771681015 , 13.736042277229338 , 3.1243350521926536 ; 25.616722893804845 , 1.6420122459944613 , 0.16793300318511134 ; 24.787047317824268 , 1.0444344254453564 , -0.4085161501599738 ; 25.282874350654467 , 1.3367168441803052 , 0.3866161428691163 ; 21.993475592697788 , 1.4397330062127556 , 0.1482488739971904 ; 22.520100549806394 , 2.102225383780433 , 0.17523502162096602 ; 22.620732090960217 , 0.9901110685437952 , 0.6061010518774896 ; 24.335166252384766 , 4.931659712769752 , 0.4744849607785072 ; 23.342464254950126 , 3.902364228054013 , 1.9901090219077444 ; 23.844340563353896 , 3.630441914406625 , 1.5605021379009243 ; 23.796168585974 , 1.960491252343868 , 0.3603323623321579 ; 24.15316662420464 , 3.4705263542536264 , 0.28675585174282425 ; 22.31040332666101 , 3.7540279965897128 , 0.6341231811486072 ; 22.51545729427917 , 2.5780463921039303 , 0.5089225251933498 ; 23.129809569426893 , 8.51321011082574 , 1.3686675520952465 ; 24.29972794228403 , 4.04820625586182 , 0.5517831043373498 ; 23.42924969241353 , 5.368522958932727 , 0.05326275518728453 ; 23.14320613335012 , 3.3493238710511166 , 0.33038343657126473 ; 23.30447697954568 , 1.9077336541295236 , 0.5683199318478982 ; 22.66961208719577 , 2.855988937745031 , 0.462464586149869 ; 24.10231865733422 , 1.8014224940966987 , 0.344682573184987 ; 23.31303198604517 , 1.046924705143057 , 1.3162366038580464 ; 24.389163992529895 , 4.712182732152097 , 0.266854375119688 ; 23.021089951165738 , 5.169544709473674 , 0.7662178729472171 ; 22.47707521856014 , 2.3010680238495644 , 0.3355195629295685 ; 23.917090484947753 , 5.783554523677465 , 0.5527840022727273 ; 22.882762044795204 , 2.921299323583529 , 0.5249342576137732 ; 23.222319221911448 , 1.5624728825687138 , 1.0387819489483785 ; 22.632758358359474 , 1.909097948734288 , 0.5715125578900713 ; 22.577847863041796 , 0.8455365252977775 , 0.7226434916280299 ; 24.382851527377984 , 2.0481385199913142 , 0.7090545931361312 ; 22.566074652358235 , 1.77157916393119 , 0.5955345506282154 ; 25.363756064070497 , 0.6165792227436 , 0.8778685611508275 ; 23.83119024077961 , 1.1526753816168993 , 0.3198394597791676 ]"
河南省,"[ 26.3284361084911 , 11.76351570081901 , 4.892793344032381 ; 25.01953086546437 , 1.9321536292932249 , 0.09182253913737057 ; 25.680253180294482 , 8.622479579224409 , 1.6940348368151248 ; 24.797094747353093 , 22.989213892488774 , 1.73295833356663 ; 23.890631152306195 , 5.858731342982464 , 0.051441769348240005 ; 22.895551172630164 , 0.7714196469268808 , 0.6142666414048735 ; 24.42217718189186 , 4.94921450792341 , 0.910062288227784 ; 22.67045312449164 , 0.8469144905530366 , 0.80544813068311 ; 24.264332827512693 , 2.487482939493724 , 1.4135172050635352 ; 24.96366262617857 , 10.611958365257944 , 0.6968058308086025 ; 24.09977005406009 , 1.6686282442314695 , 0.6713319855754685 ]"
吉林省,"[ 25.541638037987433 , 15.3090336880682 , 9.648202085198148 ; 23.619645180816892 , 0.8138818034851756 , 0.9348400755287722 ; 22.697382520288247 , 1.1063038881078044 , 0.1961816273712504 ; 24.041862611161328 , 5.523876533641435 , 0.4007134577938229 ]"
江苏省,"[ 26.785150249205362 , 17.323019664007404 , 1.2325846623123593 ; 23.256458453343807 , 1.1657678729653396 , 0.29368948688185303 ; 24.468077823856696 , 4.892487160364398 , 0.44285107311719496 ; 24.574243980639697 , 6.429935410678473 , -0.3435345119817204 ; 24.482228567839307 , 5.9536923054567 , 1.1136313264886408 ; 23.676016646198068 , 1.1319383494485973 , 0.674255068697199 ; 24.16245068698571 , 1.4534804577767484 , 1.1432451906932677 ; 22.956929484474035 , 6.868938233116106 , 4.785916695576923 ; 22.55769736314532 , 2.1244583477368835 , 0.28575698774020425 ; 24.262429514090318 , 8.038474021932538 , 0.7555247028386655 ; 25.862218148868017 , 9.88067173291983 , 1.0726699649343834 ; 25.24981281785694 , 3.0284910011648267 , 0.9394927655107852 ; 22.93398975341113 , 0.8864686338110411 , 0.38522191886193546 ; 25.76433807466465 , 1.3570070916833534 , 1.0036816643640551 ; 25.73674735776045 , 4.120305129840315 , 4.88671861746079 ; 25.813043796039285 , 11.375873393472475 , 0.779303330702794 ; 24.12054748394043 , 6.116922826616777 , 2.8210006463321324 ; 23.10761672332879 , 1.867853715875322 , 0.4454776717519877 ; 24.893799537526053 , 38.018749502923605 , 6.0720325251 ; 24.337358178548858 , 7.6393754104861396 , 0.4939500247215291 ; 24.48047679978582 , 3.3917277533313084 , 0.16780346521253495 ; 22.2534714213202 , 5.468831882711218 , 0.6100871763946543 ; 23.92079095702457 , 9.887576365292496 , 2.1526476230688467 ; 24.49246997102296 , 14.611717182057747 , 0.9192913352115792 ; 23.55046915693441 , 1.2147530438358631 , 0.5042402856733075 ; 23.94125534532016 , 4.941828515701063 , 4.158134135594096 ; 22.131884131794454 , 1.7646128303149218 , 0.9062064604297252 ; 25.075534715361144 , 0.8938071841711943 , 1.287466488241361 ; 24.651872236275228 , 1.8617811554593904 , 0.6218140620426093 ; 22.430573927772283 , 1.1933505551294834 , 0.2657525371980737 ; 22.465389990881416 , 3.3543583641423 , 0.714578758852941 ; 23.227898029321896 , 16.519917535508963 , 1.0136770313891752 ; 22.993909075553088 , 1.1479258456373505 , 0.8974061643927683 ; 23.91817824629227 , 12.294355373789713 , 0.7273944117465796 ; 24.971185249293665 , 0.5268352061296285 , 1.3082549060361093 ; 22.957064549811268 , 5.1657431965916505 , 0.03439571364904296 ; 21.912036539651016 , 4.906073848481288 , 0.3341159548999983 ; 23.055021307240235 , 5.192869091475207 , 2.597668089666666 ; 22.866449708294525 , 3.2343169596674466 , 0.8466631796909087 ; 24.06614082706203 , 4.631094433114097 , 0.05256146380253749 ; 24.558342578229325 , 5.198188325303446 , 0.4057882483162489 ; 22.515025306174465 , 5.124711391079819 , 1.461588422875 ; 24.899603204165658 , 11.66360194939768 , 1.4933528047505669 ; 24.14988775646132 , 1.5263937268736645 , 0.20496089224054875 ; 22.41838691072631 , 1.3977223886176464 , 0.3716974135802405 ; 25.952930913001737 , 9.406225719624837 , 1.0726694573354898 ; 22.938657718238076 , 3.4948213564363066 , 0.6219717395466667 ; 23.795600807739948 , 5.164441011858826 , 0.4473507365882113 ; 24.280802009793447 , 5.778145842057997 , 0.8863968163400996 ; 23.05242524548514 , 8.780463767300947 , 0.9012107552411136 ; 21.924711450614403 , 4.926672859898414 , 1.1876880712871287 ; 22.15914474719986 , 4.238241006502099 , 1.1057612799537189 ; 24.57923693678372 , 9.208014030037091 , 0.7290775932195448 ; 22.786471070771658 , 2.295591055783091 , 0.2950974118032222 ; 23.70566622376378 , 1.2500237238442378 , 2.1099584550509745 ; 23.42826224967971 , 8.409633413962206 , 0.3412180177087016 ; 21.93231078220177 , 1.5165723430302316 , 0.5272366033869788 ]"
内蒙古自治区,"[ 25.90830088394825 , 6.834010845121071 , 0.9563070916789721 ; 23.535247937567192 , 1.8131485850987992 , 0.3444489647474483 ; 24.089030723088232 , 6.230668749307427 , 0.1890424962536923 ; 23.45959474291955 , 0.9555312314627041 , 1.3795140741567256 ; 24.1906038444258 , 3.54250029580972 , 0.4881295089768354 ]"
山东省,"[ 23.93043381296064 , 6.388424798589172 , 0.8131151047083565 ; 23.90665300549839 , 2.470715709123679 , 1.5382504445416565 ; 24.596618114298554 , 5.536675075526767 , 0.9122149468745756 ; 22.263409692981934 , 5.527685374210017 , 0.4730990519155303 ; 23.99981956725845 , 2.40208884704312 , 1.4622304359084202 ; 24.619177779402488 , 1.6167077582571732 , 1.2074618047457737 ; 24.06856093456597 , 1.9934344319157133 , 1.3772793849297615 ; 23.37463187562898 , 2.941372784366107 , 0.5824778928245405 ; 24.84452270915205 , 6.196437079029678 , 0.6751009953772183 ; 23.82737028863069 , 1.5275616699571897 , 0.9005000580853307 ; 23.87433468747716 , 6.396308896672956 , 0.5146672379921886 ; 25.71393196444953 , 3.470730014119768 , 2.774513331436573 ; 24.086859269787197 , 8.902462719191028 , 1.0319383901417962 ; 25.30933246131188 , 2.041316062514435 , 1.0852252794323745 ; 22.633842011898714 , 1.8941547706778088 , 0.4013167253867685 ; 23.84881564026575 , 7.805753147991383 , 0.8096582383793557 ; 21.971380943727425 , 1.6952106807228702 , 1.1819018165612625 ; 25.44763860703354 , 2.52275905038656 , 1.081165599597673 ; 24.93344127816907 , 4.18250906663993 , 0.4226185592838211 ; 25.474023004836663 , 2.7277679463734392 , 0.4830107612655907 ; 23.32664337834438 , 3.1470280237061363 , 0.20451373936196696 ; 23.71406209822327 , 5.931730004026973 , 0.161584487435632 ; 23.571280126251803 , 2.468594979778812 , 1.7514353409306298 ; 22.57431541848279 , 1.931680194292556 , 2.170740533072789 ; 23.327110951218337 , 23.50218334990571 , 0.8211495783417294 ; 24.956175481308343 , 3.901107561048159 , 1.170816532123194 ; 25.383310240702944 , 4.892244251880997 , 0.4797470088859184 ; 23.554585068981552 , 4.712333264640477 , 2.0276147510357947 ; 23.45172177085187 , 1.0501158649911155 , 0.4437662829524351 ; 22.432557045020804 , 1.8911021662105123 , 0.8545264494618492 ; 23.723239174524647 , 2.013548939366753 , -1.4081543269117145 ; 21.752073496169785 , 1.7656724599778777 , 0.2778801985211572 ; 21.693405249665254 , 20.03211355135522 , 0.1063246252304098 ; 23.099844609848784 , 1.0692199782458125 , 1.069108036375 ; 21.36706047889656 , 1.5356470088763958 , -0.2674798641854598 ; 22.781933603094085 , 1.9279530347315184 , 0.5245913896336513 ; 24.74026562131182 , 3.073582177620493 , 0.40794945347320294 ; 22.708711761388997 , 0.9219878363180212 , 1.0030413957059725 ; 22.038490784011763 , 1.926126241519456 , 0.9761874697451408 ; 24.569764235213928 , 10.291269915525401 , 1.2217423189166667 ; 23.08185666581345 , 4.436892831590402 , 1.5425914465253456 ; 23.46809114149005 , 1.8245509756840352 , 1.322438139712662 ; 24.158107047741108 , 0.4400109756019665 , 0.7111702257607051 ; 22.57178100133691 , 3.668327642517336 , 0.9804348724628276 ; 25.538351371167263 , 2.34784188499303 , 1.0811655996203604 ; 23.202753848793307 , 1.6886512177324986 , 0.4751311974480413 ]"
云南省,"[ 23.54117644296132 , 1.9997089447677228 , 0.3631690932019523 ; 25.484324872460594 , 3.0805348168347684 , 3.6163312746196654 ; 24.52499651445412 , 9.839177005371528 , 0.9632430472861586 ; 23.41340226458135 , 3.206513693267953 , 1.115553462362394 ; 22.648714994564966 , 0.9728767141772909 , 0.040246737918390715 ; 24.90500205472386 , 13.458837293956671 , 0.05447569676780977 ]"
辽宁省,"[ 23.287195574864874 , 3.1091988306544964 , -0.3709264029164497 ; 21.487486613543812 , 2.317666633638007 , 0.4889444947724855 ; 22.797348612532293 , 1.1938619002279942 , 0.02665703634568976 ; 24.40017550778409 , 3.0653864881887536 , 0.4973233793435122 ; 25.323753788101737 , 2.7394617112424045 , 1.6568632441986524 ; 24.223057447379805 , 8.845103488199001 , 1.148349131348488 ]"
