manager,山西省,湖北省,河北省,云南省,广西壮族自治区,海南省,湖南省,贵州省,山东省,重庆,河南省,浙江省,北京,陕西省,安徽省,江西省,香港特别行政区,上海,新疆维吾尔自治区,黑龙江省,江苏省,福建省,吉林省,天津,广东省,甘肃省,内蒙古自治区,四川省,辽宁省
刘荟,0.0,0.0,,,,,0.0,0.925929744521628,0.0,0.0,0.0,0.01787910375602155,0.0,0.0,0.0,0.0,0.0,0.024732763060381104,0.0,,0.46047004418103216,0.4642683483433316,0.0,0.0,0.5304380825005092,0.0,0.5321525130993069,0.0,0.0
陈平,0.0,0.0,,,,,0.0,0.0,0.3135809824321392,0.0,0.0,1.0,0.1121826016060091,0.0,0.0,0.0,0.0,0.41911293665448246,0.0,,0.11692113842539355,0.0,0.0,0.0,0.2945474557142747,0.0,0.0,0.0,0.0
是星涛,0.0,0.0,,,,,0.0,0.8644594228860849,0.2732672102148818,0.5477178423236515,0.0,0.17110285709073145,0.0,0.0,0.0,0.0,0.0,0.0,0.0,,0.09601335274897313,0.0,0.0,0.0,0.3786755067641615,0.0,0.0,0.0,0.0
陆彬,0.0,0.0,,,,,0.0,0.0,0.0,0.0,0.0,0.16874274905317874,0.0,0.0,0.0,0.0,0.0,0.0,0.0,,0.0,0.9336691317071422,0.0,0.0,0.010681306949994456,0.0,0.0,0.06329586516031653,0.0
郭敏,0.0,0.0,,,,,0.0,0.0,0.0,0.0,0.4406884503180614,0.4336934861515727,0.11001726063092722,0.7052546354671303,0.0,0.0,0.0,0.0,0.0,,0.0,0.5276444494825798,0.0,0.0,0.13451695058753957,0.0,0.0,0.0,0.0
韩威俊,0.0,0.0,,,,,0.0,0.9644314994050153,0.45310517547634016,0.0,0.0,0.0,0.0,0.0,0.0,0.0,0.0,0.0,0.0,,0.15558154678092437,0.0,0.0,0.0,0.24253402280019695,0.0,0.9552655934587272,0.6959269084755062,0.0
余科苗,0.0,0.0,,,,,0.37244935704754256,0.6517465063429264,0.0,0.0,0.0,0.35638958202204707,0.10308080988122248,0.0,0.0,0.0,0.0,0.1110004539932565,0.0,,0.0,0.0,0.0,0.0,0.35907989523908596,0.0,0.0,0.0,0.0
申坤,0.0,0.0,,,,,1.0,0.0,0.0,0.0,0.0,0.5228236379000512,0.03688439287081896,0.0,0.0,0.0,0.0,0.0,0.0,,0.044477079312208005,0.0,0.0,0.0,0.0,0.0,0.0,0.0,0.0
高源,0.0,0.0,,,,,0.6091265546352037,0.0,0.16666850546306408,0.0,0.0,0.0,0.3147575519572589,0.0,0.0,0.0,0.0,0.9223312643443028,0.0,,0.20674375074285237,0.0,0.0,0.0,0.17190034304300028,0.0,0.0,0.0,0.0
赵晓东,0.0,0.0,,,,,0.0,0.0,0.5697400309653313,0.0,0.0,0.1657192234365528,0.0,0.0,0.0,0.0,0.0,0.0,0.0,,0.3984007618475386,0.478318780744643,0.0,0.0,0.1532491527069969,0.0,0.1544989469541834,0.0,0.0
易小金,0.0,0.0,,,,,0.7436821324155998,0.0,0.0,0.0,0.047629794952813234,0.36323770998202964,0.0,0.0,0.0,0.0,0.0,0.09469437999415013,0.0,,0.4112569390616763,0.0,0.603600962620072,0.0,0.0,0.0,0.0,0.0,0.0
朱晓龙,0.0,0.0,,,,,0.0,0.7036266158029723,0.0,0.0,0.0,0.09315626718147871,0.28078941225309306,0.0,0.0,0.0,0.0,0.20760770675983398,0.0,,0.0,0.0,0.0,0.0,0.6433893525160066,0.0,0.0,0.0,0.0
王品,0.0,0.0,,,,,0.45574136131105863,0.0,0.0,0.0,0.0,0.06129315013056887,0.12689726072292262,0.0,0.0,0.0,0.0,0.0,0.0,,0.15869587568351534,0.2855205968599819,0.0,0.0,0.18900349919332032,0.0,0.0,0.0,0.0
王创练,0.0,0.0,,,,,0.0,0.0,0.5805668641533999,0.0,0.0,0.02713377898409207,0.0,0.0,0.0,0.0,0.0,0.0,0.0,,0.09528052658481863,0.25322100942363385,0.0,0.0,0.09637372347347584,0.0,0.0,0.2067968714266112,0.0
蔡宇滨,0.0,0.0,,,,,0.0,0.0,0.0,0.0,0.0,0.16478380465005968,0.1134233891323572,0.0,0.0,0.0,0.0,0.0,0.0,,0.0,0.0,0.056452520060266013,0.0,0.31069114869981457,0.0,0.0,0.0,0.0
张航,0.0,0.0,,,,,0.0,0.0,0.11143657807345626,0.0,0.0,0.0,0.22334750445315074,0.0,0.0,0.0,0.0,0.0,0.0,,0.19665918770777077,0.10226238809621113,0.0,0.0,0.6833954208787778,0.0,0.0,0.0,0.0
田俊维,0.0,0.0,,,,,0.0,0.0,0.41312054781422275,0.0,0.0,0.10094230174387601,0.0,0.0,0.0,0.0,0.0,0.0,0.0,,0.0,0.0,0.0,0.0,0.5002782765505913,0.0,0.0,0.0,0.0
张勋,0.0,0.0,,,,,0.0,0.0,0.0,0.0,0.0,0.11270386614886922,0.040103080809881224,0.0,0.0,0.3246976891421334,0.0,0.0,0.0,,0.2783259187853606,0.0,0.7800895468459194,0.0,0.04984523955850513,0.0,0.0,0.759554955861501,0.0
李林益,0.0,0.0,,,,,0.32796192428149074,0.0,0.7168051280353931,0.0,0.2327796864246447,0.0,0.05065379958119109,0.05227426569157055,0.37897240390332626,0.0,0.0,0.0,0.0,,0.0,0.20902777570617587,0.0,0.0,0.007880061302497571,0.0,0.0,0.0,0.0
李湘杰,0.0,0.0,,,,,0.0,0.0,0.0,0.0,0.15322394139757534,0.0,0.0,0.0,0.0,0.0,0.6371192250132759,0.0,0.0,,0.12863687770844892,0.056513464251941245,0.0,0.0,0.0,0.0,0.0,0.0,0.0
肖勇,0.0,0.0,,,,,0.0,0.9896850660927319,0.06361867775828654,0.0,0.7574095900449438,0.0,0.0,0.0,0.5698996187611486,0.0,0.0,0.0,0.0,,0.21530651456938626,0.0,0.0,0.0,0.546018775823849,0.0,0.0,0.9699275030874075,0.0
杨梦,0.0,0.0,,,,,0.0,0.7998960387320163,0.0,0.0,0.0,0.0,0.022143285085595935,0.0,0.8099122101360569,0.0,0.0,0.0,0.0,,0.2998826748957091,0.0,0.0,0.0,0.7488052373580791,0.0,0.0,0.3341158578420162,0.0
程卉超,0.0,0.0,,,,,0.0,0.0,0.0,0.0,0.5881112197785969,0.0,0.0,0.0,0.0,0.0,0.0,0.0,0.0,,0.0,0.0,0.0,0.0,0.08074940842058394,0.0,1.0,0.0,0.0
丘栋荣,0.0,0.0,,,,,0.0,0.0,0.0,0.0,0.0,0.0,0.0,0.0,0.0,0.0,0.0,0.0,0.0,,0.0,0.0,0.0,0.0,0.0,0.0,0.0,0.0,0.0
兰兰,0.0,0.0,,,,,0.0,0.0,0.0,0.0,0.0,0.44630754214567486,0.07148615067231363,0.0,0.0,0.0,0.0,0.0,0.0,,0.7637966374581359,0.0,0.9589173592031794,0.0,0.0637685220442303,0.0,0.0,0.0,0.0
张帆,0.0,0.0,,,,,0.0,0.0,0.0,0.0,0.0,0.0,0.04092528941167812,0.0,0.0,0.0,0.0,0.0,0.0,,0.37755422731319666,0.0,0.0,0.0,0.16809149990845884,0.0,0.0,0.0,0.0
袁玮,0.0,0.0,,,,,0.0,0.0,0.0,0.0,0.0,0.0,0.13080016421173193,0.0,0.7138819908362772,0.0,0.0,0.0722441442944891,0.0,,0.1951038462071324,0.4215159551460081,0.0,0.0,0.48824383644301106,0.0,0.0,0.0,0.0
魏刚,0.0,0.0,,,,,0.0,0.7107346453073516,0.0,0.0,0.0,0.0,0.022143285085595935,0.0,0.0,0.0,0.0,0.17070505332177716,0.0,,0.37810184169058975,0.0,0.0,0.0,0.7044019697252305,0.0,0.0,0.37969800576316154,0.0
李耀柱,0.0,0.0,,,,,0.0,0.0,0.41312054781422275,0.0,0.15322394139757534,0.024223034355908606,0.3825178902242272,0.0,0.6930502605715085,0.0,0.0,0.0,0.0,,0.0,0.0,0.9740776027215151,0.0,0.4713602931380226,0.0,0.0,0.0,0.0
吴越,0.0,0.0,,,,,0.0,1.0,0.0,0.0,0.0,0.0,0.1872427723264134,0.0,0.0,0.0,0.6371192250132759,0.0,0.0,,0.21008777142823812,0.0,0.0,0.0,0.5274859873252015,0.0,0.8769393897435523,0.9699275030874075,0.0
蒋一茜,0.0,0.0,,,,,0.0,0.9997645835749789,0.0,0.0,0.0,0.0,0.0,0.0,0.0,0.0,0.0,0.0,0.0,,0.0,0.07129624933998764,0.0,0.0,1.0,0.0,0.0,0.0,0.0
邹新进,0.0,0.0,,,,,0.0,0.0,0.183217673039935,0.0,0.0,0.0,0.4088435147290334,0.0,0.0,0.0,0.0,0.0,0.0,,0.31229040624819987,0.0,0.0,0.0,0.14300879053060356,0.0,0.0,0.0,0.0
李博,0.0,0.0,,,,,0.0,0.0,0.0,0.0,0.0,0.08080177331518885,0.0,0.0,0.0,0.0,0.0,0.0,0.0,,0.03328124555655777,0.0,0.0,0.0,0.1991456587568796,0.0,0.0,0.03168023601518547,0.0
曹春林,0.0,0.7248240816293555,,,,,0.0,0.0,0.0,0.0,0.0,0.0,0.0,0.0,0.0,0.0,0.0,0.0,0.0,,0.1460278269771905,0.9933342481527111,0.0,0.0,0.045023856573472305,0.0,0.0,0.06191396423180717,0.0
潘中宁,0.0,0.0,,,,,0.0,0.9894595302840894,0.0,0.0,0.0,0.0,1.0,0.0,1.0,0.0,0.5684308771703973,0.0,0.0,,0.0,0.0,0.0,0.0,0.5460785139559451,0.0,0.0,0.7047214471938892,0.0
徐幼华,0.0,0.0,,,,,0.0,0.0,0.0,0.0,0.0,0.0,0.060843436532970564,0.0,0.0,0.0,1.0,0.03767426253012416,0.0,,0.0,0.0,0.0,0.0,0.08084653660658185,0.0,0.0,0.0,0.0
史程,0.0,0.0,,,,,0.0,0.0,0.0,0.0,0.0,0.0,0.1234888323372918,0.0,0.0,0.0,0.23836956696651274,0.0,0.0,,0.0,0.0,0.0,0.0,0.021236691074779244,0.0,0.0,0.0,0.0
李欣,0.0,0.0,,,,,0.0,0.0,0.0,0.0,0.0,0.0,0.03828387240702431,0.0,0.0,0.0,0.0,0.0,0.0,,0.40839782325107943,0.5276444494825798,0.0,0.0,0.7405686812313104,0.0,0.0,0.0,0.0
吴云峰,0.0,0.0,,,,,0.0,0.0,0.6596571747996632,0.0,0.0,0.0,0.0,0.0,0.0,0.0,0.0,0.0,0.0,,0.11328325809408323,0.4197245995925075,0.0,0.0,0.0,1.0,0.0,0.0,0.0
吴振翔,0.0,0.0,,,,,0.0,0.720427529974783,0.0,0.0,0.0,0.0,0.07916086425048498,0.0,0.640096533874296,0.0,0.0,0.0,0.0,,0.3367376329204472,0.0,0.0,0.0,0.5197703133286516,0.0,0.0,0.37739445638750385,0.0
孙迪,0.0,0.4922725179553883,,,,,0.0,0.0,0.9842139329280626,0.0,0.0,0.1784186944439607,0.0,0.0,0.0,0.0,0.0,0.0,0.0,,0.10752710909922175,0.4866416483454197,0.0,0.0,0.2698571270170215,0.0,0.0,0.0,0.0
颜媛,0.0,0.0,,,,,0.5817753872374006,0.0,0.4197475700305608,0.0,0.0,0.39860450112241963,0.0,0.0,0.0,0.0,0.0,0.0,0.0,,0.7069380772828994,0.0,0.9387497187813174,0.0,0.034425065604502626,0.0,0.0,0.0,0.0
姚锦,0.0,0.0,,,,,0.0,0.0,0.0,0.0,0.0,0.8035305425014325,0.0,0.0,0.0,0.0,0.0,0.0,0.0,,0.22603275623576735,0.9391759466143232,0.7878665216828126,0.0,0.23239959910985875,0.0,0.0,0.4977101724374513,0.0
马君,1.0,0.0,,,,,0.0,0.9020517314706226,0.0,0.0,0.0,0.0,0.0,0.0,0.2920779266202651,0.0,0.0,0.0,0.0,,0.24232993511024842,0.0,0.0,0.0,0.006539606381579683,0.0,1.0,0.9265111146686181,0.0
彭敢,0.0,0.0,,,,,0.0,0.0,0.397354707502657,0.0,0.0,0.0,0.05065379958119109,0.0,0.0,0.0,0.0,0.0,0.0,,0.056407926772801285,0.0,0.0,0.0,0.0,0.0,0.0,0.0,0.0
杜晓海,0.0,0.0,,,,,0.0,0.0,0.41624282409705904,0.0,0.047629794952813234,0.09229133651276207,0.03405323541959662,0.0,0.0,0.0,0.0,0.0,0.0,,0.0,0.0,0.0,0.0,0.1474788359401793,0.0,0.0,0.0,0.0
童立,0.0,0.0,,,,,0.0,0.0,0.0,0.0,0.0,0.18006977494387902,0.35614856791960525,0.0,0.0,0.0,0.0,0.0,0.0,,0.0,0.8668072704275683,0.0,0.0,0.11766198703639555,0.0,0.0,0.0,0.0
王翔,0.0,0.0,,,,,0.3230353164893399,0.9288595620738985,0.0,0.0,1.0,0.0,0.0,0.0,0.0,0.0,0.0,0.0,0.0,,0.12205529665605223,0.20902777570617587,0.0,0.0,0.14590308154212053,0.0,0.0,0.7579820930338926,0.0
李宜璇,0.0,0.0,,,,,0.0,0.0,0.0,0.0,0.0,0.07134558499747484,0.0,1.0,0.0,0.0,0.0,0.18207462357140164,1.0,,0.0,0.0,0.0,0.0,0.04527806596293142,0.0,0.0,0.1337642363811005,0.0
林博程,0.0,0.0,,,,,0.0,0.9638631491672358,0.0,0.0,0.0,0.0,0.20861329632053022,0.0,0.0,0.0,0.0,0.0,0.0,,0.0,0.7007884350920733,0.0,0.0,0.5153297072143894,0.0,0.0,0.72008130174267,0.0
左金保,0.0,0.0,,,,,0.0,0.0,0.0,1.0,0.0,0.2945764783638795,0.0,0.0,0.6930502605715085,0.0,0.0,0.0,0.0,,0.14527968802751634,0.0,0.6503855252483246,0.0,0.46567485609126946,0.0,0.0,0.7535522343685678,0.0
钟,0.0,0.5306069688719411,,,,,0.0,0.9417614991043005,0.0,0.0,0.9631087817260298,0.5227539790542484,0.0,0.0,0.0,0.0,0.0,0.0,0.0,,0.1555815467809243,0.0,0.0,0.0,0.36492907493568494,0.0,0.0,0.6085967159127292,0.0
提云涛,0.0,0.0,,,,,0.0,0.7840612770052283,0.16900745448059518,0.0,0.0,0.0,0.0,0.0,0.9592669021720122,0.0,0.0,0.15474889507372455,0.0,,0.0,0.37317620316149624,0.0,0.0,0.5649514659909524,0.0,0.0,0.3414158624159539,0.0
兰乔,0.0,0.319957343329644,,,,,0.0,0.00743752658100602,0.0,0.0,0.2327796864246447,0.0,0.0,0.0,0.0,0.0,0.0,0.0,0.0,,0.0,0.0,0.0,0.0,0.0,0.0,0.0,0.0,0.0
潘龙玲,0.0,0.0,,,,,0.0,0.0,0.0,0.0,0.0,0.2143070976558969,0.0,0.0,0.0,0.0,0.0,0.0,0.0,,0.9763082040800554,0.0,0.0,1.0,0.097879855012545,0.0,0.0,0.0,0.0
刘晨,0.0,0.0,,,,,0.0,0.0,0.0,0.0,0.0,0.6437389551338984,0.11277942155612462,0.0,0.9491518309957679,0.0,0.0,0.0,0.0,,0.0,0.0,0.0,0.0,0.01895912106727545,0.0,0.0,0.0,0.0
张丹华,0.0,0.0,,,,,0.0,0.0,0.0,0.0,0.0,0.4381450181071535,0.2492350010176988,0.0,0.0,0.0,0.0,0.0,0.0,,0.7169890980258902,0.07129624933998764,0.5679952687087118,0.0,0.03216124826050295,0.0,0.0,0.0,0.0
庞琳琳,0.0,0.0,,,,,0.0,0.0,0.0,0.0,0.0,0.0,0.08642849832510933,0.0,0.0,0.5509591642924977,0.0,0.0,0.0,,0.0,0.0,0.0,0.0,0.5408376747340363,0.0,0.0,0.0,0.0
吴培文,0.0,0.0,,,,,0.0,0.41151263644916447,0.2735669340276629,0.0,0.0,0.024223034355908606,0.0,0.0,0.9796369486901472,0.0,0.0,0.09712225697453869,0.0,,0.0,0.0,0.0,0.0,0.32518967931367343,0.0,0.1544989469541834,0.0,0.0
聂毅翔,0.0,0.0,,,,,0.0,0.9999999999999998,0.0,0.0,0.0,0.0,0.33797833279094397,0.0,0.0,0.0,0.7616304330334873,0.0,0.0,,0.0,0.899057636603912,0.0,0.0,0.0727900544175704,0.0,0.0,0.0,0.0
樊勇,0.0,1.0,,,,,0.0,0.0,0.0,0.0,0.0,0.4302553245480261,0.0,0.0,0.0,0.6950427350427351,0.0,0.2353282120022897,0.0,,0.0,0.9193502197058061,0.0,0.0,0.09250148915559506,0.0,0.0,0.0,0.0
姚爽,0.0,0.0,,,,,0.0,0.8715412472774607,0.0,0.0,0.5881112197785969,0.0,0.0,0.0,0.0,0.0,0.0,0.0,0.0,,0.0,0.19309052833802176,0.0,0.0,0.15052548067707802,0.0,0.0,1.0,0.0
李游,0.0,0.0,,,,,0.0,0.0,0.0,0.0,0.15545301803044362,0.18123573133910006,0.4568259988109598,0.0,0.0,1.0,0.0,0.0,0.0,,0.0,0.42546260526637636,0.0,0.0,0.0,0.0,0.0,0.20380551616886977,0.0
王平,0.0,0.0,,,,,0.0,0.6560166509865581,0.0,0.0,0.0,0.0,0.0,0.0,0.0,0.0,0.0,0.024732763060381104,0.0,,0.3197586705002103,0.29316779080069555,0.0,0.0,0.4804338277702377,0.0,0.0,0.19642775465398163,0.0
李,0.0,0.0,,,,,0.0,0.0,0.0,0.0,0.0,0.18272759162004082,0.08221281058498704,0.0,0.0,0.0,0.0,0.301758371510039,0.0,,0.18588700768483082,0.0,0.0,0.0,0.7379234423604383,0.0,0.0,0.0,0.0
王凯,0.0,0.0,,,,,0.0,0.0,0.0,0.0,0.0,0.026078945033365754,0.2056429958751577,0.0,0.7138819908362772,0.0,0.0,0.0,0.0,,0.0,0.0,0.0,0.0,0.2482022690175699,0.0,0.0,0.0,0.0
林晶,0.0,0.0,,,,,0.3255616415084516,0.0,0.0,0.0,0.0,0.0,0.1512334853940104,0.0,0.0,0.0,0.0,0.35482892708652963,0.0,,0.15817524097584737,0.9638298316632905,0.05091592072700994,0.0,0.18991160475532717,0.0,0.0,0.0,0.0
郭睿,0.0,0.0,,,,,0.0,0.8346835410410731,0.06778906798765799,0.0,0.9770739468309496,0.6153654145489135,0.2585736808151709,0.0,0.3030883844566472,0.0,0.0,0.0,0.0,,0.07528494541721144,0.0,0.0,0.0,0.2650449841027805,0.0,0.0,0.09863811004894113,0.0
程,0.0,0.0,,,,,0.0,0.5001426245494652,0.0,0.0,0.0,0.0,0.3268606925641294,0.0,0.18077017243188417,0.0,0.6420996733340844,0.0,0.0,,0.0,0.0,0.0,0.0,0.2995983362715326,0.0,0.0,0.0,0.0
李双全,0.0,0.0,,,,,0.0,0.0,0.0,0.0,0.0,0.3230893366404699,0.06582728559617022,0.0,0.0,0.0,0.0,0.0,0.0,,0.21747072158949632,0.0,0.0,0.4389859291606017,0.3119862628082424,0.0,0.0,0.0,0.0
董梁,0.0,0.0,,,,,0.0,0.0,0.05260428733768024,0.0,0.0,0.0,0.0,0.05227426569157055,0.0,0.0,0.0,0.033889789099496304,0.0,,0.0,0.0,0.0,0.0,0.0,0.0,0.0,0.0,0.3560920259801236
潘明,0.0,0.0,,,,,0.0,0.0,0.0,0.0,0.0,0.0,0.3396365492997428,0.0,0.0,0.0,0.0,0.3585272674092059,0.0,,0.0994361249027456,0.0,0.0,0.0,0.007655291208351992,0.0,0.0,0.0,0.0
陶灿,0.0,0.0,,,,,0.0,0.8812611962419292,0.0,0.0,0.0,0.6071730367193338,0.2525180857143842,0.0,0.0,0.0,0.0,0.0,0.0,,0.5472760377511207,0.8692772827477993,0.0,0.0,0.13908777723435656,0.0,0.0,0.0,1.0
李亚,0.0,0.0,,,,,0.0,0.0,0.0,1.0,0.0,0.0,0.37554004155890747,0.0,0.0,0.0,0.0,0.0,0.0,,0.0,0.3401711109984159,0.0,0.0,0.1392345439401897,0.0,0.0,0.0,0.0
范妍,0.0,0.0,,,,,0.0,0.0,0.0,0.0,0.21211893238374668,0.0,0.03688439287081896,0.0,0.0,0.0,0.0,0.06395742153363587,0.0,,0.0,0.536138845716706,0.0,0.0,0.2503835703805449,0.0,0.0,0.0,0.0
刘伟林,0.0,0.0,,,,,0.6260655364878602,0.8431430670292421,0.0,0.0,0.0,0.6341525711162914,0.0,0.0,0.0,0.0,0.0,0.0,0.0,,0.8369859187999443,0.0,0.9615574061070472,0.0,0.3697723762281772,0.0,0.0,0.887884210767049,0.0
袁芳,0.0,0.25324974349445384,,,,,0.0,0.0,0.0,0.0,0.0,0.0,0.480703396583982,0.0,0.0,0.0,0.0,0.0,0.0,,0.0,0.740280292702426,0.0,0.0,0.3257827629272888,0.0,0.0,0.0,0.0
史高飞,0.0,0.0,,,,,0.0,0.0,0.0,0.0,0.0,0.08819639150593303,0.0,0.0,0.0,0.0,0.0,0.0,0.0,,0.0,0.0,0.0,0.0,0.0,0.0,0.0,0.0,0.0
周大鹏,0.0,0.0,,,,,0.32796192428149074,0.6434119916315478,0.0,0.0,0.0,0.0,0.02172240627684396,0.0,0.0,0.0,0.0,0.03767426253012416,0.0,,0.5053715064062131,0.0,0.0,0.0,0.0,0.0,0.0,0.484759067831496,0.0
应帅,0.0,0.5383465692888132,,,,,0.0,0.9900132743933087,0.0,0.0,0.0,0.0,0.0,0.0,0.0,0.0,0.0,0.0,0.0,,0.19305484966855113,0.0,0.0,0.0,0.21365364432689732,0.0,0.0,0.0,0.0
杨威风,0.0,0.0,,,,,0.0,0.0,0.0,0.0,0.0,0.0,0.0461885744052787,0.0,0.0,0.0,0.43958289751058033,0.0,0.0,,0.13365290873652746,0.0,0.0,0.0,0.05566820324029943,0.0,0.0,0.0,0.0
王筱苓,0.0,0.0,,,,,0.0,0.8601153884156219,0.09239768017446502,0.0,0.5283831114008911,0.18272759162004082,0.0,0.0,0.0,0.0,0.0,0.0,0.0,,0.08379812498587214,0.0,0.0,0.0,0.7678240965574505,0.0,0.0,0.4983419475826739,0.0
徐治彪,0.0,1.0,,,,,0.7436821324155998,0.0,0.10061710007097756,0.0,0.0,0.2320162006572809,0.0,0.0,0.37897240390332626,0.0,0.0,0.09469437999415013,0.0,,0.23983540943107168,0.0,0.0,0.0,0.0,0.0,0.0,0.0,0.0
刘斌,0.0,0.0,,,,,0.0,0.00743752658100602,0.0,0.0,0.0,0.0,0.0,0.0,0.0,0.0,0.0,0.05294673923381012,0.0,,0.0,0.0,0.0,0.0,0.06419249087381847,1.0,0.0,0.0162123221881718,0.0
饶玉涵,0.0,0.0,,,,,0.0,0.6673372598043641,0.11143657807345626,0.0,0.0,0.6148670220926347,0.06098487941132164,0.0,0.0,0.0,0.0,0.06395742153363587,0.0,,0.31665382094103633,0.0,0.0,0.0,0.0,0.0,0.0,0.0,0.0
姚志鹏,0.0,0.0,,,,,0.0,0.0,0.0,0.0,0.0,0.0,0.0,1.0,0.5579518030149349,0.0,0.0,0.2353282120022897,0.0,,0.4509498666693889,0.9933342481527111,0.0,0.0,0.043479475439032286,0.0,0.0,0.14050965100855328,0.0
张琦,0.0,0.33260892396933245,,,,,0.0,0.0,0.5426711091987629,0.0,0.0,0.0,0.4656115564581323,0.0,0.0,0.0,0.0,0.1455828968358644,0.0,,0.0,0.0,0.0,0.0,0.14358554285630787,0.0,0.0,0.0,0.0
李威,0.0,0.0,,,,,0.0,0.9931359787609707,0.0,0.0,0.0,0.16426550966640874,0.2510139614470411,0.0,0.0,0.0,0.0,0.0,0.0,,0.30276220775366536,0.40726416304467783,0.5156749589250289,0.0,0.2580107116057868,0.0,0.0,0.5859963179801491,0.0
张自力,0.0,0.0,,,,,0.0,0.6333466506858435,0.0,0.0,0.4837709289398234,0.24339464141035944,0.0,0.0,0.0,0.2671225071225071,0.0,0.0,0.0,,0.3270862029614927,0.0,0.43979704532904296,0.0,0.3843804983793347,0.0,0.0,0.3281811736724146,0.0
张继圣,0.0,0.0,,,,,0.0,0.0,0.3256912955056139,0.0,0.0,0.3648821563061572,0.0,0.7712594401603334,0.0,0.0,0.0,0.0,0.0,,0.655918063472225,0.0,0.0,0.0,0.03546446612590048,0.0,0.0,0.0,0.0
张林,0.0,0.0,,,,,0.0,0.0,0.45026239624591324,0.0,0.0,0.0,0.3944301404424287,0.0,0.0,0.0,0.0,0.31713313127941756,0.0,,0.21530651456938626,0.0,0.0,0.0,0.2449211843449993,0.0,0.0,0.0,0.0
何|华,0.0,0.33260892396933245,,,,,0.0,0.875095691621667,0.0,0.0,0.0,0.6303818714512343,0.0,0.0,0.3030883844566472,0.0,0.0,0.0,0.0,,0.21086872348974006,0.0,0.0,0.0,0.31112199386115497,0.0,0.0,0.679911265608562,1.0
韩林,0.0,0.0,,,,,0.0,0.0,0.4707760088556434,0.0,0.0,0.6524288961477831,0.0,0.0,0.7887517050820189,0.0,0.0,0.0,0.0,,0.08117234685938414,0.04108334501716777,0.0,0.0,0.24428147060669014,0.0,0.0,0.0,0.0
林景艺,1.0,0.3105211707963386,,,,,0.0,0.0,0.0,0.0,0.0,0.0,0.0,0.0,0.0,0.0,0.0,0.0,0.0,,0.011425525538444937,0.0,0.0,0.0,0.1068107057609048,0.0,0.0,0.22322759914009963,0.0
沙炜,0.0,0.4922725179553883,,,,,0.0,0.0,0.13076784459963886,0.0,0.0,0.0,0.0,0.0,1.0,0.0,0.0,0.05137839889318956,0.0,,0.18438635470390544,0.3378621864382004,0.0,0.0,0.29288768113762026,0.0,0.0,0.0,0.0
金笑非,0.0,0.0,,,,,0.6069071150847908,0.0,0.0,0.0,0.0,0.46627392345985524,0.0,0.0,0.0,0.0,0.0,0.0,0.0,,0.9103560368469371,0.0,0.974077602721515,0.0,0.11784270563025447,0.0,0.0,0.0,0.0
贺宁,0.0,0.0,,,,,0.6260655364878602,0.0,0.0,0.0,0.0,0.5545374859956694,0.09346039426914854,0.0,0.9368892308768494,0.0,0.0,0.3814314963653623,0.0,,0.0,0.0,0.0,0.0,0.035380231061937696,0.0,0.0,0.0,0.0
杨柯,0.0,0.0,,,,,0.0,0.0,0.0,0.0,1.0,0.0,0.0,0.0,0.0,0.0,0.0,0.0,0.0,,0.0,0.13300479385241376,0.0,0.0,0.2600959592096001,0.0,0.0,0.09863811004894113,0.0
姜锋,0.0,0.0,,,,,0.0,0.0,0.09927293990445614,0.0,0.0,0.3235985096324085,0.1234888323372918,0.0,0.0,0.0,0.0,0.0,1.0,,0.0,0.7600732054376067,0.0,0.0,0.0060322620294977446,0.0,0.0,0.023114965924164114,0.0
吴国清,0.0,0.0,,,,,0.0,0.0,0.11953095981494355,0.0,0.0,0.0,0.0,0.0,0.0,0.0,0.0,1.0,0.0,,0.0,0.0,0.0,0.0,0.1465369933755139,0.0,0.0,0.0,0.0
谢泽林,0.0,0.0,,,,,0.0,0.5182885913248187,0.0,0.0,0.0,0.0,0.19656995270288136,0.0,0.0,0.0,0.0,0.0,0.0,,0.1941179944917723,0.0,0.0,0.0,0.3023134128867615,0.0,0.0,0.0,0.0
杜洋,0.0,0.0,,,,,0.0,0.0,0.0,0.5477178423236515,0.0,0.3306680532094069,0.0,0.0,0.0,0.0,0.0,0.0,0.8741818568033668,,0.03328124555655777,0.0,0.0,0.0,0.015577470042830948,0.0,0.0,0.0,0.0
鲍无可,0.0,0.0,,,,,0.0,0.0,0.5426711091987629,0.0,0.0,0.0,0.0,0.0,0.18077017243188417,0.0,0.43958289751058033,0.0,0.0,,0.0,0.0,0.0,0.0,0.012378256695183385,0.0,0.0,0.023114965924164114,0.0
陈一峰,0.0,0.0,,,,,0.0,0.0,0.40799214466179023,0.0,0.0,0.6621363538735708,0.13080016421173193,0.0,0.2920779266202651,0.0,0.0,0.0,0.0,,0.0,0.0,0.8245987946796834,0.0,0.45441808612777435,0.0,0.0,0.0,0.0
杨琨,0.0,0.0,,,,,0.0,0.7050227898564733,0.0,0.0,0.15545301803044362,0.3307426876870526,0.3099105460040087,0.0,0.0,0.0,0.0,0.0,0.0,,0.6478336418981147,0.0,0.0,0.0,0.10745385766509001,0.0,0.0,0.0,0.0
李佳存,0.0,0.0,,,,,0.0,0.0,0.0,0.0,0.18652077360104544,0.18314886178275228,0.0,0.0,0.0,0.0,0.0,0.1110004539932565,0.0,,0.0,0.0,0.749777581587505,0.8695617014394307,0.022845537819394864,0.0,0.0,0.0,0.0
赵伟,0.0,0.0,,,,,0.6069071150847908,0.0,0.0,0.0,0.18652077360104544,0.5185105943641017,0.04771799739883097,0.0,0.0,0.0,0.0,0.0,0.0,,1.0,0.0,0.0,0.0,0.0,0.0,0.0,0.0,0.0
杨鑫鑫,0.0,0.0,,,,,0.0,0.0,0.13135442065041908,0.0,0.5084886024525417,0.0,0.0,0.0,0.0,0.304957264957265,0.0,0.0,0.0,,0.0,0.0,0.0,0.0,0.09653037490620256,0.0,0.0,0.0,0.0
光磊,0.0,0.0,,,,,0.6928350463205256,0.0,0.11953095981494355,0.0,0.0,0.0,0.0,0.0,0.0,0.0,0.0,0.0,0.0,,0.11204000574594047,0.0,0.9597456760497125,1.0,0.06261802578796316,0.0,0.0,0.0,0.0
王鹏,0.0,0.7588847865954645,,,,,0.0,0.0,0.0,0.0,0.5063263981186594,0.4947959037281579,0.086751632055326,0.0,0.0,0.3246976891421334,0.0,0.0,0.0,,0.0,1.0,0.5391950669130028,0.0,0.2145075987763568,0.0,0.0,0.0,0.0
黄安乐,0.0,0.0,,,,,0.44731297111714535,0.0,0.0,0.0,0.0,0.42036874407588826,0.45729747507213003,0.0,0.9069217585953622,0.0,0.0,0.20239485928900708,0.0,,0.15954245396867298,0.0,0.0,0.0,0.053498935457890646,0.0,0.0,0.0,0.0
王晓宁,0.0,0.0,,,,,0.0,0.6140498068983887,0.0,0.0,0.0,0.0,0.0,0.0,0.0,0.0,0.0,0.0,0.0,,0.33180618680285784,0.0,0.0,0.0,0.6398536286832424,0.0,0.1299145174572405,0.24497552943328896,0.0
贾成东,0.0,0.5383465692888132,,,,,0.5817836073838836,0.0,0.0,0.0,0.0,0.9434585782795427,0.0,0.0,0.0,0.0,0.0,0.3585272674092059,0.0,,0.0,0.0,0.9266164108996952,0.0,0.3003345335397379,0.0,0.0,0.0,0.0
许杰,0.0,0.319957343329644,,,,,0.0,0.0,0.2489785486012276,0.0,0.0,0.0,0.0,0.0,0.0,0.0,0.0,0.0,0.0,,0.06542496990308466,0.060428791752306664,0.0,0.4389859291606017,0.01478755143281265,0.0,0.0,0.03168023601518547,0.0
齐海滔,0.0,0.0,,,,,0.0,0.0,0.4595758999988967,0.0,0.0,0.0,0.0,0.0,0.0,0.0,0.0,0.0722441442944891,0.0,,0.5688152935351609,0.0,1.0,0.0,0.01670626287700563,0.0,0.0,0.0,0.0
杨,0.0,0.0,,,,,0.0,0.0,0.0,0.0,0.0,0.42603681801709453,0.6116496034424667,0.0,0.0,0.0,0.0,0.3020113875146471,0.0,,0.08441865738954925,0.0,0.0,0.0,0.16773221157441354,0.0,0.0,0.0,0.0
朱睿,0.0,0.0,,,,,0.0,0.0,1.0,0.0,0.0,0.0,0.0,0.0,0.0,0.0,0.0,0.0,0.0,,0.058526195436352395,0.437004244960787,0.0,0.0,0.028787333109279528,0.0,0.0,0.0,0.0
李孟海,0.0,0.25324974349445384,,,,,0.0,0.0,0.20858938573167546,0.0,0.0,0.023566250952626176,0.040103080809881224,0.0,0.0,0.0,0.0,0.0,0.0,,0.2365869113601181,0.0,0.0,0.0,0.018653983845777627,0.0,0.0,0.0,0.0
毕天宇,0.0,0.0,,,,,0.0,0.748931819451067,0.31331067936171697,0.0,0.0,0.20150977255557573,0.5228568241589034,0.0,0.9491518309957679,0.0,0.0,0.33082470656424007,0.0,,0.0,0.0,0.0,0.0,0.16430307088380627,0.0,0.0,0.0,0.0
蒲世林,0.0,0.0,,,,,0.0,0.0,0.6689688397562492,0.0,0.0,0.23908823205020077,0.0,0.0,0.0,0.0,0.0,0.1455828968358644,0.0,,0.0,0.0,0.0,0.0,0.3423413995569923,0.0,0.9515125235933275,0.0,0.0
何晓春,0.0,0.0,,,,,0.0,0.0,0.0,0.0,0.0,0.0,0.0,0.0,0.0,0.0,0.0,0.27912869183547856,0.0,,0.0,0.0,0.0,0.0,0.3255322065890729,0.0,0.0,0.0,0.0
