,PROVINCE,MKT_CAP_CSRC,PB_LYR
601939.SH,北京,60919725798.1,0.7430282240210594
601336.SH,北京,94095023020.79999,1.6666936163218904
603885.SH,上海,18717692374.640003,1.4510929478257453
603379.SH,浙江省,13094775343.65,2.64404470771743
603301.SH,浙江省,5364800000.0,3.948230056272784
601818.SH,北京,146901103538.85,0.6051239003669441
603986.SH,北京,99332340037.65001,19.009238416970454
601222.SH,江苏省,9122317799.37,0.8864686338110411
603899.SH,上海,48484000000.0,11.539687149193346
601318.SH,广东省,790459528419.0599,1.9815604523846448
603259.SH,江苏省,153391503795.6,9.88067173291983
603605.SH,浙江省,28507820478.399994,14.045420829291666
603589.SH,安徽省,25488000000.0,3.63503916940108
300747.SZ,湖北省,18624000000.0,8.112982569873198
603707.SH,江苏省,43345553855.369995,14.611717182057747
603369.SH,江苏省,42903900000.0,5.9536923054567
603337.SH,浙江省,8143024190.400001,3.064657766143828
601688.SH,江苏省,134791311142.40001,1.3570070916833534
600845.SH,上海,50124912392.472,8.673116403893346
600867.SH,吉林省,27621564060.86,5.523876533641435
603496.SH,上海,5278479829.92,6.586982308712462
603338.SH,浙江省,30089702152.16,9.381063686909343
601933.SH,福建省,95608916458.92,4.755256028616072
603666.SH,江苏省,10368197049.0,8.620901673923573
601231.SH,上海,40372793671.8,3.9289902402521046
603716.SH,湖北省,3167418866.9600005,2.126965335246866
601012.SH,陕西省,117686922818.39998,4.259575083457792
600763.SH,浙江省,40990617600.0,22.958250402178205
603833.SH,广东省,46340704147.159996,4.847903798791843
603799.SH,浙江省,43128273067.54,5.566554542061713
603658.SH,河南省,58781601742.490005,22.989213892488777
601888.SH,北京,180955433417.92,9.097967894935387
603939.SH,湖南省,36736536956.700005,8.148630410289103
603808.SH,广东省,3943712236.46,2.1076523005837093
603679.SH,四川省,4768546880.0,7.006254652258687
603678.SH,福建省,11461501854.0,3.6818963567510012
600519.SH,贵州省,1651410189857.9998,12.141797968863317
603288.SH,广东省,352300985573.76,21.246046339402795
300232.SZ,广东省,8666770307.58,2.921299323583529
601799.SH,江苏省,29882757654.719997,6.116922826616777
603866.SH,辽宁省,33108551763.0,8.845103488199003
603026.SH,山东省,5259546000.0,2.909581890287598
300760.SZ,广东省,323629171921.86,17.4058653155977
601881.SH,北京,64462741240.0,1.4298855601677367
600872.SH,广东省,40636463265.939995,10.29038954954027
600309.SH,山东省,147034334495.58,3.470730014119768
603505.SH,浙江省,5560800000.0,5.558793025127539
601877.SH,浙江省,54759826343.97,2.2608568329091034
600276.SH,江苏省,429183433844.55,17.323019664007404
603444.SH,福建省,29859721356.0,9.723159804094571
603816.SH,浙江省,24877337482.600002,4.212085961841737
600887.SH,内蒙古自治区,178579708363.52,6.834010845121071
300498.SZ,广东省,160407588319.4,3.555771782443128
603156.SH,河北省,29000895000.0,2.336244985261863
600637.SH,上海,31379256847.19,1.0748578994877709
601717.SH,河南省,8116342576.5,0.7714196469268808
601668.SH,北京,217798721142.08997,0.7857162453754079
600570.SH,浙江省,83037340828.26,18.539410502813435
601989.SH,北京,95768548360.8,1.1174900564129988
603019.SH,天津,53162738369.49,8.782384135316406
603912.SH,江苏省,4464859812.0,5.659068142876538
300632.SZ,福建省,3522971639.76,4.410358502732378
603218.SH,浙江省,11603236007.999998,3.2759204129132082
603708.SH,山东省,22772412000.0,7.805753147991383
601398.SH,北京,1375022283948.9,0.6792023839725265
603883.SH,湖南省,22747174046.88,6.523141950106764
603515.SH,上海,18516001359.949997,3.6917316784736376
601601.SH,上海,186652123000.0,1.507903960723433
603357.SH,安徽省,4781789182.959999,2.0380208774168698
600633.SH,浙江省,12706777781.279999,1.5807275473120401
601166.SH,福建省,340073502593.87,0.6281836533801352
601555.SH,江苏省,30772514940.44,1.5263937268736645
603486.SH,江苏省,11458895280.0,4.62744071573504
603960.SH,上海,5536440000.0,9.133583928841071
601766.SH,北京,150832347897.6,1.3093546477214963
601958.SH,陕西省,19424158488.0,1.479166113910088
603228.SH,广东省,30436720500.0,5.610553458387982
603801.SH,安徽省,5795500692.0,3.0041018171072964
600498.SH,湖北省,40855653880.26,3.561877447003232
603919.SH,甘肃省,5607173971.259999,2.2063602517735417
603788.SH,浙江省,3441893999.24,1.8567166528930854
600050.SH,北京,162573660279.88,1.1342825673323604
603377.SH,北京,9219840000.0,5.22629528790116
601100.SH,江苏省,65126880000.0,11.663601949397682
603888.SH,北京,13754278040.0,4.641139161332216
603636.SH,福建省,7774843486.4800005,3.7697404062791953
603659.SH,上海,35122158854.700005,10.301517417040975
603208.SH,浙江省,9084533417.01,6.924140132671214
600690.SH,山东省,96836283238.9,2.041316062514435
300567.SZ,湖北省,16982852624.92,11.723157734160939
603517.SH,湖南省,33590328057.05,7.35468723832369
603229.SH,浙江省,4665600000.0,7.231410243836421
601952.SH,江苏省,14675700000.0,2.4832780590800105
601966.SH,山东省,26484343056.08,2.4020888470431196
603737.SH,福建省,21226036288.56,12.305558974744162
603393.SH,新疆维吾尔自治区,10855040000.0,4.290440042057565
601899.SH,福建省,78757682983.45999,1.9880999084762667
601369.SH,陕西省,10034202193.34,1.4996296222004082
603660.SH,江苏省,4941363806.099999,2.706792086752875
603681.SH,上海,2975326047.44,2.1795068052834705
603993.SH,河南省,64480069927.95,1.9321536292932249
300766.SZ,浙江省,11754938000.0,6.914893317556011
601988.SH,北京,729248681367.16,0.5500789585866509
300750.SZ,福建省,318186228776.0,8.34368331336983
600518.SH,广东省,13777596839.75,0.631706670208602
601985.SH,北京,67554054983.37999,1.3496307350145542
600893.SH,陕西省,55953631471.5,1.9502866548718465
601865.SH,浙江省,19455000000.0,5.604282185939139
002714.SZ,河南省,271828206102.6,11.763515700819013
601088.SH,北京,261547861966.3,0.885902151546716
300601.SZ,广东省,86259583457.9,31.318915054105197
002493.SZ,浙江省,75430381922.5,3.3443459800338218
601155.SH,江苏省,72869623965.94,1.8962928959722487
600703.SH,湖北省,98086119518.40001,4.51069004972874
600718.SH,辽宁省,14138173957.1,1.6171191466132664
603000.SH,北京,25729430873.12,8.058135159951018
603126.SH,天津,2588520000.0,1.4812091242365228
601800.SH,北京,96327330484.99998,0.6149376659712079
601005.SH,重庆,12738322101.84,0.698921084196574
601898.SH,北京,34869121524.0,0.520675941116044
002841.SZ,广东省,50518787842.95,10.249947909165645
601328.SH,上海,201749441037.09998,0.5204874680827303
601390.SH,北京,117701257055.74,0.6417241482795174
603103.SH,浙江省,10166226000.0,4.258499310731862
603886.SH,上海,3984000000.0000005,2.6705356440950796
603869.SH,广西壮族自治区,5539415577.84,1.4023209264886767
603826.SH,福建省,12898080000.0,9.197598394740451
601339.SH,浙江省,5085000000.0,0.6377277733244088
600588.SH,北京,118555394316.8,16.528850645166717
300651.SZ,江苏省,3283042890.0,4.906073848481288
600837.SH,上海,104550334845.6,1.1785295718941637
601838.SH,四川省,28283927945.22,0.7955897131152556
600900.SH,北京,375980000000.0,2.5147452402180552
603200.SH,上海,7000022443.499999,9.050053476956538
603882.SH,广东省,32509804967.0,14.291412772023623
601021.SH,上海,32204644557.69,2.141472718958277
600745.SH,湖北省,128477052938.7,6.063277691997607
300699.SZ,山东省,28892829000.0,8.902462719191027
600529.SH,山东省,24709010532.91,6.388424798589173
600970.SH,江苏省,10211298517.11,1.0026305900730719
603711.SH,浙江省,11361708787.0,4.48349220499159
603283.SH,江苏省,7307752305.500001,7.22257874429368
600547.SH,山东省,95236766741.16,4.892244251880997
601607.SH,上海,35633497931.54,1.264164779541948
600600.SH,山东省,38525777837.119995,3.9011075610481587
000049.SZ,广东省,9841892555.000002,4.477291950619802
603601.SH,重庆,8657641782.310001,6.076081297928292
600031.SH,北京,172000517890.39,
601233.SH,浙江省,21805627654.600002,1.1473063271226112
300036.SZ,北京,11804851257.42,5.54746649113353
600835.SH,上海,13470961067.09048,1.312671522980801
603728.SH,上海,4846400000.0,2.412335415124566
601288.SH,北京,1091815200857.34,0.6406048501252691
603339.SH,江苏省,2882032290.0,1.651214144864047
300681.SZ,广东省,2570400000.0,4.561674497988237
600729.SH,重庆,10833983592.25,1.7219149029119412
002746.SZ,山东省,6366498176.03,1.931680194292556
600136.SH,湖北省,4951719736.81,1.1509646945416299
600771.SH,青海省,6135236221.59,2.603055462994136
000063.SZ,广东省,163877565337.92,6.798479391086816
002456.SZ,广东省,42836171903.75,4.528715895741853
000661.SZ,吉林省,123763464682.0,15.3090336880682
300136.SZ,广东省,41990542526.1,8.904458825841118
603027.SH,四川省,15822186691.520002,9.935240691078324
600885.SH,湖北省,24003664820.959995,4.875289031222279
600741.SH,上海,70242690363.52,1.4212551433023677
000550.SZ,江西省,8010450418.4,1.0139917064349995
600467.SH,山东省,3827805076.480001,1.1843204941570609
601098.SH,湖南省,19145360000.0,1.40058539788143
600612.SH,上海,17861096757.549557,3.219199719156085
600115.SH,上海,47499581246.240005,1.0063922881509393
600436.SH,福建省,87499094966.3,13.194762123541595
601168.SH,青海省,13154159999.999998,1.311022196292103
600100.SH,北京,22288520111.52,1.3663687973213392
300365.SZ,北京,6761162894.04,3.155541418910664
600466.SH,四川省,16890529796.000002,0.879103761352481
600438.SH,四川省,62859964327.44,3.5762528456658225
300408.SZ,广东省,37036370467.5,4.931659712769752
600559.SH,河北省,7985858251.6,2.4283697612896344
000615.SZ,湖北省,3246576859.55,1.7704618542297605
600660.SH,福建省,41381697619.12,2.4238413915798747
600536.SH,北京,44016087598.0,19.366329260143036
603186.SH,浙江省,7436331500.0,10.012004783415302
600104.SH,上海,237057431095.84998,0.9493613262690678
300482.SZ,广东省,29436228578.7,13.23971519738822
603568.SH,浙江省,29973749466.43,7.119043133947982
603127.SH,北京,16613179191.6,20.100186642473723
600990.SH,安徽省,6263697978.5,2.5320619980715584
601908.SH,北京,6517167882.27,0.9127074598180375
300271.SZ,北京,22096366737.9,3.722004178992037
603108.SH,上海,5772159426.84,2.092572054433502
600036.SH,广东省,721394186682.13,1.5278638211528213
600997.SH,河北省,7224489322.05,0.637997458232521
603118.SH,广东省,9828541316.439999,2.212359214488982
600346.SH,辽宁省,99532870974.04001,2.7394617112424045
000001.SZ,广东省,270712558862.09998,0.864943331944866
600809.SH,山西省,94430087621.09999,12.680378011808418
601928.SH,江苏省,16898136000.0,1.2147530438358631
000002.SZ,广东省,255357400956.58002,1.5782019309516746
000630.SZ,安徽省,20421474617.519997,1.1114359363454025
000568.SZ,四川省,119582392140.64,6.161866479045309
300762.SZ,上海,6720010400.0,5.517422961903605
002340.SZ,广东省,19669264558.02,1.8760281610718539
601377.SH,福建省,40849697211.399994,1.256703082988351
601628.SH,北京,581809428200.0,1.955884768577684
601225.SH,陕西省,73400000000.0,1.2600037149830194
000768.SZ,陕西省,49614119672.32001,2.998005842981394
600151.SH,上海,6310710062.8,1.1931408551409917
300765.SZ,河北省,9345000000.0,3.8833947523472427
600879.SH,湖北省,18654201008.24,1.507609480793263
601860.SH,江苏省,15302515556.019999,1.1129782151069592
002951.SZ,四川省,5771250000.0,4.359827850624381
000738.SZ,江苏省,15202673971.23,2.69935157867159
000166.SZ,新疆维吾尔自治区,100961031628.80003,1.348204401965767
600158.SH,天津,7357372452.56,4.151130952654563
600977.SH,北京,25204500000.0,2.1016215591496694
603035.SH,江苏省,3220000000.0,1.1129715120684323
002594.SZ,广东省,108389679871.90001,2.87318187383
600161.SH,北京,36713282261.84,9.320700167512484
600795.SH,辽宁省,38907787733.1,0.7214282011234334
300450.SZ,江苏省,34438105768.899994,8.038474021932537
601901.SH,湖南省,59600414099.80001,1.5745338024750084
000977.SZ,山东省,61636663008.83,6.196437079029677
601678.SH,山东省,7088796000.0,1.117679780714159
002128.SZ,内蒙古自治区,15430235148.789999,0.955531231462704
000799.SZ,湖南省,11294531344.8,4.647086443256072
002475.SZ,广东省,253818118417.5,12.50543840878972
300059.SZ,上海,123567199251.99998,5.825209750927456
600801.SH,湖北省,46751182025.394,2.718519777560688
603105.SH,浙江省,4750000000.0,3.272717885314652
600478.SH,湖南省,6497395846.9800005,2.5889314531395007
600217.SH,陕西省,8109773126.880001,4.490579088558095
000333.SZ,广东省,394279993853.95,3.8780686514941607
000066.SZ,广东省,39091230407.549995,4.712182732152096
600728.SH,广东省,16460410471.800003,3.3842686228324035
601669.SH,北京,55994468187.84001,0.5206846882038747
600282.SH,江苏省,14768557848.81,0.8802970275865688
601699.SH,山西省,17021118348.000002,0.6818554743310252
601186.SH,北京,112271676080.0,0.6312465747112943
601111.SH,北京,69336437474.16,1.0816835518397079
601857.SH,北京,723791687846.46,0.6650406703267391
601727.SH,上海,57731087457.840004,1.1338182933046164
601211.SH,上海,125368904751.84,1.0806034328372731
600316.SH,江西省,9329659801.119999,1.8793642996412685
600823.SH,上海,15792418378.81,0.6221577803340231
600811.SH,黑龙江省,14152535032.44,0.6734094750242783
300531.SZ,广东省,5478981067.84,4.419236060341036
600030.SH,广东省,253646039196.78,1.905122393442845
600406.SH,江苏省,92438816360.0,3.0284910011648267
601229.SH,上海,115499078331.00003,0.716155442605608
300661.SZ,北京,37162827029.25,33.31677230295992
600233.SH,辽宁省,39524062784.119995,3.0653864881887536
300673.SZ,浙江省,4289720820.0,4.180591458557123
600380.SH,广东省,25134743964.839996,2.4270789624016085
300316.SZ,浙江省,30134120479.440002,6.621307000398311
600055.SH,北京,8231222548.780001,3.940260586249118
600873.SH,西藏自治区,14062432060.140003,1.5661059555948789
600563.SH,福建省,11614500000.0,4.412487300298188
300725.SZ,江苏省,12239056519.530003,16.51991753550896
000606.SZ,青海省,2994275470.23,1.803669524744473
600426.SH,山东省,28368946040.000004,1.993434431915713
002614.SZ,福建省,5169135525.000001,1.5262140301417306
603345.SH,福建省,24869187241.289997,9.064250217693251
600606.SH,上海,68628390731.399994,0.8698017142858404
600548.SH,广东省,13687731613.300001,1.1334353739966412
600859.SH,北京,11154717529.5,0.9786977326395363
600048.SH,广东省,189610208324.18,1.2152790981470125
600352.SH,浙江省,40308781745.4,1.6427961491015775
300578.SZ,上海,7260529084.400002,6.569656272719429
300207.SZ,广东省,24964943116.21,4.3270123251901715
300413.SZ,湖南省,84567931772.5,9.627651088589932
600566.SH,湖北省,17545353421.320004,2.8742000943730623
600782.SH,江西省,13233199188.400002,0.6095048941172895
300682.SZ,江苏省,19668953284.72,4.239895168663428
000157.SZ,湖南省,44746966129.5,1.3991705520101991
002786.SZ,广东省,3316787999.9999995,3.7264190620999376
002179.SZ,河南省,40403295157.5,4.94921450792341
300132.SZ,福建省,9034999696.14,2.983799381233723
600486.SH,江苏省,24977851904.199997,4.941828515701063
002153.SZ,北京,33532092265.65,3.8927617110553556
600383.SH,广东省,59863378164.72,1.1066529160036567
002074.SZ,江苏省,27420684357.24,3.0795800258434167
600038.SH,黑龙江省,25901606901.039997,3.16841879924677
600850.SH,上海,9915777256.440002,3.8772455844028886
600699.SH,浙江省,25673208598.75,2.0410886269872957
600583.SH,天津,22283628192.0,0.9833626836990811
600398.SH,江苏省,27271497516.85,2.005006006126106
300496.SZ,北京,25740840453.15,13.434804817518541
300572.SZ,广东省,8663864492.16,10.209224034121435
603609.SH,辽宁省,14019026819.199999,2.460281408981898
603197.SH,上海,4724917592.15,4.549492132070325
300047.SZ,广东省,4859614400.64,1.5427548320949422
300383.SZ,北京,42976446799.85,5.147863857856743
000789.SZ,江西省,12191843536.62,2.4071362881416722
601169.SH,北京,105292061674.56,0.5083405108630853
600958.SH,上海,56801801644.56,1.2337434750843483
600585.SH,安徽省,243381901932.15002,2.350543182349443
600760.SH,山东省,48103371939.74999,5.536675075526767
300253.SZ,上海,42461045309.020004,11.373502132960432
600742.SH,吉林省,5030872545.6,0.9145738288220152
300003.SZ,北京,70553455671.6,9.42878021108406
600511.SH,北京,24046010546.26,2.282035145228295
603328.SH,广东省,10423566510.84,2.9227019795602884
000036.SZ,广东省,6143486863.5,1.241665176351593
002958.SZ,山东省,25222222224.24,1.0330510861108197
000725.SZ,北京,133085136920.67139,1.4130492632298948
000656.SZ,重庆,43465286742.240005,1.5882324068415419
002007.SZ,河南省,69435397591.56,10.611958365257943
000858.SZ,四川省,554681783914.5,7.4663689932941955
002460.SZ,江西省,54238463946.4,7.680875293052027
300347.SZ,浙江省,58311691202.2,13.80008789622659
601212.SH,甘肃省,19548604709.039997,1.389827335960878
002013.SZ,湖北省,30024106045.440002,3.079396781459789
601615.SH,广东省,16004779584.8,2.381458576672692
002950.SZ,湖北省,14054270266.02,6.850078314157694
000776.SZ,广东省,81804608032.48,1.1544319972045505
002341.SZ,广东省,6210436650.879999,1.2599727799424618
600332.SH,广东省,44074681251.15,2.1074622606744824
300676.SZ,广东省,41438357000.0,9.605444902113565
600739.SH,辽宁省,26938189859.76,1.2481454619238161
601598.SH,北京,17344525687.5,0.8587848468119785
300176.SZ,广东省,2532816432.0,2.8132089283303463
002049.SZ,河北省,38156713827.840004,9.110481077603165
600614.SH,吉林省,1688349523.18036,3.9653492887110455
000712.SZ,广东省,11235840000.0,3.361706628556464
002949.SZ,广东省,3158043300.0,2.7466111953495735
600201.SH,内蒙古自治区,28955636596.11,6.230668749307428
600664.SH,黑龙江省,9275970581.2,1.6999650983565238
600340.SH,河北省,70812218861.5,1.4152176832745518
002465.SZ,广东省,29830903429.6,3.1091405968325723
002415.SZ,浙江省,297545140560.64,6.626245236158396
300332.SZ,北京,4594648483.98,1.3512838734516843
000651.SZ,广东省,342836502737.22003,3.112350262641521
000100.SZ,广东省,64124799528.060005,2.1295468425740403
600460.SH,浙江省,19392270654.92,5.739092801690624
600022.SH,山东省,14121049004.640001,0.6805974193227937
000401.SZ,河北省,28594436235.079994,1.8626925751490033
601117.SH,北京,29696659999.999996,0.8450395474054709
002938.SZ,广东省,99114153390.08,4.998380091819779
600888.SH,新疆维吾尔自治区,4659629579.999999,1.0480995819896777
300618.SZ,江苏省,14954263045.5,8.409633413962208
600485.SH,北京,4064002466.9799995,-0.3586924915335648
600578.SH,北京,19565529925.3,0.8277451257429381
300506.SZ,广东省,3497944443.8399997,1.7400547492155576
300016.SZ,北京,4457155782.76,3.0728258956921524
601009.SH,江苏省,77654451710.48,0.8938071841711943
600143.SH,广东省,28773097794.739998,2.730018343597359
300523.SZ,北京,9875467733.1,6.502669923377441
300630.SZ,海南省,20814835708.5,18.163961245014143
600897.SH,福建省,5262302700.000001,1.4085797109567697
600271.SH,北京,32445256660.70001,2.721587301021771
300285.SZ,山东省,23361020680.75,6.396308896672956
600372.SH,北京,24668550608.42,3.1463319332058854
600779.SH,四川省,22404705710.280003,10.608321167371251
600066.SH,河南省,29268276528.06,1.6686282442314695
000709.SZ,河北省,21980518253.64,0.3883795462857918
300659.SZ,山东省,13515607304.0,23.50218334990571
300662.SZ,北京,6961540529.999998,8.082401374231061
002439.SZ,北京,38762396967.840004,8.883737891251398
300732.SZ,河南省,3223514145.5999994,1.4708352727481482
600325.SH,广东省,14333576800.319998,0.7254892576678434
603096.SH,天津,8574467960.0,4.492756514336157
600160.SH,浙江省,18420064551.13,1.4288098857116491
300144.SZ,浙江省,43970438106.0,4.5735512553387565
600702.SH,四川省,8284808840.0,2.727010234193398
600886.SH,北京,51641637670.670006,1.2788119120639083
300529.SZ,广东省,49130145295.99999,22.93154291784018
300463.SZ,四川省,20975068416.4,6.709063921775259
002419.SZ,广东省,10994748000.0,1.5820745412441466
002458.SZ,山东省,16967830571.509998,4.712333264640476
600623.SH,上海,10518529513.880001,0.6010640261675447
002541.SZ,安徽省,9269823698.099998,1.8772346310954668
002837.SZ,广东省,9881908922.0,7.945050116550163
600176.SH,浙江省,30435046517.809998,1.945150476336893
002405.SZ,北京,29776528920.6,3.817726661136534
300702.SZ,浙江省,15306779040.0,7.513873239988945
002925.SZ,福建省,23776863959.999996,5.728800262531901
601128.SH,江苏省,19158582915.749996,1.1319383494485973
600017.SH,山东省,7627621642.24,0.646245352921465
300451.SZ,浙江省,18464195559.68,7.129766790142672
600029.SH,广东省,44723760062.8,1.0444344254453564
600657.SH,北京,11350476808.1,0.5190011027614817
300203.SZ,浙江省,6113510074.0,1.837321026042064
603160.SH,广东省,109968406634.93999,17.077366868477547
002878.SZ,北京,4401896695.86,6.311146780163465
300672.SZ,湖南省,8696395348.0,7.607527444435785
300550.SZ,浙江省,3312975435.0,5.358394906771498
300569.SZ,山东省,3483770230.0799994,1.69521068072287
002391.SZ,江苏省,5831047362.419999,1.6862378262598
600869.SH,青海省,9521023280.34,1.943761901811621
600636.SH,上海,5501793054.349999,1.8156278534250296
600195.SH,北京,12930962800.0,3.1365784096305647
600507.SH,江西省,11433042976.0,1.7472219762678034
600681.SH,湖北省,7978353914.300002,1.766448627309405
600562.SH,江苏省,9335260785.0,5.16574319659165
600875.SH,四川省,26037282258.1,0.9921383032958782
300357.SZ,浙江省,28221177599.999996,22.203988989166625
300579.SZ,北京,8060400000.0,11.860186855918464
600196.SH,上海,67246437024.799995,2.6924333322620564
600376.SH,北京,16663991463.32,0.5650520107464131
600622.SH,上海,6298678688.400001,0.9875166672731858
600499.SH,广东省,6640036005.420001,1.4277384863740137
300568.SZ,广东省,7370410927.5,2.9856907015459475
300690.SZ,山东省,2678934842.85,2.6053865162663588
000338.SZ,山东省,86148191410.10002,2.5227590503865596
002032.SZ,浙江省,54637318811.40002,7.992098573152759
600305.SH,江苏省,15396942209.999998,6.837561749783809
002024.SZ,江苏省,80997344998.5,0.9212418200684096
001979.SZ,广东省,131985808400.46002,1.3915876896981783
002044.SZ,江苏省,47039051688.00001,6.429935410678473
000860.SZ,北京,40678501676.76,5.472882881449835
002466.SZ,四川省,27710384425.08,3.07697476170757
600999.SH,广东省,105058179697.13,1.4470379653200915
002023.SZ,四川省,11162667294.249998,3.1297648458422302
600118.SH,北京,40854999614.25,7.13330239586328
002736.SZ,广东省,88888000000.0,1.5813812681295998
600138.SH,北京,7354214400.0,1.11559284319962
002739.SZ,北京,35686613704.96001,2.5799770214681144
601600.SH,北京,37143527831.72,0.8844624181951605
002230.SZ,安徽省,75345167546.09001,6.598829875215766
600277.SH,内蒙古自治区,10462751369.18,0.6806040280958424
002304.SZ,江苏省,150427542160.0,4.120305129840315
601162.SH,湖北省,40462421389.6,3.337616145965721
600482.SH,河北省,27679284059.459995,1.012834848103341
300118.SZ,浙江省,11086727274.300003,1.3441027894302555
600967.SH,内蒙古自治区,16642873397.449997,1.813148585098799
300742.SZ,江苏省,1959324307.2,6.745456222012457
300262.SZ,上海,2786230715.8400006,1.179752912525411
601618.SH,北京,46416809842.0,0.5500925075797813
600019.SH,上海,108683886050.0,0.6104014870105313
000961.SZ,江苏省,31161546479.159996,1.4534804577767484
600197.SH,新疆维吾尔自治区,6041689472.13,2.123590021171095
300595.SZ,安徽省,27511383853.199997,20.67858680629037
601689.SH,浙江省,25741701075.6,3.4901671385567425
600754.SH,上海,24179337539.2,2.0350993468237655
300081.SZ,北京,4937042983.08,1.8941469839932454
002773.SZ,四川省,35050175290.520004,7.585718580223604
600116.SH,重庆,8073134731.260001,2.6415565068903284
002798.SZ,四川省,11602711398.960001,3.180110982550352
300274.SZ,安徽省,16068645735.5,1.869708571570829
300369.SZ,北京,17750136780.639996,5.246689131569839
300122.SZ,重庆,130224000000.0,22.658143370626927
300759.SZ,北京,42527889952.8,6.586601982345194
600299.SH,北京,32477824416.03,2.353879624391878
002352.SZ,广东省,202661014291.28998,4.7775196111506215
600362.SH,江西省,26957463790.950005,0.8527884718489791
600211.SH,西藏自治区,6872837007.96,2.8201344936168757
000716.SZ,广西壮族自治区,2858696316.1499996,1.036937372864293
300546.SZ,广东省,3155725649.9999995,3.695300773046199
300633.SZ,广东省,12428428800.0,8.850488497912538
002916.SZ,广东省,86977968000.0,17.39279725082879
002368.SZ,北京,16795917410.869999,5.176634651059328
601633.SH,河北省,50572646310.0,1.4076998337472764
300628.SZ,福建省,56312878400.0,12.810392341887185
300015.SZ,湖南省,144977565423.6,21.98614684708521
300616.SZ,广东省,13724717688.0,3.9023642280540134
600674.SH,四川省,39046986057.6,1.4393122329596535
002223.SZ,江苏省,35076667745.71,5.778145842057997
600085.SH,北京,35054779896.72,3.7958313337815683
002311.SZ,广东省,70278497758.18,7.719696943218294
600705.SH,黑龙江省,35815539806.340004,1.1985340593345721
300348.SZ,广东省,12498158377.860003,8.403085737095287
600009.SH,上海,132960132912.00002,4.154429829271251
002881.SZ,广东省,3971324099.9999995,7.232694563395137
300033.SZ,浙江省,64791552000.0,16.238273491294212
002410.SZ,北京,59010908587.200005,18.05041715758812
300014.SZ,广东省,65591374557.60001,8.684037340436634
300326.SZ,上海,18580491758.1,6.760709233318342
600132.SH,重庆,27329853551.059998,19.26378219844484
300571.SZ,浙江省,5948294914.1,7.177829347136839
002624.SZ,浙江省,58933937491.8,6.193978501575448
300124.SZ,广东省,60055156798.079994,6.968693647834557
300137.SZ,河北省,3780083293.0,1.8325946916827887
600706.SH,陕西省,1559580056.4,1.4757673105467364
002851.SZ,广东省,9952503367.2,5.169544709473674
300596.SZ,天津,6367623645.2,3.3342281891681997
300470.SZ,四川省,5076075180.0,3.8048660741121236
002195.SZ,上海,17657508893.579998,1.7380781885269223
002457.SZ,宁夏回族自治区,2425342080.0000005,1.231505568988193
002321.SZ,河南省,2623369301.0,0.9993028695896841
600388.SH,福建省,9739045500.0,1.705784093141362
002595.SZ,山东省,14504000000.0,2.929404234413916
300395.SZ,湖北省,8227392509.5199995,4.339745617406661
300115.SZ,广东省,18497459126.46,4.3402455794804595
300130.SZ,广东省,7003053374.1,2.855988937745031
002463.SZ,江苏省,47274502919.83001,9.208014030037093
300433.SZ,湖南省,80706813942.37,3.6095243481632617
300393.SZ,江苏省,6331274219.039999,2.2641742448564237
002027.SZ,广东省,73389401400.0,5.3264061612376885
002146.SZ,河北省,35089682277.57,0.8581981628388217
002422.SZ,四川省,29227657018.0,2.2162226501198745
000895.SZ,河南省,142164856197.69998,8.622479579224409
300142.SZ,云南省,65479441148.560005,13.45883729395667
600339.SH,新疆维吾尔自治区,13455385405.11,0.5664887103337367
002025.SZ,贵州省,11879010000.0,3.918160567099443
600089.SH,新疆维吾尔自治区,28265920324.289997,0.8102917405578636
300467.SZ,四川省,3374860495.35,3.1368125612035374
002075.SZ,江苏省,29703148051.120003,5.9788715838442705
002236.SZ,浙江省,52136873616.799995,3.3329188898130795
600157.SH,山西省,15780760064.02,
600121.SH,河南省,2278430511.06,0.8288285366173158
300291.SZ,北京,3972861315.36,1.2906779033731743
002531.SZ,江苏省,10852016186.699999,1.8678537158753221
600820.SH,上海,17921347735.8,0.8162957162933496
600109.SH,四川省,30848464961.999996,1.4886379684803455
300190.SZ,江苏省,5447305451.150001,1.3977223886176464
002600.SZ,广东省,63696632515.19999,5.4819845207149305
002429.SZ,广东省,20688118573.99,2.1214340370007028
300017.SZ,上海,20762153102.12,2.4054715554295
600010.SH,内蒙古自治区,51055236565.76,0.9686479056802916
601011.SH,黑龙江省,5169366656.37,0.8387112767452564
600377.SH,江苏省,40256136125.0,1.8617811554593902
002821.SZ,天津,43490591169.520004,14.280259821879914
600093.SH,四川省,14367328000.0,1.8035214520101235
600351.SH,山西省,3857700115.229999,1.4346398681488457
300409.SZ,广东省,5450930831.55,2.2062923564669212
600487.SH,江苏省,33782494399.300003,2.4709971503419985
002803.SZ,福建省,6898178732.009998,4.903169305180717
002695.SZ,江西省,11628020669.4,5.405393368009922
300388.SZ,安徽省,7066876762.400001,2.048439296877129
300078.SZ,浙江省,11215407911.4,3.8781786347285268
002557.SZ,安徽省,25831650000.0,7.068852538260507
002677.SZ,浙江省,7203475864.05,4.741474407358666
300012.SZ,广东省,29039938109.280003,9.227408787640794
300134.SZ,安徽省,11658294711.14,2.3337360914481393
002920.SZ,广东省,24381500000.0,5.783554523677465
300558.SZ,浙江省,40645360000.0,16.5188795466805
002567.SZ,湖南省,8666873477.64,2.606065334920115
002262.SZ,江苏省,14740346301.060001,4.071155280012408
002142.SZ,浙江省,147631083519.44003,1.8253279389612245
002372.SZ,浙江省,19805492518.92,5.095560940289413
002563.SZ,浙江省,19834240335.0,1.6859043565129344
002127.SZ,江苏省,37117640493.36,7.6393754104861396
002583.SZ,广东省,13134558295.74,2.1397690393263766
300146.SZ,广东省,30130658228.16,5.028335028278479
002215.SZ,广东省,5895792676.800001,2.586967374227775
002234.SZ,山东省,7276303364.88,2.6586053880197396
002897.SZ,浙江省,5558787040.0,4.862639399750995
002157.SZ,江西省,46186614125.729996,4.916990295582128
600028.SH,北京,422365348023.32,0.7249674817250152
002048.SZ,浙江省,10958977995.0,1.1978397283851443
002051.SZ,北京,9181574312.539999,0.8550810839647986
300037.SZ,广东省,17512101881.190002,4.967228001842703
002831.SZ,广东省,21488916092.0,3.3778838655044434
300170.SZ,上海,8185996855.139999,2.6691424714749603
002867.SZ,广东省,13631381756.199999,2.8939719675441413
600155.SH,北京,20370208348.08,1.3615994682661494
002273.SZ,浙江省,18447978229.8,4.011852915288249
300070.SZ,北京,31582674008.120003,1.5685537888016903
300224.SZ,山东省,6610945441.360001,2.529048380173604
002745.SZ,广东省,14649123153.800001,1.4169715631342792
002777.SZ,四川省,10064465245.029999,8.845516084222028
300438.SZ,广东省,6002592488.55,2.57804639210393
300443.SZ,山东省,3725588951.3,1.9261262415194562
300251.SZ,北京,32152348414.72,3.5985459363497765
002812.SZ,云南省,44778614811.99999,9.839177005371527
002092.SZ,新疆维吾尔自治区,10174171094.52,0.5384492648447002
600572.SH,浙江省,14323509474.0,3.0721459069986103
002589.SZ,山东省,7839541553.91,1.0908717102911079
300446.SZ,河北省,2094353999.9999998,3.028338842725316
600236.SH,广西壮族自治区,34288343438.699997,2.36253188140315
002384.SZ,江苏省,42301053319.409996,4.892487160364399
300034.SZ,北京,8068862507.040001,3.9236036045227936
300145.SZ,浙江省,6347346178.799999,1.31541017324754
300261.SZ,江苏省,4132597630.59,2.095897584523029
000631.SZ,吉林省,7200256737.28,1.1063038881078044
002151.SZ,北京,15187675837.000002,4.689378813637834
300024.SZ,辽宁省,21110042018.010002,3.2563259129873163
600000.SH,上海,306435719344.67993,0.6498312403134264
300113.SZ,浙江省,14212059802.8,5.557389430354582
300653.SZ,山东省,6720000000.0,11.421104642112311
300418.SZ,北京,23595145022.73,5.029407161470388
002797.SZ,广东省,24972112000.0,2.761328958721772
600123.SH,山西省,5552064000.0,0.5288733787027013
002646.SZ,青海省,4194000000.0,1.7679471825915105
002612.SZ,北京,3225426783.75,1.0830730356136067
300043.SZ,广东省,4466672259.59,1.5159194098927633
002661.SZ,湖南省,5967873367.5,2.6551675045963883
002518.SZ,广东省,7303865240.759999,2.7888213798955133
600580.SH,浙江省,14482484952.18,2.0726449160010993
002610.SZ,江苏省,6687074179.5199995,1.6281375462962868
300007.SZ,河南省,3952877652.94,2.9366679659328416
600516.SH,甘肃省,23433903267.06,1.5587349867172273
002508.SZ,浙江省,30928693789.500004,4.5056733124539585
002110.SZ,福建省,17773927725.5,0.9490437661424181
600348.SH,山西省,10678200000.0,0.4737566525121912
600298.SH,湖北省,32040267063.840004,6.370037256721829
600068.SH,湖北省,30299435370.96,0.5767572455920708
002271.SZ,北京,61017531172.39001,6.264631516145985
002202.SZ,新疆维吾尔自治区,35688460864.31999,1.4241899639117968
300114.SZ,陕西省,6421566624.129999,4.003944974385906
002672.SZ,广东省,6723383059.8,2.003563197988538
002643.SZ,山东省,14173386821.849998,2.941372784366107
300414.SZ,四川省,4065662994.3199997,4.610751189426703
002371.SZ,北京,77312484103.95,13.202503915893958
002737.SZ,黑龙江省,8240240000.0,2.5558110793927313
000963.SZ,浙江省,38075855764.48,3.093214667996852
300427.SZ,福建省,6876559069.26,3.0775894785898563
002020.SZ,浙江省,7596658560.0,2.055328609293008
300352.SZ,北京,11047659542.94,4.9102657275454
300454.SZ,广东省,78184167549.84,18.094112768120407
002139.SZ,广东省,5776565960.34,2.3010680238495644
300226.SZ,上海,13113751417.0,11.48215278196476
002353.SZ,山东省,24128342058.48,2.470715709123679
002123.SZ,辽宁省,12986751701.2,3.1091988306544964
002182.SZ,江苏省,5869516645.04,2.196295516185772
002768.SZ,山东省,10576037500.0,4.436892831590402
002912.SZ,广东省,20873364800.0,13.736042277229338
300686.SZ,广东省,4248761920.0,5.612593683126497
002174.SZ,福建省,17511814044.99,3.5385043956041016
000501.SZ,湖北省,8605028659.89,0.9048513703621717
300724.SZ,广东省,22003570000.0,8.621236067064345
002683.SZ,广东省,24075269602.8,7.3291187030293266
002511.SZ,广东省,24306110939.61,5.961757261408675
002690.SZ,安徽省,29689920000.0,12.45634245542464
002788.SZ,福建省,2755180609.2,1.5377562003506937
002373.SZ,北京,35680103215.75,3.9624018041972766
002019.SZ,浙江省,24193853526.12,3.226034476440466
300006.SZ,重庆,3979981904.4999995,2.5578389962622694
002727.SZ,云南省,14733685865.25,3.2065136932679534
600094.SH,上海,18567181631.441616,1.5210923820612707
002008.SZ,广东省,35746848283.0,4.04820625586182
002299.SZ,福建省,26864426464.079998,2.5448541702548133
002709.SZ,广东省,14969036816.81,5.368522958932726
300525.SZ,福建省,7409489429.59,6.0958099690464325
002449.SZ,广东省,6586781849.850001,1.7999963873818834
002402.SZ,广东省,13473759238.72,6.462025902790154
300021.SZ,甘肃省,3731648015.16,2.5316534416458234
300753.SZ,江苏省,3324920000.0,4.926672859898414
002191.SZ,广东省,13213131459.000002,1.9077336541295233
002301.SZ,广东省,11245187916.68,3.3493238710511166
600985.SH,安徽省,18487228119.85,0.9711474930688831
002268.SZ,四川省,19650596496.320004,4.318058899504609
600016.SH,北京,207098799563.91998,0.5229055786797769
300005.SZ,北京,3030399273.6,1.2455764096210349
300178.SZ,广东省,1615251727.66,1.1747105063031709
300319.SZ,广东省,7982023667.949998,3.877269884326446
300009.SZ,安徽省,17949600254.149998,6.833574287433017
002952.SZ,辽宁省,2746669200.0,3.4630986402690533
002601.SZ,河南省,34503714695.22,2.4874829394937237
002440.SZ,浙江省,10883730000.000002,1.2402624661712818
002572.SZ,广东省,17937194947.08,3.2945211431562895
002249.SZ,广东省,8586874495.32,1.207936061162998
002887.SZ,天津,3696160000.0,1.9288908450035183
600219.SH,山东省,24976506376.8,0.6353872203820776
002242.SZ,山东省,24968332480.0,6.652783280113639
000839.SZ,北京,12935426961.599998,1.4564293001240665
600188.SH,山东省,24804800000.000004,0.7596556912627173
300473.SZ,辽宁省,2746183432.0,1.2142295888233603
300073.SZ,北京,10974843285.49,3.6306631611577083
600350.SH,山东省,26557635530.64,0.8267948411786358
002514.SZ,江苏省,2382347335.2,2.3563639827822636
002376.SZ,山东省,6756980880.3,1.8941547706778088
600007.SH,北京,14303411982.8,1.8893836523447358
300065.SZ,北京,3886178581.6,2.175011044632018
002632.SZ,浙江省,5446504064.8,2.78551864915117
002675.SZ,山东省,13509289249.84,3.1470280237061363
000418.SZ,江苏省,34346260388.835266,4.3669634032560225
000538.SZ,云南省,116869629472.32999,3.0805348168347684
300282.SZ,北京,2190942023.5499997,0.8825616985721166
300212.SZ,北京,27004111148.25,8.164632024910993
002124.SZ,浙江省,14286618167.36,4.957409971888353
002430.SZ,浙江省,11430554757.449999,1.977617408991661
002500.SZ,山西省,20395108353.130005,1.6116911880540448
002120.SZ,浙江省,66632753987.24,4.949381473275922
000951.SZ,山东省,17253487368.0,2.468594979778812
601158.SH,重庆,25536000000.0,1.6858703849460153
002125.SZ,湖南省,4700159796.0,3.9209140213283757
000671.SZ,福建省,28240013053.5,1.0559216098175934
002705.SZ,广东省,24036171821.149998,5.590794266442394
000869.SZ,山东省,15561895102.34112,1.8245509756840352
000910.SZ,江苏省,6304000500.0,1.2442378436638402
002065.SZ,北京,45112184790.0,4.7367586739987955
002659.SZ,北京,2737132758.63,1.276284095467809
000600.SZ,河北省,8725220451.12,0.7611019153531461
002809.SZ,广东省,2595600000.0,2.23727726021891
000423.SZ,山东省,20085001401.27,2.013548939366753
002281.SZ,湖北省,21285883501.920002,4.719915829595837
000998.SZ,湖南省,24100556453.4,3.901794761030208
000625.SZ,重庆,44962375375.0207,1.1649841409120543
002293.SZ,江苏省,7616668583.37,1.8559745650745063
002616.SZ,广东省,7426250271.44,3.0831616131566166
000902.SZ,湖北省,11518993630.7,1.7693252507693333
002648.SZ,浙江省,15090394212.960001,1.6326887849549967
002016.SZ,广东省,5283394476.96,1.6665236715460805
000596.SZ,安徽省,61237469440.0,7.8962412210444795
600928.SH,陕西省,24355555558.600002,1.0311342763865392
002414.SZ,湖北省,40498609989.50001,11.461358553330438
300309.SZ,北京,2693816245.6,3.991922234355282
002038.SZ,北京,11670696000.0,2.4272500595797193
600111.SH,内蒙古自治区,33896505780.0,3.53650780955018
002477.SZ,河南省,532977137.1,0.49663923599719284
600395.SH,贵州省,8440764491.099999,1.1496936612458537
002367.SZ,江苏省,6261573592.95,2.1244583477368835
600169.SH,山西省,5358665950.0,1.6057546027931524
002192.SZ,广东省,3845493556.4300003,7.033313189854026
002663.SZ,广东省,4202383657.68,1.0215410797914157
000810.SZ,四川省,11891806697.16,3.1600620076581185
600170.SH,上海,28850248638.72,0.8728180714238412
000825.SZ,山西省,21076116845.2,0.659773503974116
000739.SZ,浙江省,21967677890.88,5.830083578063135
300184.SZ,湖北省,8730152425.02,1.8596720715189488
002674.SZ,福建省,2516344409.46,1.0932491842856626
300031.SZ,江苏省,8526541870.139999,3.2343169596674466
002212.SZ,广东省,30873579545.25,3.4705263542536264
002597.SZ,安徽省,11873969026.25,2.649218609600953
002933.SZ,北京,4114291000.0000005,2.691133708723519
002081.SZ,江苏省,21851086728.460003,1.4417361357555123
002126.SZ,浙江省,7485298732.799999,2.006983041165647
002390.SZ,贵州省,7635907038.379999,1.5786160232567261
002696.SZ,广西壮族自治区,2152223365.6,1.620763390295985
002343.SZ,浙江省,3975328871.8199997,2.423119534023483
000547.SZ,福建省,25466067052.659996,3.255838465056632
000915.SZ,山东省,6350383243.5,3.6683276425173363
000932.SZ,湖南省,25006635020.88,0.886132784035424
002001.SZ,浙江省,58185775084.0,3.4535465712100892
002838.SZ,山东省,13395275024.999998,12.347538148203492
300731.SZ,广东省,4257949252.7,7.710873863122661
002635.SZ,江苏省,14990319044.25,2.6373267189137755
002129.SZ,天津,49241566442.63999,3.4928301452608124
000028.SZ,广东省,16431833751.15648,1.3790154192028026
000069.SZ,广东省,53070216505.049995,0.7732023257931763
600483.SH,福建省,11949127536.5,0.9437161922439479
002138.SZ,广东省,18658206711.56,4.223486033515923
000882.SZ,北京,5146221660.36,0.6355185766747158
002507.SZ,重庆,27193356952.449997,9.471204908688314
000968.SZ,山西省,7672296093.8,1.7631462325368077
000889.SZ,河北省,7293210524.700002,3.1400687633306066
002688.SZ,内蒙古自治区,4853612964.2,2.8909040109409645
300088.SZ,安徽省,24230313649.5,3.843496556394573
002407.SZ,河南省,7420537218.849999,2.546339246475285
000581.SZ,江苏省,19735131784.9,1.2500237238442378
002382.SZ,山东省,15655864836.639997,1.8566528621128675
000733.SZ,贵州省,10939619382.500002,2.0340355381750723
000429.SZ,广东省,14161076065.672321,1.5324391719355157
002056.SZ,浙江省,18046728000.0,3.392555505848515
300038.SZ,北京,9737883392.130001,0.8878009627178436
002385.SZ,北京,41617668590.4,4.132020284507633
600403.SH,河南省,8630832771.22,1.1730750509736187
000876.SZ,四川省,136725366741.87,5.246220295450355
002070.SZ,福建省,0.0,-0.40885707467973986
000639.SZ,山东省,5861294555.849999,1.6584963682550433
002323.SZ,江苏省,1976183588.3999999,25.515311539730366
002014.SZ,安徽省,4653418529.759999,2.5045504965285588
300001.SZ,山东省,19901522996.25,5.931730004026973
000925.SZ,浙江省,4314084488.55,1.7725941814775137
000503.SZ,海南省,9905020688.08,8.097645463406492
000778.SZ,河北省,13888263012.48,0.655911503445947
000983.SZ,山西省,15031223999.999998,0.7349161652734543
600027.SH,山东省,30383621587.69,0.5876658394961815
300123.SZ,湖南省,12202409266.529999,2.451458573729289
