,EV3,PB_LYR
600519.SH,1651410189857.9998,12.141797968863317
000596.SZ,61237469440.0,7.8962412210444795
000651.SZ,342836502737.22003,3.112350262641521
000876.SZ,136725366741.87,5.246220295450355
0700.HK,3995148634362.6,8.27068319757371
002050.SZ,60893374689.96,6.553570847973438
600276.SH,429183433844.55,17.323019664007404
601901.SH,59600414099.8,1.5745338024750084
600887.SH,178579708363.52002,6.834010845121071
600030.SH,283775315441.2549,1.905122393442845
000035.SZ,12593648712.03,1.1657678729653396
600521.SH,36960268108.4,6.588715119787707
002311.SZ,70278497758.18,7.719696943218294
600529.SH,24709010532.91,6.388424798589173
002508.SZ,30928693789.500004,4.5056733124539585
002572.SZ,17937194947.08,3.2945211431562895
600900.SH,375980000000.0,2.5147452402180552
000661.SZ,123763464682.0,15.3090336880682
002831.SZ,21488916092.0,3.3778838655044434
0968.HK,44453592700.0,3.135647569283041
002695.SZ,11628020669.4,5.405393368009922
000860.SZ,40678501676.76,5.472882881449835
002475.SZ,253818118417.5,12.50543840878972
300015.SZ,144977565423.6,21.98614684708521
002850.SZ,12140100000.0,4.874308448671799
002384.SZ,42301053319.409996,4.892487160364399
601899.SH,96152599093.284,1.9880999084762667
601888.SH,180955433417.92,9.097967894935387
000034.SZ,17908448482.92,4.096031936840125
002044.SZ,47039051688.0,6.429935410678473
002777.SZ,10064465245.029999,8.845516084222028
601318.SH,1325074959535.3008,1.9815604523846448
600031.SH,172000517890.39,
002353.SZ,24128342058.48,2.470715709123679
600036.SH,875059508531.7765,1.5278638211528213
603369.SH,42903900000.0,5.9536923054567
600760.SH,48103371939.75,5.536675075526767
002120.SZ,66632753987.24,4.949381473275922
300369.SZ,17750136780.64,5.246689131569839
300113.SZ,14212059802.8,5.557389430354582
300661.SZ,37162827029.25,33.31677230295992
300601.SZ,86259583457.9,31.318915054105197
300347.SZ,58311691202.2,13.80008789622659
601128.SH,19158582915.75,1.1319383494485973
603708.SH,22772412000.0,7.805753147991383
601225.SH,73400000000.0,1.2600037149830194
603986.SH,99332340037.65,19.009238416970454
002891.SZ,4665261348.72,5.527685374210017
601088.SH,303449937211.89996,0.885902151546716
000568.SZ,119582392140.64,6.161866479045309
000001.SZ,270712558862.09998,0.864943331944866
1918.HK,157062665621.25,1.6936089294378296
000333.SZ,394279993853.95,3.8780686514941607
603799.SH,43128273067.54,5.566554542061713
603368.SH,8559786490.639999,1.9575148602848298
603338.SH,30089702152.16,9.381063686909343
300750.SZ,318186228776.0,8.34368331336983
600511.SH,24046010546.260002,2.282035145228295
300010.SZ,15282513787.2,4.563002578596389
000961.SZ,31161546479.159996,1.4534804577767484
300751.SZ,9334000000.0,6.868938233116105
601966.SH,26484343056.08,2.4020888470431196
3690.HK,650263733470.7999,6.323719310332856
300590.SZ,7223447699.999999,7.190758341439766
603517.SH,33590328057.05,7.35468723832369
300136.SZ,41990542526.1,8.904458825841118
600885.SH,24003664820.96,4.875289031222279
601398.SH,1780078008132.7485,0.6792023839725265
3808.HK,49200901300.98,1.6167077582571732
600426.SH,28368946040.000004,1.993434431915713
600546.SH,20716666663.0,2.455475290933875
600837.SH,125382265715.40903,1.1785295718941637
002714.SZ,271828206102.6,11.763515700819013
601166.SH,340073502593.87,0.6281836533801352
0914.HK,343883276544.48804,2.06058616278966
002157.SZ,46186614125.729996,4.916990295582128
600176.SH,30435046517.809998,1.945150476336893
000002.SZ,291673296104.015,1.5782019309516746
300760.SZ,323629171921.86,17.4058653155977
002643.SZ,14173386821.85,2.941372784366107
300207.SZ,24964943116.21,4.3270123251901715
002027.SZ,73389401400.0,5.3264061612376885
002142.SZ,147631083519.44,1.8253279389612245
603993.SH,73425040488.9996,1.9321536292932249
002405.SZ,29776528920.6,3.817726661136534
002236.SZ,52136873616.799995,3.3329188898130795
600104.SH,237057431095.84998,0.9493613262690678
000069.SZ,53070216505.049995,0.7732023257931763
2382.HK,126905510290.0,9.056037707307985
000858.SZ,554681783914.5,7.4663689932941955
601668.SH,217798721142.09003,0.7857162453754079
600570.SH,83037340828.26,18.539410502813435
002555.SZ,80181074418.12,11.406681287197761
002415.SZ,297545140560.64,6.626245236158396
601601.SH,248750459608.0,1.507903960723433
002202.SZ,41100160480.59979,1.4241899639117968
000708.SZ,81057123533.98,3.2108021986131026
300012.SZ,29039938109.28,9.227408787640794
000977.SZ,61636663008.83,6.196437079029677
603899.SH,48484000000.0,11.539687149193346
601012.SH,117686922818.4,4.259575083457792
000338.SZ,112659812603.828,2.5227590503865596
000878.SZ,16741833816.0,1.9997089447677228
002624.SZ,58933937491.8,6.193978501575448
002367.SZ,6261573592.95,2.1244583477368835
300014.SZ,65591374557.600006,8.684037340436634
002078.SZ,22289248935.2,1.5275616699571897
300450.SZ,34438105768.9,8.038474021932537
2601.HK,272370422661.1773,1.1146305201567028
603259.SH,170537005106.4557,9.88067173291983
300285.SZ,23361020680.75,6.396308896672956
603659.SH,35122158854.700005,10.301517417040975
000725.SZ,133085136920.67139,1.4130492632298948
600068.SH,30299435370.96,0.5767572455920708
002705.SZ,24036171821.149998,5.590794266442394
601138.SH,286703772621.56,3.211263317232351
300271.SZ,22096366737.9,3.722004178992037
000625.SZ,44962375375.0207,1.1649841409120543
600406.SH,92438816360.0,3.0284910011648267
600309.SH,147034334495.58,3.470730014119768
603806.SH,25727598000.0,3.942936158541996
600536.SH,44016087598.0,19.366329260143036
0548.HK,21386042638.949722,0.9100568385935253
600763.SH,40990617600.0,22.958250402178205
002410.SZ,59010908587.200005,18.05041715758812
002616.SZ,7426250271.44,3.0831616131566166
000999.SZ,28466412000.0,2.2657405702017694
600170.SH,28850248638.72,0.8728180714238412
600585.SH,314061718802.55,2.350543182349443
601222.SH,9122317799.37,0.8864686338110411
002456.SZ,42836171903.75,4.528715895741853
300130.SZ,7003053374.1,2.855988937745031
0981.HK,88838799234.23999,1.8300835675277853
600745.SH,128477052938.7,6.063277691997607
600466.SH,16890529795.999998,0.879103761352481
600383.SH,59863378164.72,1.1066529160036567
603444.SH,29859721356.0,9.723159804094571
601658.SH,429352233681.8304,0.9066148786366074
300498.SZ,160407588319.4,3.555771782443128
002273.SZ,18447978229.8,4.011852915288249
000157.SZ,52987807618.26352,1.3991705520101991
601636.SH,14725599207.2,1.787681856159554
002025.SZ,11879010000.0,3.918160567099443
600565.SH,6942532409.400001,0.7599393454109189
002821.SZ,43490591169.520004,14.280259821879914
002185.SZ,36880450798.04,4.747675051191519
000913.SZ,4635137920.0,1.7178270724160665
000623.SZ,18108462018.78,0.8138818034851756
603721.SH,3243500000.0,5.965448744361827
300699.SZ,28892829000.0,8.902462719191027
600999.SH,112633101177.7416,1.4470379653200915
600690.SH,98107775497.73679,2.041316062514435
603345.SH,24869187241.289997,9.064250217693251
300220.SZ,6545700000.0,24.70198627412322
000895.SZ,142164856197.69998,8.622479579224409
000028.SZ,16431854978.06688,1.3790154192028026
600048.SH,189610208324.18,1.2152790981470125
600009.SH,132960132912.0,4.154429829271251
603658.SH,58781601742.49,22.989213892488777
603883.SH,22747174046.88,6.523141950106764
600674.SH,39046986057.6,1.4393122329596535
002376.SZ,6756980880.3,1.8941547706778088
300357.SZ,28221177600.0,22.203988989166625
300037.SZ,17512101881.190002,4.967228001842703
603160.SH,109968406634.94,17.077366868477547
002466.SZ,27710384425.08,3.07697476170757
600438.SH,62859964327.44,3.5762528456658225
2333.HK,72298232520.0946,0.8206200106823336
603377.SH,9219840000.0,5.22629528790116
300003.SZ,70553455671.6,9.42878021108406
600967.SH,16642873397.449999,1.813148585098799
1088.HK,332263859070.49316,0.6754881018738323
0268.HK,38884431949.28,5.8179915394883714
300529.SZ,49130145296.0,22.93154291784018
300558.SZ,40645360000.0,16.5188795466805
000538.SZ,116869629472.32999,3.0805348168347684
300523.SZ,9875467733.1,6.502669923377441
2020.HK,183467701200.00003,8.18391340348963
601688.SH,154635732430.68826,1.3570070916833534
300166.SZ,16434324102.2,2.9680147204388327
300274.SZ,16068645735.5,1.869708571570829
300379.SZ,13614712267.199999,8.224910891730701
300724.SZ,22003570000.0,8.621236067064345
002299.SZ,26864426464.079998,2.5448541702548133
000100.SZ,64124799528.060005,2.1295468425740403
600050.SH,162573660279.88,1.1342825673323604
2238.HK,104618591813.74327,0.8405846206205135
300496.SZ,25740840453.15,13.434804817518541
600720.SH,13196934794.0,1.940023891428918
002304.SZ,150427542160.0,4.120305129840315
601211.SH,138741170543.35822,1.0806034328372731
2269.HK,162353808864.0,11.375873393472473
0168.HK,75461486120.81625,3.2066895566584996
002812.SZ,44778614812.0,9.839177005371527
002841.SZ,50518787842.95,10.249947909165645
300413.SZ,84567931772.5,9.627651088589932
601689.SH,25741701075.6,3.4901671385567425
603043.SH,12055246130.56,5.506570075504624
603008.SH,4529375573.46,1.7061076659968994
600820.SH,17921347735.8,0.8162957162933496
603501.SH,180461601684.06,22.767174450439047
601799.SH,29882757654.719997,6.116922826616777
002230.SZ,75345167546.09001,6.598829875215766
600183.SH,73634789849.0,8.335469391568338
300188.SZ,17411314961.54,5.880633134563483
002531.SZ,10852016186.699999,1.8678537158753221
000783.SZ,35610421661.64,1.273411097887062
601877.SH,54759826343.97,2.2608568329091034
600984.SH,14881466152.35,3.9178182791730123
002138.SZ,18658206711.56,4.223486033515923
000049.SZ,9841892555.0,4.477291950619802
002123.SZ,12986751701.2,3.1091988306544964
300569.SZ,3483770230.08,1.69521068072287
6169.HK,23744841701.13,5.8587313429824635
002271.SZ,61017531172.39,6.264631516145985
002241.SZ,67368357960.48,4.18250906663993
300253.SZ,42461045309.020004,11.373502132960432
300782.SZ,64750000000.0,38.018749502923605
002127.SZ,37117640493.36,7.6393754104861396
000636.SZ,19927889050.86,3.5750935162315325
300036.SZ,11804851257.42,5.54746649113353
300596.SZ,6367623645.2,3.3342281891681997
300009.SZ,17949600254.15,6.833574287433017
2318.HK,1450896723387.4614,1.9119955961644157
300662.SZ,6961540530.0,8.082401374231061
002332.SZ,12744511229.06,4.3326206127835665
0939.HK,1547675015309.806,0.645674536485619
000063.SZ,180230218233.68103,6.798479391086816
002603.SZ,39060631674.350006,4.916741375126443
600584.SH,42828808109.6,3.391727753331308
688111.SH,126715070000.0,20.880513168424933
1299.HK,842085851277.65,1.880228127379165
002343.SZ,3975328871.8199997,2.423119534023483
000036.SZ,6143486863.5,1.241665176351593
002460.SZ,59458137322.3552,7.680875293052027
1888.HK,23446410000.0,1.253723379965438
0005.HK,818307464875.6,0.5711988905000298
601998.SH,226747371965.63867,0.5224654240425123
603068.SH,10884851012.98,8.623929748131804
601818.SH,183259903189.2116,0.6051239003669441
002607.SZ,161092472040.68,46.944577329229865
000921.SZ,12170967285.279795,1.5624728825687138
002818.SZ,8601347013.0,1.733426799841485
300451.SZ,18464195559.68,7.129766790142672
601717.SH,8778322548.42448,0.7714196469268808
601997.SH,25486786987.2,0.6530265134567452
600895.SH,20566597224.0,2.2101354910929945
601066.SH,233334156022.0841,4.759571482231983
600449.SH,7139242957.059999,1.2787072975028868
300016.SZ,4457155782.76,3.0728258956921524
601233.SH,21805627654.600002,1.1473063271226112
002174.SZ,17511814044.99,3.5385043956041016
600801.SH,46751182025.394,2.718519777560688
300725.SZ,12239056519.53,16.51991753550896
601916.SH,83087026709.79999,0.7835622121776605
300440.SZ,5367040000.0,4.139035319333371
600390.SH,33015800469.059998,0.9583196435718279
300588.SZ,1529666554.9999998,3.6599608310629885
300326.SZ,18580491758.1,6.760709233318342
603096.SH,8574467960.0,4.492756514336157
002563.SZ,19834240335.0,1.6859043565129344
000513.SZ,35690321402.36563,3.4839277210169466
1193.HK,93853343156.20001,3.502586770881923
0006.HK,107566787361.59999,1.2582088073925044
002627.SZ,3149654636.39,1.4267147646514036
2202.HK,319368973484.5995,1.3566560353327817
000631.SZ,7200256737.28,1.1063038881078044
300146.SZ,30130658228.16,5.028335028278479
600038.SH,25901606901.039997,3.16841879924677
2388.HK,254275365397.30002,0.9120906418156774
300416.SZ,4619126344.89,5.468831882711218
600703.SH,98086119518.40001,4.51069004972874
603233.SH,37865386230.35,8.930718040840164
688029.SH,24471890200.0,9.887576365292496
600298.SH,32040267063.840004,6.370037256721829
601766.SH,166960056957.36526,1.3093546477214963
300251.SZ,32152348414.72,3.5985459363497765
603678.SH,11461501854.0,3.6818963567510012
000656.SZ,43465286742.240005,1.5882324068415419
601100.SH,65126880000.0,11.663601949397682
002371.SZ,77312484103.95,13.202503915893958
002179.SZ,40403295157.5,4.94921450792341
002439.SZ,38762396967.840004,8.883737891251398
1787.HK,115671834376.83427,2.7277679463734392
300630.SZ,20814835708.5,18.163961245014143
2313.HK,137319365965.95,4.886609831183642
601006.SH,103324200862.45,0.9072994532555894
0883.HK,389772290740.32,0.7790280008107414
603707.SH,43345553855.369995,14.611717182057747
002352.SZ,202661014291.28998,4.7775196111506215
601928.SH,16898136000.0,1.2147530438358631
002675.SZ,13509289249.84,3.1470280237061363
603960.SH,5536440000.0,9.133583928841071
601117.SH,29696659999.999996,0.8450395474054709
603885.SH,18717692374.64,1.4510929478257453
300115.SZ,18497459126.46,4.3402455794804595
601933.SH,95608916458.92,4.755256028616072
300122.SZ,130224000000.0,22.658143370626927
300476.SZ,18076279420.0,5.435236831226035
300628.SZ,56312878400.0,12.810392341887185
300043.SZ,4466672259.59,1.5159194098927633
6098.HK,99731063700.00002,16.626558439990575
002916.SZ,86977968000.0,17.39279725082879
600754.SH,24179337539.2,2.0350993468237655
600588.SH,118555394316.8,16.528850645166717
600016.SH,249955801911.79385,0.5229055786797769
000403.SZ,10747734728.57,13.430940499056945
601838.SH,28283927945.22,0.7955897131152556
300226.SZ,13113751417.0,11.48215278196476
300657.SZ,5577564616.04,3.9436096270706944
300759.SZ,50238749067.36,6.586601982345194
0388.HK,307830798106.0,6.968754626264913
002035.SZ,10169994790.8,3.3813762442962596
002146.SZ,35089682277.57,0.8581981628388217
601939.SH,1413460637982.1396,0.7430282240210594
0941.HK,1210101039212.7,0.9820717746365896
1398.HK,1949104336164.9753,0.6096088838904292
002048.SZ,10958977995.0,1.1978397283851443
300039.SZ,5575180000.0,2.1697599317191423
000776.SZ,94611351444.81664,1.1544319972045505
300059.SZ,123567199251.99998,5.825209750927456
601186.SH,127612254532.0192,0.6312465747112943
002539.SZ,6313125000.0,1.963325022408741
300033.SZ,64791552000.0,16.238273491294212
002463.SZ,47274502919.83,9.208014030037093
300316.SZ,30134120479.440002,6.621307000398311
601677.SH,5651480591.82,0.8024969548467028
601155.SH,72869623965.94,1.8962928959722487
600486.SH,24977851904.199997,4.941828515701063
002156.SZ,28300373151.16,4.631094433114097
300660.SZ,4090299909.4,1.7646128303149218
600782.SH,13233199188.400002,0.6095048941172895
600338.SH,7606228597.76,2.7520664665461556
601003.SH,13172757048.0,1.161277235198948
600845.SH,50124912392.472,8.673116403893346
002402.SZ,13473759238.72,6.462025902790154
601077.SH,51596623742.84651,0.6398599769924113
600532.SH,2575167942.8,1.381278507338381
002111.SZ,5525043982.88,1.8911021662105123
300530.SZ,5202299340.0,9.924390585491967
300482.SZ,29436228578.7,13.23971519738822
601009.SH,77654451710.48,0.8938071841711943
000723.SZ,27711018231.52,3.3925202475858827
601021.SH,32204644557.690002,2.141472718958277
0874.HK,52811698363.645325,1.2465048375772454
002683.SZ,24075269602.8,7.3291187030293266
0386.HK,556870540119.5358,0.5436249031413227
002609.SZ,6983225197.62,3.3993959617751996
300454.SZ,78184167549.84,18.094112768120407
300124.SZ,60055156798.08,6.968693647834557
300433.SZ,80706813942.37,3.6095243481632617
300546.SZ,3155725650.0,3.695300773046199
300595.SZ,27511383853.199997,20.67858680629037
300572.SZ,8663864492.16,10.209224034121435
600132.SH,27329853551.059998,19.26378219844484
002013.SZ,30024106045.440002,3.079396781459789
002737.SZ,8240240000.0,2.5558110793927313
603396.SH,2147320480.2,2.317666633638007
000938.SZ,85373384250.84,3.0292995399811136
300144.SZ,43970438106.0,4.5735512553387565
603711.SH,11361708787.0,4.48349220499159
600377.SH,50836083081.8,1.8617811554593902
300315.SZ,15607360526.720001,2.8130379009797246
600673.SH,20283528553.07,2.9289749920898984
002597.SZ,11873969026.25,2.649218609600953
300001.SZ,19901522996.25,5.931730004026973
000951.SZ,17253487368.0,2.468594979778812
601607.SH,46965002639.51312,1.264164779541948
2899.HK,105282716246.15013,1.4744609604911145
300383.SZ,42976446799.85,5.147863857856743
002396.SZ,22893750911.5,5.416423877618634
688388.SH,13621684000.0,5.397726922533726
002381.SZ,3362545396.88,1.892860518803592
600498.SH,40855653880.26,3.561877447003232
002244.SZ,13503666482.6,0.8150760887602276
601111.SH,90629845608.42374,1.0816835518397079
002614.SZ,5169135525.000001,1.5262140301417306
601336.SH,119641840411.86623,1.6666936163218904
603730.SH,11957746422.0,3.1992754172628817
0522.HK,33795215802.45,2.9062863274828445
0788.HK,299214400740.8,1.468184400087609
002007.SZ,69435397591.56,10.611958365257943
002129.SZ,49241566442.64,3.4928301452608124
002918.SZ,11089099893.0,3.795249623254124
600332.SH,48231867881.55,2.1074622606744824
600033.SH,7574543999.999999,0.7964192866534693
002032.SZ,54637318811.4,7.992098573152759
603186.SH,7436331500.0,10.012004783415302
000829.SZ,5813961651.87,2.3308623359588156
2883.HK,53434309287.03574,0.7214161712969804
600282.SH,14768557848.81,0.8802970275865688
002182.SZ,5869516645.04,2.196295516185772
600823.SH,15792418378.81,0.6221577803340231
000719.SZ,7008945680.65,0.8469144905530366
600873.SH,14062432060.140001,1.5661059555948789
600015.SH,100324700369.15999,0.37492226994170136
601958.SH,19424158488.0,1.479166113910088
002204.SZ,7957244531.84,1.193861900227994
000600.SZ,8725220451.12,0.7611019153531461
603816.SH,24877337482.600002,4.212085961841737
600668.SH,5577598851.88,1.47200768721446
002540.SZ,5514098030.0,1.1933505551294834
000573.SZ,1738598018.72,1.0073845645106287
600378.SH,16569623661.36,2.7845424831538463
300118.SZ,11086727274.300001,1.3441027894302555
002901.SZ,35841820410.0,20.816084891204095
601628.SH,687825098542.4,1.955884768577684
601633.SH,66028529795.951996,1.4076998337472764
002746.SZ,6366498176.03,1.931680194292556
000963.SZ,38075855764.48,3.093214667996852
603589.SH,25488000000.0,3.63503916940108
600809.SH,94430087621.09999,12.680378011808418
603308.SH,7480458778.38,2.0800848698784007
300659.SZ,13515607304.0,23.50218334990571
1999.HK,17119689400.0,2.750930006361641
002773.SZ,35050175290.520004,7.585718580223604
2328.HK,161037620793.72,0.8487892532323555
600600.SH,68917466044.41907,3.9011075610481587
600855.SH,7930223209.48,4.687787423835051
600872.SH,40636463265.939995,10.29038954954027
0817.HK,65473484084.399994,1.489626105177338
002449.SZ,6586781849.85,1.7999963873818834
0027.HK,232813793343.0,3.163772812864834
002541.SZ,9269823698.1,1.8772346310954668
000671.SZ,28240013053.5,1.0559216098175934
603179.SH,5709458319.5199995,3.3543583641422994
002292.SZ,8848680103.0,2.195221889852793
1093.HK,98284693231.28,4.768864883451886
600547.SH,105640772899.6752,4.892244251880997
600340.SH,70812218861.5,1.4152176832745518
6808.HK,117338367810.0,4.393285814706031
002600.SZ,63696632515.2,5.4819845207149305
002001.SZ,58185775084.0,3.4535465712100892
603515.SH,18516001359.949997,3.6917316784736376
002648.SZ,15090394212.960001,1.6326887849549967
603983.SH,31185770000.0,11.680413158216725
000591.SZ,10133920367.84,0.7602273943786974
300618.SZ,14954263045.5,8.409633413962208
600741.SH,70242690363.52,1.4212551433023677
600362.SH,36258414968.3964,0.8527884718489791
600233.SH,39524062784.12,3.0653864881887536
000401.SZ,28594436235.079998,1.8626925751490033
000703.SZ,34697468037.54,1.4921711384514704
601872.SH,43406373534.16,1.7143264874373771
300406.SZ,8987022059.13,4.5597491944554
002876.SZ,5163600000.0,5.554567112219866
300769.SZ,6998748313.6,7.3834100647493495
600886.SH,51641637670.670006,1.2788119120639083
600510.SH,9685628981.25,1.1479258456373505
2018.HK,47191925000.0,2.1845465846214234
002938.SZ,99114153390.08,4.998380091819779
000786.SZ,40869194697.98,2.9293494022239566
002458.SZ,16967830571.509998,4.712333264640476
601577.SH,26996059119.059998,0.6643924667435948
002419.SZ,10994748000.0,1.5820745412441466
002180.SZ,33910231468.11,5.8767919589399575
0763.HK,197343879460.49518,3.396837427490271
002594.SZ,147498156031.90002,2.87318187383
002511.SZ,24306110939.61,5.961757261408675
600388.SH,9739045500.0,1.705784093141362
002317.SZ,10913778418.4,2.6842583843413923
601169.SH,105292061674.56001,0.5083405108630853
3968.HK,958150302789.6992,1.4343804443395727
601377.SH,40849697211.399994,1.256703082988351
603005.SH,24408035682.85,12.294355373789713
300034.SZ,8068862507.040001,3.9236036045227936
2628.HK,753137152398.3883,0.9782341569343478
600643.SH,12942941166.960001,1.2007914092967222
601229.SH,115499078331.00002,0.716155442605608
002706.SZ,11029473535.5,6.105215262576496
600000.SH,306435719344.68,0.6498312403134264
600131.SH,23872029043.68,8.079540278028542
600551.SH,3727932431.52,0.8175612584711293
600346.SH,99532870974.04001,2.7394617112424045
600919.SH,69959703523.92,0.5268352061296285
601900.SH,8654167627.56,1.4316238875245126
601058.SH,11935152196.76,1.6886512177324986
600961.SH,3196394958.8399997,57.077741833209785
300543.SZ,2836777664.0,3.7403181828017757
002745.SZ,14649123153.800001,1.4169715631342792
300083.SZ,8428219330.5199995,3.039423241986336
300377.SZ,7754862235.999999,2.7610667795766117
603337.SH,8143024190.400001,3.064657766143828
002925.SZ,23776863960.0,5.728800262531901
300449.SZ,2755103978.9,2.971605531850534
603214.SH,4175029572.0,4.118645391020847
600867.SH,27621564060.86,5.523876533641435
600612.SH,17861096757.549557,3.219199719156085
600236.SH,34288343438.699997,2.36253188140315
002727.SZ,14733685865.25,3.2065136932679534
300502.SZ,17734436250.0,13.354306225278021
002461.SZ,16378630752.0,1.9097064780823456
600562.SH,9335260785.0,5.16574319659165
001914.SZ,30527363067.399998,3.8237396803822286
603939.SH,36736536956.700005,8.148630410289103
300651.SZ,3283042890.0,4.906073848481288
603127.SH,16613179191.6,20.100186642473723
0291.HK,130415911581.00002,5.939194980987707
603489.SH,10296000000.0,5.192869091475207
603599.SH,7592857065.9,1.4930720533043313
600597.SH,15550991364.3,2.7196850331031595
600563.SH,11614500000.0,4.412487300298188
603737.SH,21226036288.56,12.305558974744162
603288.SH,352300985573.76,21.246046339402795
603882.SH,32509804967.0,14.291412772023623
603587.SH,8862100000.0,2.678007928627105
2319.HK,108626265741.6,3.340116975586619
300568.SZ,7370410927.5,2.9856907015459475
300078.SZ,11215407911.4,3.8781786347285268
300224.SZ,6610945441.360001,2.529048380173604
0966.HK,45859676544.88,0.6009843598926261
600115.SH,61210339309.957825,1.0063922881509393
300031.SZ,8526541870.139999,3.2343169596674466
688368.SH,5003152000.0,4.4169900785446075
300408.SZ,37036370467.5,4.931659712769752
002791.SZ,24186238800.0,7.876966177523213
600060.SH,15309230297.4,1.0501158649911155
002568.SZ,20994829033.5,10.491452301886213
300770.SZ,21076353939.03,9.650392837871927
002803.SZ,6898178732.009999,4.903169305180717
300232.SZ,8666770307.58,2.921299323583529
002832.SZ,6600195583.0,3.371958982419173
001979.SZ,131985808400.46,1.3915876896981783
600323.SH,16850145755.82,2.5693633007063843
000423.SZ,20085001401.27,2.013548939366753
300747.SZ,18624000000.0,8.112982569873198
600637.SH,31379256847.19,1.0748578994877709
603601.SH,8657641782.310001,6.076081297928292
002441.SZ,4198882029.09,1.0924612476301476
601699.SH,17021118348.000002,0.6818554743310252
300129.SZ,3013252142.6400003,1.3013602419994847
601328.SH,357151021804.3503,0.5204874680827303
000877.SZ,13046113609.96,1.352383589880868
002724.SZ,4442400000.0,2.131744652595227
002677.SZ,7203475864.05,4.741474407358666
600746.SH,7076351025.0,2.902683286217579
000425.SZ,46296980421.3,
600197.SH,6041689472.13,2.123590021171095
600704.SH,23640390126.8,0.9394245700886815
300038.SZ,9737883392.130001,0.8878009627178436
002379.SZ,2797728000.0,1.7656724599778777
002248.SZ,2638312248.0,20.03211355135522
603663.SH,2606686178.88,4.939064674429151
603028.SH,2556864000.0,3.6046126892384547
601163.SH,10768000000.0,1.0692199782458123
603021.SH,1903691016.5,1.5356470088763958
600380.SH,25134743964.84,2.4270789624016085
600779.SH,22404705710.28,10.608321167371251
300302.SZ,6171144017.8,5.012725324259582
688358.SH,6000000000.0,5.124711391079818
603456.SH,16508021981.789999,5.782902797045553
0586.HK,62805299999.99999,1.7662328952745099
1521.HK,7786279712.599999,3.77854189224292
1186.HK,139729605960.95306,0.4687044752727055
600990.SH,6263697978.5,2.5320619980715584
300073.SZ,10974843285.49,3.6306631611577083
300463.SZ,20975068416.4,6.709063921775259
300233.SZ,7835524103.34,1.9279530347315184
603037.SH,1652966194.0,1.9558205773609865
600477.SH,8722636514.55,2.495807418044414
300457.SZ,15908911970.4,5.058745223642255
002739.SZ,35686613704.96001,2.5799770214681144
600583.SH,22283628192.0,0.9833626836990811
1066.HK,55534240938.71999,3.0735821776204935
002912.SZ,20873364800.0,13.736042277229338
600138.SH,7354214400.0,1.11559284319962
003816.SZ,133413997512.8,1.6420122459944613
000726.SZ,7282294014.423101,0.9219878363180212
600029.SH,58193954855.34679,1.0444344254453564
600606.SH,68628390731.399994,0.8698017142858404
603429.SH,11073101626.35,9.433268228632123
601555.SH,30772514940.44,1.5263937268736645
300443.SZ,3725588951.3,1.9261262415194562
002601.SZ,34503714695.22,2.4874829394937237
601238.SH,95546067531.65544,1.3367168441803052
300190.SZ,5447305451.150001,1.3977223886176464
2359.HK,186730252613.06027,9.406225719624837
603063.SH,3561599550.0,1.4397330062127556
603568.SH,29973749466.43,7.119043133947982
600201.SH,28955636596.11,6.230668749307428
601600.SH,42942659666.920616,0.8844624181951605
2208.HK,45002803609.62662,0.945099457039312
000799.SZ,11294531344.8,4.647086443256072
1928.HK,251564162277.6,7.265437184874321
002128.SZ,15430235148.789999,0.955531231462704
600373.SH,16626631832.13,1.1849483110200587
600153.SH,25771972817.7,0.8343165087832818
603699.SH,9165000000.0,3.494821356436307
002065.SZ,45112184790.0,4.7367586739987955
603609.SH,14019026819.199999,2.460281408981898
002130.SZ,6030528866.9800005,2.1022253837804326
000528.SZ,10331449632.0,0.9981327286250156
300150.SZ,2755849509.63,1.3478236396845804
000006.SZ,6668975527.240001,0.9901110685437952
002360.SZ,1949732748.0000002,1.7114672061201592
300539.SZ,1476083507.69,3.017829211405349
002251.SZ,8811820300.199999,1.1657601196540182
1579.HK,68938365000.0,23.62554554593628
601881.SH,77575551753.48607,1.4298855601677367
603866.SH,33108551763.0,8.845103488199003
000667.SZ,6858228399.74,0.972876714177291
300616.SZ,13724717688.0,3.9023642280540134
1112.HK,22670731388.800003,3.630441914406625
601139.SH,21604524255.44,1.9604912523438676
601098.SH,19145360000.0,1.40058539788143
002212.SZ,30873579545.25,3.4705263542536264
300570.SZ,4889731968.0,3.7540279965897128
688363.SH,46828800000.0,10.291269915525401
1797.HK,30952837960.9,10.45960749964292
688012.SH,100981990345.6,26.92079939067393
600436.SH,87499094966.3,13.194762123541595
603520.SH,11171958737.52,11.219107556808742
3888.HK,38710949819.4,2.5133088830548265
002768.SZ,10576037500.0,4.436892831590402
600483.SH,11949127536.5,0.9437161922439479
002372.SZ,19805492518.92,5.095560940289413
300438.SZ,6002592488.55,2.57804639210393
300638.SZ,11095545622.2,8.51321011082574
603786.SH,23229806000.0,7.167778239141778
000869.SZ,15561895102.34112,1.8245509756840352
002008.SZ,35746848283.0,4.04820625586182
2869.HK,31128172701.120003,10.127691069117137
1378.HK,31026485503.38,0.4400109756019665
603203.SH,4203337742.4,4.238241006502099
300363.SZ,14708458144.300001,4.796209062755546
000975.SZ,32051308439.52,3.5425002958097194
600161.SH,36713282261.84,9.320700167512484
600862.SH,21592261158.5,5.164441011858826
002206.SZ,4121606533.65,1.4735582646074168
002497.SZ,7717892790.300001,2.726191811409687
603579.SH,4362400000.0,2.67797555617068
600660.SH,49619903883.194244,2.4238413915798747
600136.SH,4951719736.81,1.1509646945416299
002690.SZ,29689920000.0,12.45634245542464
002709.SZ,14969036816.81,5.368522958932726
601231.SH,40372793671.8,3.9289902402521046
002434.SZ,13266000000.0,2.151919734484651
600884.SH,12462691344.6,1.0541429208991189
002020.SZ,7596658560.0,2.055328609293008
0743.HK,14007647940.0,0.8796933490374129
600598.SH,31020514412.05,4.666017991104154
002430.SZ,11430554757.449999,1.977617408991661
688023.SH,20007407657.5,12.904953438529333
600640.SH,14211129488.4,3.130290966631519
603129.SH,5583414210.0,5.367023742119624
002223.SZ,35076667745.71,5.778145842057997
002301.SZ,11245187916.68,3.3493238710511166
600993.SH,7228773752.07,2.8271346503220482
600578.SH,19565529925.3,0.8277451257429381
000739.SZ,21967677890.88,5.830083578063135
002191.SZ,13213131459.0,1.9077336541295233
002414.SZ,40498609989.5,11.461358553330438
002318.SZ,6042261788.0199995,1.7666571987593114
601288.SH,1181649288400.1077,0.6406048501252691
300360.SZ,4667520866.91,2.1406198559979677
600985.SH,18487228119.85,0.9711474930688831
002250.SZ,15438002315.76,2.6143550060930427
300330.SZ,1488480000.0,3.99990600478864
300693.SZ,2571417681.91,3.883233998029726
300418.SZ,23595145022.73,5.029407161470388
600004.SH,29342964888.52,1.8014224940966987
000166.SZ,105214578432.0,1.348204401965767
603712.SH,20836280000.0,8.144670588681596
002100.SZ,17294540958.260002,3.7655749594515666
0921.HK,13326654788.542173,1.046924705143057
300142.SZ,65479441148.560005,13.45883729395667
1109.HK,221059126949.0,1.1408401842872256
300394.SZ,10269305613.300001,8.780463767300947
603679.SH,4768546880.0,7.006254652258687
300753.SZ,3324920000.0,4.926672859898414
603596.SH,11407023120.0,5.081689894480265
600893.SH,55953631471.5,1.9502866548718465
000066.SZ,39091230407.549995,4.712182732152096
300788.SZ,8617666659.8,5.056927970013966
688008.SH,114517935789.04,15.62377114203102
300349.SZ,6664225602.05,1.8086831151734366
600271.SH,32445256660.700005,2.721587301021771
300559.SZ,8925505617.449999,9.255544946644829
600066.SH,29268276528.06,1.6686282442314695
002851.SZ,9952503367.199999,5.169544709473674
688016.SH,14978652390.699999,14.051664357752427
600196.SH,81108533070.4,2.6924333322620564
002139.SZ,5776565960.34,2.3010680238495644
002920.SZ,24381500000.0,5.783554523677465
300573.SZ,7426943000.0,13.063780091054896
002222.SZ,4847850000.0,5.002000743496932
1658.HK,470121138842.22845,0.7131641665323704
002484.SZ,7871158324.119999,2.295591055783091
600019.SH,108683886050.0,0.6104014870105313
000887.SZ,9522481644.0,1.08135993634162
603232.SH,5117509600.0,7.71026743840208
300327.SZ,9069252633.0,9.3824803756414
000581.SZ,19735131784.9,1.2500237238442378
300133.SZ,13553800971.72,2.579395438833615
000550.SZ,8010450418.4,1.0139917064349995
002817.SZ,1875538800.0,2.5883558432245346
600971.SH,5976024322.320001,0.685454140946027
0813.HK,109845506257.2,1.485134470244911
600926.SH,50228797659.04,0.8030877176975015
300019.SZ,3034370890.67,3.4035846303191906
300776.SZ,8576431954.999999,5.881705146334873
600261.SH,5329217753.099999,1.427055579087483
000807.SZ,12637954486.24,1.1573569170114864
600548.SH,19531445021.300003,1.1334353739966412
002234.SZ,7276303364.88,2.6586053880197396
300736.SZ,1152952879.2,4.254139668547303
002457.SZ,2425342080.0,1.231505568988193
300719.SZ,2441097600.0,2.49223833552986
002400.SZ,9344287006.08,1.737190396604953
300487.SZ,5908679252.400001,4.684406688619002
603611.SH,5377470665.400001,3.3469841787787096
603801.SH,5795500692.0,3.0041018171072964
0270.HK,103166822323.2,2.5067038187116952
300685.SZ,12704832990.0,14.083539106296667
601989.SH,95768548360.8,1.1174900564129988
1951.HK,24295150343.960003,2.8913837087315932
000915.SZ,6350383243.5,3.6683276425173363
300673.SZ,4289720820.0,4.180591458557123
600556.SH,29928285810.149998,31.0635162481591
600114.SH,6281671528.23,2.3725566515656564
300088.SZ,24230313649.5,3.843496556394573
300035.SZ,4744190993.36,2.4587018478456506
2338.HK,123357363134.88525,2.34784188499303
600258.SH,15546759421.880001,1.7376229127216374
002557.SZ,25831650000.0,7.068852538260507
2688.HK,100003474485.79999,3.4630088284710805
601808.SH,48800485985.664,1.6912344099261638
600567.SH,13832529178.439999,0.9598734598835594
002859.SZ,11114210000.0,7.0138851475919415
603103.SH,10166226000.0,4.258499310731862
000823.SZ,6749662620.0,1.9090979487342876
000968.SZ,7672296093.8,1.7631462325368077
000042.SZ,6389027245.79,0.8455365252977775
0285.HK,38845245580.0,2.0481385199913142
603583.SH,9356117242.5,5.293382088823779
002798.SZ,11602711398.960001,3.180110982550352
300119.SZ,7843128247.570001,3.6962035081581135
002327.SZ,6314248936.1,1.77157916393119
002080.SZ,21412856931.84,1.8269674675204544
3988.HK,1041834913052.3987,0.41442246037896036
1810.HK,269434585414.4,2.9675692799427575
600977.SH,25204500000.0,2.1016215591496694
603516.SH,5272030029.0,6.331828164096421
002088.SZ,3352977845.91,1.5212575149623033
1776.HK,103595120275.07079,0.6165792227436
3328.HK,391064100609.1782,0.44084385288199607
002440.SZ,10883730000.000002,1.2402624661712818
601988.SH,951486989392.4945,0.5500789585866509
300428.SZ,8392137861.03,2.1922219829080007
600325.SH,14333576800.32,0.7254892576678434
000031.SZ,22374555629.579998,1.1526753816168993
000933.SZ,7506975000.0,0.9646899706433295
002380.SZ,3350283420.0400004,1.5165723430302316
600693.SH,4248623870.0400004,1.699493751542569
603937.SH,2579668000.0,1.8187121668351458
300211.SZ,2194400804.25,4.582537426900627
