,manager,贵州省,安徽省,广东省,四川省,浙江省,江苏省,湖南省,内蒙古自治区,山东省,北京,吉林省,江西省,福建省,广西壮族自治区,上海,湖北省,河南省,新疆维吾尔自治区,陕西省,云南省,重庆,甘肃省,天津,辽宁省,河北省,香港特别行政区,黑龙江省,山西省,海南省,西藏自治区,宁夏回族自治区
0,杨仁眉,[10.6185],[10.3881],"[10.3325, 6.6148]",0,"[10.4619, 10.4069]","[10.0591, 7.1349]",[10.5753],0,[5.5535],0,0,0,0,0,0,0,0,0,0,0,0,0,0,0,0,0,0,0,0,0,0
1,肖肖,[9.9333],[11.8827],[9.8216],"[11.3417, 9.9859]",[5.5223],0,0,0,0,"[10.3498, 9.2337, 7.4886]",0,0,0,0,0,0,[11.6948],0,0,0,0,0,0,0,0,0,0,0,0,0,0
2,萧楠,[11.2034],[9.5422],"[11.358, 11.3155]","[11.1927, 10.2847]",0,0,0,[3.0476],[2.2438],[9.9306],0,0,0,0,0,0,0,0,0,0,0,0,0,0,0,0,0,[9.178],0,0,0
3,陈建军,[9.5415],0,"[9.0681, 8.021]","[9.7425, 9.3024, 8.8587]",[9.2433],0,0,[6.6147],0,0,0,0,[4.04],0,0,0,[9.3882],0,0,0,0,0,0,0,0,0,0,0,0,0,0
4,郭杰,[10.1308],0,"[10.8894, 8.1638, 7.1006]","[9.2219, 9.0616]",0,"[8.4165, 6.671]",0,0,0,[10.6017],0,0,0,0,[8.7681],0,0,0,0,0,0,0,0,0,0,0,0,0,0,0,0
5,王阳,0,0,"[8.7604, 5.4725, 3.7966, 3.7919]",0,"[9.5597, 8.6096, 8.2677]",0,0,0,[8.3547],0,0,0,0,0,0,[9.191],0,0,[8.65],0,0,0,0,0,0,0,0,0,0,0,0
6,皮劲松,0,0,"[8.7053, 7.8688, 5.4675]",0,0,[9.4135],0,0,"[9.3458, 3.6268]",0,[8.8783],0,[8.5139],0,0,0,[8.4197],0,0,0,0,0,[7.76],0,0,0,0,0,0,0,0
7,吴国清,0,0,"[8.4137, 8.1732, 8.1503]",0,0,0,[9.4429],0,[6.7184],[7.8274],0,0,0,0,"[8.1842, 7.8669, 7.84]",0,0,[7.6596],0,0,0,0,0,0,0,0,0,0,0,0,0
8,刘旭,[8.0058],0,"[7.9087, 7.8587, 7.2672, 4.9853]",0,"[7.7777, 7.7734, 7.558]",0,0,[8.2586],[8.2155],0,0,0,0,0,0,0,0,0,0,0,0,0,0,0,0,0,0,0,0,0,0
9,孙东宁,0,0,"[8.7986, 7.9228, 7.3266, 5.5815]",0,[5.2089],[7.9144],0,0,0,[7.8977],0,0,[7.8926],0,"[8.3475, 7.6807]",0,0,0,0,0,0,0,0,0,0,0,0,0,0,0,0
10,赵鹏飞,[14.0283],0,"[9.7779, 8.9863, 4.5814, 4.5235]",[3.2187],"[7.9354, 7.6649]","[8.4057, 7.556]",0,0,0,0,0,0,0,0,0,0,0,0,0,0,0,0,0,0,0,0,0,0,0,0,0
11,周思聪,0,0,"[7.8331, 7.6987]",0,"[7.7191, 4.8627, 4.0797]","[10.3411, 7.7293]",[7.4709],0,0,0,[7.9201],0,0,0,0,0,[4.6692],0,0,0,0,0,0,0,0,0,0,0,0,0,0
12,谭丽,[9.26],0,[10.6745],0,0,0,0,0,0,0,0,0,"[10.3277, 7.5068]",0,[5.2318],[4.7474],[8.5571],0,0,0,0,0,[9.6169],[6.7097],[7.4649],0,0,0,0,0,0
13,史高飞,0,0,[10.1572],0,"[10.6354, 4.7241]",[10.8136],0,0,[7.3251],[9.686],0,0,0,0,0,[10.7102],0,0,0,[6.0204],0,0,[5.3426],0,0,0,0,[10.5988],0,0,0
14,何奇峰,[9.8385],0,"[9.4951, 9.4536]","[9.7345, 5.7671]",0,[7.3134],0,[7.3764],0,0,0,0,0,0,0,0,[6.5474],0,0,0,0,0,0,0,0,0,0,[5.968],[8.793],0,0
15,彭凌志,0,0,"[6.6823, 6.5967, 5.8667]",0,"[9.0228, 7.9747]",0,0,0,0,0,0,0,[8.8091],0,"[7.8013, 7.1472, 7.0362]",0,0,0,0,0,0,0,0,0,[7.2803],0,0,0,0,0,0
16,姚爽,[6.8991],0,"[9.1269, 6.8832]","[7.4295, 7.2636, 5.3398]",0,0,0,0,[7.2224],0,0,0,[4.9866],0,0,0,[7.955],[5.2613],0,0,0,0,0,0,0,0,0,0,0,0,0
17,齐海滔,0,0,"[10.0557, 8.9587, 6.8663]",0,"[8.3309, 6.1263]",[6.6733],0,0,[10.0996],0,"[8.9129, 8.0739]",0,0,0,[6.1153],0,0,0,0,0,0,0,0,0,0,0,0,0,0,0,0
18,陈一峰,0,[8.1672],"[10.5534, 10.1025, 5.3719]",0,"[10.5985, 5.706]",0,0,0,[6.4294],[10.3162],[6.8528],0,0,0,[8.1495],0,0,0,0,0,0,0,0,0,0,0,0,0,0,0,0
19,程卉超,0,[4.2652],"[11.4459, 7.6427, 7.2727, 6.824, 5.2905, 4.6699]",0,0,0,0,[8.7636],0,0,0,0,0,0,0,0,[7.2657],0,0,0,0,0,0,0,0,[6.8709],0,0,0,0,0
20,史程,0,0,"[7.3771, 7.322, 5.7677]",0,0,0,0,0,0,"[10.8333, 6.7659]",0,0,0,[7.2041],[7.7546],0,0,0,0,0,0,0,0,0,0,"[7.5311, 5.7627, 5.7363]",0,0,0,0,0
21,王宗合,[9.5307],[10.4322],[7.0414],"[9.7276, 9.6026, 6.7486]",[4.7566],0,[5.2063],0,0,0,0,0,[5.831],0,0,0,0,0,0,0,0,0,0,0,0,0,0,[9.4087],0,0,0
22,曹潜,0,0,"[9.0692, 7.7673, 4.6262]",0,[6.7082],"[6.7429, 6.3461]",[9.6078],0,0,0,[10.1644],0,0,0,0,0,[9.709],0,0,[6.3353],0,0,0,0,0,0,0,0,0,0,0
23,徐治彪,0,[7.4431],"[9.5655, 7.5952]",0,"[7.2387, 5.6805]",[5.8196],[9.5123],0,[6.7019],0,0,0,0,0,[7.9289999999999985],[6.1859],0,0,0,0,0,0,0,0,0,0,0,0,0,0,0
24,鲍无可,0,[8.8793],[5.7604],[8.4897],0,0,[6.4393],0,[6.7016],[7.4686],0,0,0,0,0,0,0,0,0,[7.2489],0,0,0,0,0,"[8.151, 7.419, 5.7678]",0,0,0,0,0
25,刘伟林,[6.4936],0,"[5.7192, 5.5799]","[7.5102, 6.6645]",[7.8082],"[9.1167, 6.7207]",[7.5143],0,0,0,[9.5025],0,0,0,0,0,0,0,0,0,0,0,0,0,0,0,0,0,0,0,0
26,何晓春,0,0,"[8.5593, 8.051, 7.211, 6.4019, 4.9362, 4.5287]",0,0,0,0,0,[9.6441],0,0,[9.768],0,0,[6.6319],[8.7618],0,0,0,0,0,0,0,0,0,0,0,0,0,0,0
27,李耀柱,0,[6.627999999999999],"[11.1833, 6.7564, 6.1498]",0,[5.6276],0,0,0,[6.7083],"[11.7664, 10.04]",[10.9717],0,0,0,0,0,[5.4991],0,0,0,0,0,0,0,0,0,0,0,0,0,0
28,吴印,[7.4357],[6.5939999999999985],"[7.5371, 7.0863, 6.7605, 6.1823]",0,[6.9039],"[7.2938, 6.6153]",0,0,[6.4384],0,0,0,0,0,0,0,0,0,0,0,0,0,0,0,0,0,0,0,0,0,0
29,葛兰,0,0,0,0,"[7.0876, 6.507999999999999, 4.8658, 4.7034]","[8.6776, 6.0151]",[10.8852],0,0,0,[10.1436],0,0,0,0,0,0,0,0,0,0,0,[6.5198],0,0,0,0,0,[6.5193],0,0
30,吴兴武,0,0,[8.2789],[3.6947],"[8.4924, 6.4866]","[7.8008, 7.4851]",[9.2185],0,[5.7704],0,[7.2196],0,[4.2872],0,0,0,0,0,0,0,0,0,0,0,0,0,0,0,0,0,0
31,樊勇,0,0,"[10.1918, 7.5803, 7.272, 4.9743]",0,"[7.4239, 5.6094]",0,0,0,0,0,0,[6.627000000000002],[5.4576],0,[6.4695],[6.5366],0,0,0,0,0,0,0,0,0,0,0,0,0,0,0
32,金梓才,0,0,"[8.7765, 8.1679, 6.4521, 6.3945]",[7.7655],[5.5846],"[8.8731, 5.8686]",[8.4829],0,[8.5315],0,0,0,0,0,0,0,0,0,0,0,0,0,0,0,0,0,0,0,0,0,0
33,李游,0,0,0,"[8.6999, 6.9426]",[6.4175],0,0,0,0,"[7.1689, 6.5772]",0,"[6.7617, 5.2877]",[9.3104],0,0,0,[5.5791],0,[5.3144],0,0,0,0,0,0,0,0,0,0,0,0
34,郭睿,[6.3842],[5.6621],[9.0564],[8.9918],[6.4481],[5.8384],0,0,[9.2442],[9.8851],0,0,[6.0092],0,0,0,[8.0198],0,0,0,0,0,0,0,0,0,0,0,0,0,0
35,曲盛伟,0,[8.7767],"[9.2414, 7.8610000000000015, 6.4078, 6.2363]","[9.1572, 6.0756]",0,0,0,0,[6.7978],[6.3628],0,0,0,0,0,0,0,0,[6.0743],0,0,0,0,0,0,0,0,0,0,0,0
36,田俊维,0,0,"[10.3862, 9.6322, 9.0593, 3.9616]",0,"[8.9988, 8.9004]","[6.3518, 4.2972]",0,0,"[9.7131, 5.3403]",0,0,0,0,0,0,0,0,0,0,0,0,0,0,0,0,0,0,0,0,0,0
37,韩广哲,0,[6.9972],"[6.4335, 6.3347, 5.9065]",0,[5.9865],"[8.5882, 8.584, 6.9544]",0,0,0,0,[9.2325],0,[5.8921],0,0,0,0,0,0,0,0,0,0,0,0,0,0,0,0,0,0
38,陈平,0,0,"[10.3773, 7.5783, 4.87]",0,"[8.4317, 8.2234]","[7.4164, 4.7987]",0,0,[5.5101],[6.332999999999998],0,0,0,0,[7.507999999999999],0,0,0,0,0,0,0,0,0,0,0,0,0,0,0,0
39,易小金,0,0,[8.5105],[8.0219],[10.0699],"[10.2878, 6.511, 6.3122]",[10.0989],0,0,0,[4.3391],0,0,0,[4.3328],0,[5.5797],0,0,0,0,0,0,0,0,0,0,0,0,0,0
40,李双全,0,0,"[6.3059, 4.8918]",[10.219],"[5.3271, 5.0358]",[7.4445],0,0,0,"[9.3654, 7.3533]",[7.6951],0,0,0,0,0,0,0,0,0,0,0,[7.5908],0,0,0,0,0,0,0,0
41,冯雨生,[8.2131],0,"[8.4759, 7.1547, 6.9327, 6.2982]","[7.0907, 4.6193]",0,0,[5.2996],0,0,[8.4551],0,0,0,0,[6.247999999999998],0,0,0,0,0,0,0,0,0,0,0,0,0,0,0,0
42,袁航,[9.8997],0,"[6.8474, 6.2757, 5.4287]",[6.7429],0,0,0,[7.4654],"[6.0695, 5.6144]","[10.9529, 6.535]",0,0,0,0,0,0,0,0,0,0,0,0,0,0,0,0,0,0,0,0,0
43,于浩成,0,[5.7208],[6.1802],0,[8.1863],"[6.809, 6.4823]",0,0,[8.468],[6.1692],0,0,0,0,[6.4237],0,0,0,[7.647],[5.4271],0,0,0,0,0,0,0,0,0,0,0
44,李欣,0,0,"[9.8805, 9.3079, 8.13, 6.9108]",0,0,"[6.1187, 6.056, 4.008]",0,0,0,"[7.729, 3.3292]",0,0,[9.1256],0,0,0,0,0,0,0,0,0,0,0,0,0,0,0,0,0,0
45,薄官辉,[10.2915],0,"[6.1045, 4.837]",[7.5946],"[8.0802, 6.3725]",0,0,[10.4101],[7.1956],[4.1192],0,0,[5.9717],0,0,0,0,0,0,0,0,0,0,0,0,0,0,0,0,0,0
46,赵蓓,0,0,"[7.5271, 7.1402]",[5.8815],[6.0799],[11.1971],0,0,0,"[11.0613, 4.9401, 4.4536]",[10.7522],0,0,0,0,0,0,0,0,0,0,0,[6.1188],0,0,0,0,0,0,0,0
47,韩威俊,[9.0411],0,"[8.9749, 7.5245, 6.0577]",[8.7994],0,[9.1435],0,[6.0202],"[6.0261, 5.1026]",0,0,0,0,0,0,0,0,0,0,0,[8.9101],0,0,0,0,0,0,0,0,0,0
48,兰乔,[6.0452],0,0,0,0,[6.9443],0,[9.4249],[9.8268],"[7.3625, 4.6443]",0,0,0,0,0,[7.4474],[5.2726],0,[4.9289999999999985],0,0,0,0,0,0,0,[8.3477],0,0,0,0
49,魏伟,0,0,"[7.6659, 7.1727]",0,[9.2047],"[9.0587, 5.1085, 4.3704]",0,0,"[8.997, 6.0026]","[9.1658, 3.9507]",0,0,0,0,0,0,0,0,0,0,0,0,0,0,0,0,0,0,0,0,0
50,聂毅翔,[11.9404],0,"[10.3921, 6.7874]",[4.8182],0,0,0,0,0,"[7.1599, 5.3934]",0,0,[5.1855],0,0,0,0,0,0,0,0,0,0,0,0,"[8.8495, 8.7694]",0,0,0,0,0
51,钱亚风云,[9.1446],[4.9546],"[8.4624, 7.5468, 6.7107, 5.1867]",0,0,0,[4.9334],[5.956],0,[8.9807],[7.034],0,0,0,0,0,0,0,0,0,0,0,0,0,0,0,0,0,0,0,0
52,张丹华,0,0,"[10.2878, 4.9889]",0,"[5.9283, 5.5138]","[8.7508, 7.8649]",0,0,0,"[10.4461, 5.9367]",[4.0177],0,[7.6075],0,0,0,0,0,0,0,0,0,0,0,0,0,0,0,0,0,0
53,贾成东,0,0,"[9.7216, 7.5882, 5.5632, 4.8732]",0,"[6.2666, 5.9263]",0,[7.3607],0,0,0,[8.562999999999999],0,0,0,[6.4138],[5.4114],0,0,0,0,0,0,0,0,0,0,0,0,0,0,0
54,张仲维,0,0,"[6.3028, 5.5399]",0,[7.1167],"[6.468, 6.3602, 6.2014]",0,0,0,"[5.9001, 5.4968]",0,0,0,0,[5.9239],[6.5796],0,0,0,0,0,0,0,0,0,0,0,0,0,0,0
55,潘明,0,0,"[6.4236, 3.5625]",0,0,[6.3847],0,0,0,"[6.5056, 6.3947, 6.3873]",0,0,[5.91],0,"[6.4205, 3.6104, 3.5774]",0,0,0,0,0,0,0,0,0,0,0,0,0,0,0,0
56,刘格菘,0,0,"[10.7316, 7.6482, 5.8658, 5.252999999999999]",0,0,[5.2207],0,0,0,"[8.4456, 7.7328, 6.7419, 5.5156]",0,0,0,0,0,[8.1667],0,0,0,0,0,0,0,0,0,0,0,0,0,0,0
57,李佳存,0,[7.7073],"[9.6528, 8.9674]",0,[10.0439],0,[5.9017],0,0,0,[5.8569],0,[4.8586],0,[4.7105],0,[6.6941],0,0,0,0,0,[4.3012],0,0,0,0,0,0,0,0
58,蒋一茜,[11.0555],0,"[9.6988, 9.5359, 7.1967, 6.0282, 5.0388, 4.9288]",0,0,0,0,0,0,[5.8531],0,0,[4.78],0,0,0,0,0,0,0,0,0,0,0,0,[6.6641],0,0,0,0,0
59,饶玉涵,[4.5913],0,0,0,"[7.4535, 6.8268]","[9.4234, 6.7613, 5.6834]",0,0,[3.8635],"[5.8252, 3.8642]",0,0,0,0,[6.0667],0,0,0,0,0,0,0,0,0,0,0,0,0,0,0,0
60,肖勇,[10.0226],[4.0735],"[10.4198, 8.7414, 5.684]","[9.9699, 8.8676]",0,[5.6691],0,0,[3.4598],0,0,0,0,0,0,0,[5.3084],0,0,0,0,0,0,0,0,0,0,0,0,0,0
61,赵伟,0,0,0,0,"[8.6594, 6.4232, 4.8826]","[8.9225, 5.6113, 5.0794, 4.695]",[8.2776],0,0,[5.8870000000000005],0,0,0,0,0,0,[8.3982],0,0,0,0,0,0,0,0,0,0,0,0,0,0
62,潘龙玲,0,0,"[6.6653, 5.2489]",0,"[5.9157, 4.2648]","[9.3663, 6.6885, 6.5710000000000015]",0,0,[4.1819],0,0,0,0,0,0,0,0,0,0,[7.3841],0,0,[5.5916],0,0,0,0,0,0,0,0
63,孙迪,0,0,"[8.285, 7.3219]",0,[5.2697],[5.4578],0,0,"[8.874, 7.235, 6.0505]",0,0,0,"[7.2429999999999986, 4.6466]",0,0,[4.1715],0,0,0,0,0,0,0,0,0,0,0,0,0,0,0
64,郭晨,0,[3.4584],"[6.1359, 5.7506, 3.2787]",0,0,[6.0735],0,0,"[5.7695, 3.8012]",[6.795],[6.4539],0,0,0,[5.4309],0,0,0,0,0,0,0,0,0,0,0,0,0,0,0,0
65,金笑非,0,0,"[10.6812, 5.3888]",0,"[4.9544, 4.1688, 3.7211]","[11.2936, 10.4391, 5.5903]",[10.0536],0,0,0,[11.0071],0,0,0,0,0,0,0,0,0,0,0,0,0,0,0,0,0,0,0,0
66,李孟海,0,0,"[5.9777, 5.834]",0,"[5.8482, 4.3368]",[5.6416],0,0,"[9.1486, 5.1951]","[9.137, 5.3409]",0,0,0,0,0,[4.4059],0,0,0,0,0,0,0,0,0,0,0,0,0,0,0
67,谭冬寒,0,0,"[10.1365, 6.1532]",[5.2879999999999985],[3.9101],[9.7542],[4.8172],0,0,"[8.0459, 5.3682]",[10.645],0,0,0,0,0,0,0,0,0,0,0,0,0,0,0,0,0,[4.676],0,0
68,吴越,[11.1103],0,"[10.7682, 6.9737, 4.524]","[11.4166, 11.2309]",0,[4.3645],0,[5.2865],0,[4.0707],0,0,0,0,0,0,0,0,0,0,0,0,0,0,0,0,0,0,0,0,0
69,王栩,[5.4337],0,"[6.849, 5.549, 5.2761, 4.0745, 3.7685]",0,[4.4643],"[6.4595, 5.3844]",0,0,0,[6.4845],0,0,0,0,0,0,0,0,0,0,0,0,0,0,0,0,0,0,0,0,0
70,姚锦,0,0,"[7.4304, 6.8777, 6.6344]",[4.315],"[6.107, 4.2629]",[5.2441],0,0,0,0,[6.314],0,"[7.0102, 5.0023]",0,0,0,0,0,0,0,0,0,0,0,0,0,0,0,0,0,0
71,高松,0,[5.71],"[7.8203, 5.8381, 4.2447, 3.9603]",[5.353],0,[5.2095],0,0,0,0,[7.2151],[4.5596],0,0,0,0,[7.3111],0,0,0,0,0,0,0,0,0,0,0,0,0,0
72,郑泽鸿,0,0,[5.8432],[6.0055],"[8.5181, 5.1751, 4.4491]","[5.6336, 5.0044]",0,0,0,0,0,[7.244],[7.5355],0,0,0,[5.2028],0,0,0,0,0,0,0,0,0,0,0,0,0,0
73,陈小鹭,0,[5.1544],[9.6591],0,[5.3043],[9.4233],0,0,[4.2972],"[8.5818, 5.3647]",0,0,0,0,"[5.3584, 5.1611, 5.1122]",0,0,0,0,0,0,0,0,0,0,0,0,0,0,0,0
74,丘栋荣,0,"[5.6947, 5.2807]",[2.8939],0,[3.2948],0,0,0,[5.1513],[6.8482],0,0,"[6.8149, 4.9531]",[9.26],0,0,0,0,0,0,0,0,0,0,0,0,[6.6052],0,0,0,0
75,赵强,0,[5.2911],"[6.0313, 5.3187, 3.9223, 3.7534]",0,"[7.7528, 3.9797]",[5.1512],0,0,[5.5299],0,0,0,0,0,0,0,0,0,0,0,[5.6678],0,0,0,0,0,0,0,0,0,0
76,潘中宁,[10.0121],[3.5854],"[10.5454, 7.6139]",[9.5685],0,0,0,0,0,"[7.1824, 6.6359, 5.1402, 3.9521]",0,0,0,0,0,0,0,0,0,0,0,0,0,0,0,0,0,0,0,0,0
77,姚志鹏,0,"[8.0903, 3.9881]","[5.1371, 4.9707]",[6.7276],0,"[5.7311, 4.5109]",0,0,0,0,0,0,[9.6356],0,[5.7837],0,0,0,[7.7569],0,0,0,0,0,0,0,0,0,0,0,0
78,胡宇飞,[7.1604],0,"[10.6899, 10.6666, 8.6707, 6.1419, 5.6605, 3.5514, 3.4152]",0,0,[5.1312],0,0,0,0,0,0,0,0,0,0,0,0,0,0,0,0,0,0,0,[3.2865],0,0,0,0,0
79,邹新进,0,0,"[7.7745, 6.933]",0,0,"[6.898, 4.8348]",0,0,[4.982],"[7.7957, 4.8705]",0,0,[6.5199],0,"[5.9074, 5.1101]",0,0,0,0,0,0,0,0,0,0,0,0,0,0,0,0
80,施敏佳,0,0,"[6.4342, 5.5121, 5.1343]",0,0,0,[5.0527],0,0,"[6.0661, 5.4898, 5.0387]",0,0,[5.309],0,"[5.0665, 4.7831]",0,0,0,0,0,0,0,0,0,0,0,0,0,0,0,0
81,萧嘉倩,0,[5.2837],[4.959],0,[5.1125],0,0,0,"[5.1394, 4.8738]","[8.5943, 7.2492, 5.215, 5.0372]",0,0,0,[4.8178],0,0,0,0,0,0,0,0,0,0,0,0,0,0,0,0,0
82,王东杰,[6.8221],0,"[8.4807, 5.9443, 4.2001]",[7.1125],0,"[9.5347, 5.0092]",0,0,0,0,[4.9096],0,[5.0314],0,0,0,0,0,0,0,0,0,0,0,[5.8429],0,0,0,0,0,0
83,左金保,0,[5.834],"[8.2703, 5.0668, 5.022]","[5.4237, 4.4907]",[4.4541],[5.8986],0,0,0,0,[4.7966],0,0,0,0,0,0,0,0,0,[5.3288],0,0,0,0,0,0,0,0,0,0
84,观富钦,0,0,"[8.462, 6.7806, 5.3281, 5.022]",0,[5.6349],[3.9417],[3.9914],0,[5.3247],[5.5451],0,0,0,0,0,[4.6573],0,0,0,0,0,0,0,0,0,0,0,0,0,0,0
85,陆彬,0,0,[9.7481],[5.6562],"[4.6863, 4.279]","[10.1236, 4.3923]",0,0,0,0,0,0,[5.6976],0,[5.0123],0,0,0,0,0,0,0,0,[6.324],0,0,0,[9.5625],0,0,0
86,赵晓东,0,0,[5.9378],0,[5.0099],"[7.2816, 6.5986, 3.615]",0,[4.7307],"[7.4353, 4.4208]",0,0,0,[5.1351],0,0,[6.8961],0,0,0,0,0,0,0,0,0,0,0,0,0,0,0
87,刘晨,0,[5.4229],"[5.1333, 4.7876, 4.291]",0,"[5.2686, 4.9772]",0,0,0,0,"[5.2829, 5.1085, 4.3118]",0,0,0,0,[8.4941],0,0,0,0,0,0,0,0,0,0,0,0,0,0,0,0
88,王筱苓,[6.726],0,"[8.0378, 6.8467, 4.9763, 4.9112]",[4.3235],[6.5513],[3.8307],0,0,[5.0249],0,0,0,0,0,0,0,[5.1221],0,0,0,0,0,0,0,0,0,0,0,0,0,0
89,李林益,0,[5.4176],[5.2113],0,[4.9651],0,[8.8828],0,"[5.7196, 5.4345]",[4.4049],0,0,[6.0551],0,0,0,[4.5479],0,[4.3596],0,0,0,0,0,0,0,0,0,0,0,0
90,肖立强,0,0,"[7.1149, 6.7688, 6.3444, 5.5332, 5.0796, 4.8113]",0,0,[5.8092],0,0,0,[4.6159],0,0,[4.9645],0,[4.749],0,0,0,0,0,0,0,0,0,0,0,0,0,0,0,0
91,张朋,[4.7539],[6.0097],[8.3565],0,"[7.3709, 4.9808, 4.917]","[5.335, 4.8433]",[4.9601],0,0,0,0,0,0,0,0,0,0,0,0,0,0,0,0,[5.0395],0,0,0,0,0,0,0
92,张琦,0,0,"[8.6273, 6.7845, 6.6508, 4.3067, 3.7218]",0,0,0,0,0,[7.0286],"[5.6466, 4.7285]",0,0,0,0,[5.4068],[4.9593],0,0,0,0,0,0,0,0,0,0,0,0,0,0,0
93,罗安安,[4.4885],0,"[8.1193, 5.4119, 4.9769]",[4.6987],[5.9558],"[7.3054, 5.1024]",0,0,0,[4.9491],[4.7535],0,0,0,0,0,0,0,0,0,0,0,0,0,0,0,0,0,0,0,0
94,周伟锋,0,0,"[4.9241, 4.3034]",[9.4668],"[9.4071, 6.4802]",[6.2125],[4.1838],0,0,0,0,0,[6.1812],0,[4.5837],[9.5131],0,0,0,0,0,0,0,0,0,0,0,0,0,0,0
95,韩冬燕,0,0,0,0,"[5.3632, 5.0325]",0,0,[8.3567],[4.8714],"[9.9786, 4.9961, 4.9235]",0,0,0,0,0,0,[4.813],0,[4.7928],[5.3004],0,0,0,0,0,0,0,0,0,0,0
96,王凯,0,[7.3016],"[9.4364, 5.5513, 4.792, 4.4966]",0,[4.4752],0,0,0,0,"[8.3806, 7.454, 4.9855, 4.8936]",0,0,0,0,0,0,0,0,0,0,0,0,0,0,0,0,0,0,0,0,0
97,余昊,0,0,"[8.5135, 6.3006]",0,[3.8843],0,0,0,"[11.409, 7.2605, 3.7026]","[5.3415, 3.844]",0,0,[5.2851],0,[4.8935],0,0,0,0,0,0,0,0,0,0,0,0,0,0,0,0
98,陶灿,[7.0686],0,[6.6016],0,[6.1188],"[6.8364, 4.3489, 4.2151, 4.0986]",0,0,0,[4.9641],0,0,[4.8741],0,0,0,0,0,0,0,0,0,0,[6.4315],0,0,0,0,0,0,0
99,李亚,0,0,"[5.0818, 4.8711]",0,[4.6843],0,0,0,0,"[7.8673, 6.1336, 5.8129, 5.1117, 4.9886]",0,0,[4.1915],0,0,0,0,0,0,0,[4.7236],0,0,0,0,0,0,0,0,0,0
100,吴云峰,0,0,0,0,0,[6.2472],0,0,"[9.2994, 7.233, 6.0367, 4.4867, 3.754]",0,0,0,"[6.8583, 4.4756]",0,0,0,0,0,0,0,0,[7.7627],[4.863],0,0,0,0,0,0,0,0
101,马君,[7.4719],[4.1754],"[5.3265, 4.5748]","[7.7892, 7.57]",0,"[7.6079, 3.8204]",0,[7.2479],0,0,0,0,0,0,0,0,0,0,0,0,0,0,0,0,0,0,0,[4.8587],0,0,0
102,蒲世林,0,0,"[7.2397, 4.8062, 4.2728]",0,"[5.3195, 4.954]",0,0,[5.9687],"[4.9084, 4.3087]",[3.4643],0,0,0,0,[5.7873],0,0,0,0,0,0,0,0,0,0,0,0,0,0,0,0
103,兰兰,0,0,"[4.7399, 4.3507]",0,"[4.7922, 4.4688]","[8.7647, 5.3395, 5.3201]",0,0,0,[6.2165],[9.3638],0,0,0,0,0,0,0,0,0,0,0,0,0,0,0,0,0,[7.6854],0,0
104,高源,0,0,"[6.0194, 4.8188]",0,0,[5.3653],[5.7252],0,[4.7896],"[4.6051, 4.441]",0,0,0,0,"[6.2799, 6.0487, 4.7855]",0,0,0,0,0,0,0,0,0,0,0,0,0,0,0,0
105,颜媛,0,0,[4.1748],0,"[7.8292, 4.4333]","[8.7471, 5.0591]",[5.63],0,"[6.707999999999998, 4.7802]",0,[8.8003],0,0,0,0,0,0,0,0,0,[4.6751],0,0,0,0,0,0,0,0,0,0
106,楼慧源,0,0,"[4.765, 4.7495]",0,"[5.7591, 4.6833]","[8.8251, 6.9471, 3.8482]",[4.6314],0,[6.8685],0,[6.2882],0,0,0,0,0,0,0,0,0,0,0,0,0,0,0,0,0,0,0,0
107,王翔,[8.0454],[3.5647],"[8.0653, 4.7321]","[8.1026, 4.3147]",0,[4.3061],[5.8947],0,0,0,0,0,[6.8193],0,0,0,[8.8426],0,0,0,0,0,0,0,0,0,0,0,0,0,0
108,陈叶雁南,[8.9975],0,"[6.8188, 5.9386, 5.1659, 4.7292, 4.5696, 4.4963]",0,[6.6514],[4.2827],0,0,0,0,0,0,0,0,0,0,0,0,0,0,0,0,0,0,0,[5.4251],0,0,0,0,0
109,光磊,0,0,"[5.2468, 4.3282, 3.5807]",0,[7.1099],[4.7106],[7.6566],0,[6.5005],0,[9.3962],0,0,0,[3.4875],0,0,0,0,0,0,0,[8.6895],0,0,0,0,0,0,0,0
110,钟,[8.3791],0,"[8.7805, 5.6843, 3.4958]","[6.4816, 3.9752]",[4.6629],[7.3114],0,0,0,0,0,0,0,0,0,[3.2839],[7.7692],0,0,0,0,0,0,0,0,0,0,0,0,0,0
111,杨威风,0,[5.8038],"[5.5392, 5.1662, 4.6566]",0,0,"[5.7414, 4.1946]",0,0,0,"[4.6913, 4.0166]",0,0,0,0,0,0,0,0,0,0,0,0,[4.5376],0,0,[5.4634],0,0,0,0,0
112,张勋,0,0,[3.471],"[5.4274, 4.6589]",[4.6561],"[5.38, 3.3389]",0,0,0,[3.4874],[6.2126],[6.905],0,0,0,0,0,0,0,0,0,0,0,0,[5.2906],0,0,0,0,0,0
113,蔡宇滨,0,0,"[8.3646, 6.1166, 4.6465]",0,"[11.2011, 7.4234]",[6.6560000000000015],0,[3.6465],0,[4.9317],[3.6371],0,0,0,0,0,[3.6062],0,0,0,0,0,0,0,0,0,0,0,0,0,0
114,邹唯,0,[7.9332],"[9.0795, 7.5494, 6.9947, 6.8171, 3.5852]",0,"[4.6157, 3.7166]",0,0,0,0,0,0,0,0,0,"[4.8416, 4.2706]",0,0,0,0,0,0,0,0,0,0,0,0,0,0,0,0
115,蒲延杰,[9.0222],0,"[6.6382, 6.2360000000000015, 5.6614, 4.6009, 4.421]","[5.8634, 5.3518]",0,0,0,0,0,[3.7781],0,0,[3.6849],0,0,0,0,0,0,0,0,0,0,0,0,0,0,0,0,0,0
116,李,0,0,"[9.8643, 9.7731, 9.5083, 8.6086, 4.5189]",0,[9.7912],[3.6467],0,0,0,"[4.5922, 4.0303]",0,0,0,0,[6.6799],0,0,0,0,0,0,0,0,0,0,0,0,0,0,0,0
117,邱杰,0,0,"[8.5577, 5.9253, 5.752999999999999]",0,"[3.5810000000000004, 3.4713]",0,0,0,0,[5.8036],0,0,[4.1658],0,[4.5703],0,0,0,0,[6.3235],[5.066],0,0,0,0,0,0,0,0,0,0
118,方钰涵,0,0,"[9.8775, 3.8209]",0,0,"[9.6958, 7.4138, 7.3403]",[4.5471],0,0,[4.4141],[4.9462],0,0,0,[4.134],0,0,0,0,0,0,0,[6.832999999999998],0,0,0,0,0,0,0,0
119,郎超,0,0,"[9.8873, 4.8794]",0,[4.4601],"[11.1944, 9.7921]",[5.9431],0,[3.5271],[4.4559],[10.8038],0,0,0,0,0,0,0,0,0,0,0,[4.5471],0,0,0,0,0,0,0,0
120,张林,0,0,"[6.404, 5.2847, 4.8961, 4.5338]",0,0,[4.9088],0,0,"[5.2161, 3.9025]","[4.7124, 4.0463]",0,0,0,0,[4.4885],0,0,0,0,0,0,0,0,0,0,0,0,0,0,0,0
121,林庆,0,[4.5957],"[6.2385, 3.2318]",0,[4.8243],[4.2273],0,[5.1288],"[9.1071, 5.5647]",[4.5104],0,0,0,0,[3.3252],0,0,0,0,0,0,0,0,0,0,0,0,0,0,0,0
122,杨锐文,0,0,"[7.4858, 6.7619, 6.6206, 5.5347, 4.7336, 4.4407]",0,0,0,[4.4984],0,[4.4545],[4.3731],0,0,0,0,[5.4217],0,0,0,0,0,0,0,0,0,0,0,0,0,0,0,0
123,贺宁,0,[3.5962],"[10.5156, 4.1755]",0,"[5.9405, 4.1072]",[6.1252],[6.3434],0,0,"[5.0061, 4.4957]",0,0,0,0,[5.4081],0,0,0,0,0,0,0,0,0,0,0,0,0,0,0,0
124,缪东航,0,[6.5883],[4.4878],0,"[6.4924, 4.1836]",[4.1584],[5.939],0,"[7.1758, 6.6883, 6.599]",0,0,0,[4.0548],0,0,0,0,0,0,0,0,0,0,0,0,0,0,0,0,0,0
125,杨琨,[4.9292],0,[3.5451],[3.688],[5.2787],"[5.9158, 4.7861]",0,0,0,"[5.4907, 4.4643]",0,0,0,0,0,0,[6.9334],0,0,0,0,0,[3.5378],0,0,0,0,0,0,0,0
126,乔春,0,0,0,0,"[4.8435, 4.7966, 4.7446]",0,0,0,"[4.4504, 4.4381]","[4.6425, 4.5139999999999985]",0,0,0,0,[4.376],[4.5456],0,0,0,[4.2341],0,0,0,0,0,0,0,0,0,0,0
127,彭敢,0,0,"[6.6191, 4.7576, 4.4358]",0,[4.5879],"[3.8679, 3.7928]",0,0,"[5.4719, 5.3491, 4.2599]",[9.1142],0,0,0,0,0,0,0,0,0,0,0,0,0,0,0,0,0,0,0,0,0
128,李博,0,[3.8479],"[5.5112, 5.4535, 4.4314]",[4.2504],"[10.5576, 5.7114]",[4.5642],0,0,0,0,0,0,0,0,[4.3137],0,0,0,0,0,[4.7876],0,0,0,0,0,0,0,0,0,0
129,张宇帆,0,0,"[4.4223, 4.3764]",0,0,0,0,0,[5.4881],0,0,0,[4.0335],0,"[8.5778, 6.1392, 5.3101, 3.9287]",0,0,0,0,0,[6.3731],0,0,0,[3.923],0,0,0,0,0,0
130,程洲,[6.3285],0,"[6.1257, 5.1658, 4.3738]",[4.4225],[3.8695],0,0,[4.0058],0,0,0,0,0,0,[3.7255],0,"[5.141, 4.6892]",0,0,0,0,0,0,0,0,0,0,0,0,0,0
131,杨鑫鑫,0,0,"[6.3934, 3.8067]",0,0,0,0,0,"[4.3555, 3.5877]",[5.8844],0,[4.8168],[4.0584],0,"[5.9155, 4.8246]",0,[4.7651],0,0,0,0,0,0,0,0,0,0,0,0,0,0
132,许炎,0,0,[8.0742],0,[3.4347],[3.9524],0,0,0,"[7.3921, 6.5724]",0,0,"[4.9755, 4.3499]",0,"[7.7088, 6.1685, 3.595]",0,0,0,0,0,0,0,0,0,0,0,0,0,0,0,0
133,张金涛,[3.3523],0,"[7.9563, 7.9436]",[4.3489],[8.237],[4.769],0,0,[3.7864],0,0,0,[6.638],0,0,0,0,0,0,0,0,0,0,0,0,"[4.6337, 3.5807]",0,0,0,0,0
134,蒋秋洁,[6.0493],0,"[4.3416, 3.447]",[6.5231],[3.4343],0,[5.2777],0,0,[5.5162],[4.6558],0,[3.0499],0,0,0,[4.4271],0,0,0,0,0,0,0,0,0,0,0,0,0,0
135,肖觅,0,0,[4.3409],0,[10.371],[10.0585],0,0,0,"[4.1895, 4.1286]",0,0,[4.248],0,"[6.4218, 5.5304, 4.8483]",0,0,0,0,0,0,0,0,[5.3062],0,0,0,0,0,0,0
136,袁玮,0,[6.2172],"[6.2799, 5.4825, 4.8069, 4.3003]",0,0,[4.4688],0,0,0,[6.4428],0,0,[3.7952],0,"[4.3357, 4.026]",0,0,0,0,0,0,0,0,0,0,0,0,0,0,0,0
137,何|华,[6.9582],[4.3328],"[5.7461, 4.8127]",[7.9249],[7.3535],[4.3611],0,0,0,0,0,0,0,0,0,"[4.2671, 4.117]",0,0,0,0,0,0,0,[4.2015],0,0,0,0,0,0,0
138,谢昌旭,[7.7443],0,"[4.5718, 4.4139, 4.3218, 4.2904, 2.7308]",[6.5776],[4.1017],[6.089],[4.8407],0,0,0,0,0,0,0,0,0,0,0,0,0,0,0,0,0,0,0,0,0,0,0,0
139,邓默,0,[5.5106],[3.7894],0,"[7.4017, 4.3176]",0,0,0,[6.6752],"[4.5401, 4.3072, 3.9352, 3.2494]",0,0,0,0,[4.3324],0,0,0,0,0,0,0,0,0,0,0,0,0,0,0,0
140,刘晓明,[4.4465],0,"[9.2862, 7.8202, 4.305]",0,[3.7664],0,0,0,[3.8968],[5.3435],0,0,0,0,0,0,[8.0483],0,0,0,[3.6376],0,0,0,[4.6388],0,0,0,0,0,0
141,侯玉琦,0,[7.5411],[3.9267],0,"[6.1934, 4.46]","[4.36, 4.2986]",[3.7063],0,[4.6927],0,0,0,[6.515],0,0,0,0,0,0,0,0,0,[4.0177],0,0,0,0,0,0,0,0
142,陈璇淼,[5.6889],0,"[9.6818, 5.1761, 4.2668, 4.0505, 3.9132]",[7.5408],0,[3.9249],0,0,0,0,[10.1078],0,0,0,[5.1605],0,0,0,0,0,0,0,0,0,0,0,0,0,0,0,0
143,农冰立,[5.0209],[4.0469],"[7.1583, 5.0594, 4.0206, 4.0064]",[4.6803],[9.8737],[4.7733],0,0,0,0,0,0,0,0,[4.2593],0,0,0,0,0,0,0,0,0,0,0,0,0,0,0,0
144,何肖颉,[4.2527],[3.4874],"[6.3234, 6.1895, 5.7045]",0,[5.2639],0,0,0,0,0,[4.7329],0,[3.6325],0,[10.975],[3.5796],0,0,0,0,0,0,0,0,0,0,0,0,0,0,0
145,沈佳,0,0,"[6.4343, 4.2894, 4.1128, 4.0385]",0,"[4.3494, 4.1408]",[5.4085],0,0,0,"[4.7213, 4.2478]",0,0,[5.4105],0,0,0,0,0,0,0,0,0,0,0,0,0,0,0,0,0,0
146,蔡目荣,0,0,"[5.2596, 4.2195, 3.567]",0,"[4.3874, 3.5499]","[8.3091, 7.8184, 4.3304]",0,0,[4.2462],0,0,0,0,0,0,0,0,[8.3337],0,0,0,0,0,0,0,0,0,0,0,0,0
147,吕佳玮,0,0,"[8.059, 5.2583]",0,"[7.0976, 5.1955, 4.211]",[4.224],0,0,0,[4.1248],0,[4.8792],[8.717],0,0,[4.0519],0,0,0,0,0,0,0,0,0,0,0,0,0,0,0
148,石峰,0,0,"[5.267, 4.3753]",0,[3.8383],0,0,[4.1955],0,[4.2154],0,0,"[4.6825, 4.2517]",[4.2613],[4.1173],[4.9704],0,0,0,0,0,0,0,0,0,0,0,0,0,0,0
149,柯海东,0,0,"[5.4483, 4.1677]",0,[3.7629],0,0,0,0,"[5.1835, 4.6707]",0,[9.6365],0,0,0,[3.8155],0,0,[8.2676],[3.9911],[5.4811],0,0,0,0,0,0,0,0,0,0
150,鄢耀,[5.1025],0,"[5.5514, 5.2478, 5.0249, 4.144]",0,[7.1948],[4.0005],0,0,0,[3.3583],0,0,[6.5475],0,0,0,0,0,0,0,0,0,0,0,0,0,0,0,[2.9312],0,0
151,沙炜,0,[5.1814],"[6.2969, 5.2251, 4.5319, 3.4388]",0,0,[3.6124],0,0,[3.5558],0,0,0,[4.1399],0,[4.1578],[9.0749],0,0,0,0,0,0,0,0,0,0,0,0,0,0,0
152,张航,0,0,"[8.2101, 5.7965, 5.0854, 4.7918]",0,0,[3.9041],0,0,[3.7919],"[4.2052, 3.4231]",0,0,"[4.1448, 4.1017]",0,0,0,0,0,0,0,0,0,0,0,0,0,0,0,0,0,0
153,归凯,0,0,"[6.7261, 4.8561, 4.5714, 4.465, 4.2098, 4.0713]",0,"[5.6849, 3.8039]",[3.9115],0,0,0,[4.0992],0,0,0,0,0,0,0,0,0,0,0,0,0,0,0,0,0,0,0,0,0
154,朱然,0,0,"[4.2681, 4.1059, 3.9563, 3.7763]",0,[4.1026],[4.0873],0,0,[5.2645],0,0,0,"[4.1581, 3.7921]",0,0,0,0,0,0,0,0,[4.7386],0,0,0,0,0,0,0,0,0
155,秦毅,0,0,"[7.6642, 4.8677]",[4.0843],"[7.8021, 3.5886]",0,0,0,0,0,0,0,"[4.7558, 3.7809]",0,[3.7545],0,0,[4.4607],[8.142999999999999],0,0,0,0,0,0,0,0,0,0,0,0
156,童立,0,0,"[4.9264, 4.5237, 4.2859, 4.1724]",0,"[4.0427, 3.9787]",0,0,0,0,[4.0831],0,0,[4.8534],0,0,0,0,0,0,[5.1405],0,0,0,0,[4.0735],0,0,0,0,0,0
157,曹春林,0,0,"[8.2293, 7.3609, 4.0592]",[5.4145],[3.9094],[2.8609],0,0,0,0,0,0,[8.6208],0,[6.9014],[2.9906],0,0,0,0,0,0,0,0,[4.1487],0,0,0,0,0,0
158,姜锋,0,0,[4.0296],[4.0429],"[6.5846, 6.3547]",0,0,0,[5.3988],"[6.4007, 4.338]",0,0,[4.0583],0,0,0,0,[4.24],0,0,0,0,0,0,0,0,0,[3.9999],0,0,0
159,邵卓,0,0,"[4.6972, 4.4936, 4.0553, 3.6875]",0,[8.2353],[3.9219],0,0,[4.2276],[3.8723],0,0,[5.4084],0,0,0,0,0,0,0,0,0,0,[6.5426],0,0,0,0,0,0,0
160,陈薪羽,0,0,"[4.1155, 3.9607]",0,"[4.1093, 4.0252]","[4.4716, 4.0801, 4.045]",0,0,"[4.1626, 4.0655]",0,0,0,0,0,[3.9833],0,0,0,0,0,0,0,0,0,0,0,0,0,0,0,0
161,王伟,0,0,"[8.3797, 3.758]",[5.3266],[3.951],"[6.6899, 3.2415]",0,0,"[5.7002, 4.5296]",[4.0143],0,0,0,0,0,0,0,0,[4.9499],0,0,0,0,0,0,0,0,0,0,0,0
162,李湘杰,0,0,"[5.6134, 3.3631]",0,[7.1331],"[5.0535, 4.0139999999999985]",0,0,0,0,0,[3.8418],[3.7889],0,0,0,[6.0588],0,0,0,0,0,0,0,0,[4.8861],0,0,0,0,0
163,许杰,0,0,"[4.9984, 3.9847]",[4.1232],[3.9714],[4.4862],0,0,"[6.5611, 3.9551]",0,0,0,[4.0514],0,0,[3.9604],0,0,0,0,0,0,[4.3428],0,0,0,0,0,0,0,0
164,宋炳|,0,0,[8.463],0,[4.2827],"[5.1788, 3.2313, 3.1856]",[3.0826],0,[3.9602],"[5.6751, 5.5408]",0,0,0,0,[4.2176],0,0,0,0,0,0,0,0,0,0,0,0,0,0,0,0
165,张继圣,0,0,"[6.431, 4.2052, 3.4866, 3.0433]",0,[7.3371],"[8.0014, 3.9403, 3.2485]",0,0,[6.2498],0,0,0,0,0,0,0,0,0,[4.0397],0,0,0,0,0,0,0,0,0,0,0,0
166,尚烁徽,[5.6687],0,"[5.6326, 3.5388]",0,[3.3054],[3.9006],0,0,0,"[4.1417, 4.1123]",0,0,"[5.2185, 3.5593]",0,[5.2926],0,0,0,0,0,0,0,0,0,0,0,0,0,0,0,0
167,杨柯,0,0,"[11.1591, 5.6734, 3.8247]",[7.5977],0,0,0,0,[5.5474],0,0,0,[2.9724],0,[4.1397],0,[11.2041],0,0,0,0,0,[2.5617],0,0,0,[3.3256],0,0,0,0
168,周大鹏,[4.3913],0,[3.325],[4.1532],0,"[4.6747, 4.3895, 3.5203]",[6.0745],0,[3.8145],[3.4215],0,0,0,0,[6.3905],0,0,0,0,0,0,0,0,0,0,0,0,0,0,0,0
169,赵鹏程,0,0,"[5.7341, 5.6314]",[5.5371],"[4.284, 3.804, 3.6687]","[5.231, 3.596]",0,0,[4.36],[3.5918],0,0,0,0,0,0,0,0,0,0,0,0,0,0,0,0,0,0,0,0,0
170,张淼,0,0,"[4.3054, 3.9544, 3.9541, 3.2710000000000004]",0,[3.7268],[6.62],0,0,"[7.1615, 3.1803]","[7.4374, 3.8]",0,0,0,0,0,0,0,0,0,0,0,0,0,0,0,0,0,0,0,0,0
171,毕天宇,[5.3843],[3.7715],[3.7905],0,"[5.5195, 3.2967]",0,0,0,"[7.3873, 3.1141]","[5.8931, 5.4887]",0,0,0,0,[4.87],0,0,0,0,0,0,0,0,0,0,0,0,0,0,0,0
172,王鹏,0,0,"[9.1933, 5.3482]",0,[4.2883],0,0,0,0,[3.772],[3.7763],[3.019],"[5.8295, 4.2266]",0,0,[3.2014],[3.0556],0,0,0,0,0,0,0,0,0,0,0,0,0,0
173,JIANG SHAOKUN,[5.1917],0,"[3.7618, 3.3177]",0,0,[4.7749],0,0,0,"[4.6588, 4.29, 3.9947, 3.5174]",0,0,0,0,[3.5822],[4.658],0,0,0,0,0,0,0,0,0,0,0,0,0,0,0
174,谭志强,0,[6.6367],[6.4829],[3.4808],"[7.2882, 3.3517]","[6.8253, 3.6399]",0,0,[5.6312],0,0,0,[3.7572],0,0,0,0,0,0,[4.2536],0,0,0,0,0,0,0,0,0,0,0
175,王君正,[5.4393],0,"[11.0079, 4.2918, 4.0606, 3.7084, 3.6809, 3.4586]",0,"[8.6094, 4.6285]",[3.6587],0,0,0,0,0,0,0,0,0,0,0,0,0,0,0,0,0,0,0,0,0,0,0,0,0
176,欧阳力君,0,0,"[3.9415, 3.7042, 3.6284, 3.4739]",0,"[4.9983, 3.6809]",0,0,0,0,"[5.1526, 3.7029]",0,0,[5.0586],0,[5.8233],0,0,0,0,0,0,0,0,0,0,0,0,0,0,0,0
177,孙晟,0,0,[3.8076],0,0,0,0,"[3.6732, 2.6364]",0,"[8.0367, 5.9332, 4.7764]",0,0,0,0,"[7.5822, 3.3649, 2.7965]",0,0,0,0,0,0,0,0,0,0,0,0,[7.2198],0,0,0
178,吴剑毅,0,"[3.6426, 3.4154]","[3.4675, 2.9745]",[4.9799],[5.9221],0,[4.1514],0,0,[3.9534],0,0,[4.5299],0,0,[6.0744],0,0,0,0,0,0,0,0,0,0,0,0,0,0,0
179,张帆,0,0,"[10.6586, 4.3582, 4.1308, 3.5403]",0,0,"[4.8974, 3.8485, 3.462]",0,0,0,[3.5589],0,0,0,0,[4.6497],0,0,0,0,0,0,[3.6076],0,0,0,0,0,0,0,0,0
180,郭敏,0,0,"[4.5894, 3.9017, 3.2479]",0,[3.602],0,0,0,0,"[4.4246, 3.119]",0,0,[8.4421],0,[6.5161],0,[3.954],0,[3.5424],0,0,0,0,0,0,0,0,0,0,0,0
181,李威,[10.284],0,"[3.5295, 3.3669]",[5.6362],[3.3014],"[9.3039, 5.4422]",0,0,0,[4.8987],[3.5923],0,[3.6041],0,0,0,0,0,0,0,0,0,0,0,0,0,0,0,0,0,0
182,杨景喻,[4.024],[3.4915],"[4.2259, 3.5801, 3.5097]",0,[3.589],[6.0494],0,0,0,0,[3.9451],0,[3.7962],0,[4.0026],0,0,0,0,0,0,0,0,0,0,0,0,0,0,0,0
183,陈思郁,[5.0679],[3.5588],"[5.6745, 3.5046]",0,[5.0443],[3.5119],[3.8677],0,[3.7579],[3.4895],[7.2659],0,0,0,0,0,0,0,0,0,0,0,0,0,0,0,0,0,0,0,0
184,应帅,[10.0417],0,"[6.698, 3.6671, 3.0394]",[3.5767],0,[4.4126],0,0,0,[3.5491],0,0,0,0,"[3.9104, 3.1289]",[3.3797],0,0,0,0,0,0,0,0,0,0,0,0,0,0,0
185,程,[3.3437],[2.5842],"[9.1492, 9.1352, 4.1091]",0,0,0,0,0,0,"[6.9838, 3.402]",0,0,0,0,0,0,0,[3.5057],0,0,0,0,0,0,0,"[4.7845, 3.9902]",0,0,0,0,0
186,黄安乐,0,[3.382],"[5.2464, 4.0168]",0,[3.4681],[3.1698],[3.265],0,0,"[4.8865, 4.1496]",0,0,0,0,[3.9484],0,0,0,0,[3.6589],0,0,0,0,0,0,0,0,0,0,0
187,王品,0,0,"[7.9555, 4.6915, 3.7474, 3.4656]",0,[3.6956],[3.2646],[3.3419],0,0,"[10.1508, 5.7522]",0,0,[3.2626],0,0,0,0,0,0,0,0,0,0,0,0,0,0,0,0,0,0
188,李宜璇,0,0,"[3.9441, 3.4964, 3.4493]",[6.0147],"[2.8808, 2.8418]",[6.172999999999999],0,0,0,0,0,0,0,0,[3.3822],0,0,[6.7243],[7.4865],0,0,0,0,0,0,0,0,0,0,0,0
189,是星涛,[6.7892],0,"[6.2832, 5.3065]",0,"[4.7665, 2.9522]","[3.3002, 3.0088]",[3.4488],0,[3.7153],0,0,0,0,0,0,0,0,0,0,0,[7.4357],0,0,0,0,0,0,0,0,0,0
190,董伟炜,[5.9693],[3.282],"[6.109, 5.5152, 4.2554, 3.4586]",0,0,0,0,0,0,"[3.4439, 3.4401, 3.2979]",0,0,[3.4518],0,0,0,0,0,0,0,0,0,0,0,0,0,0,0,0,0,0
191,詹成,0,"[5.8331, 3.7601]","[5.7773, 3.3132, 3.2514]",[3.4408],[3.2866],0,0,0,0,"[4.6018, 4.2531]",0,0,0,0,0,0,0,0,0,0,0,0,0,0,0,[5.5674],0,0,0,0,0
192,谢泽林,[3.4717],0,"[4.82, 3.9175, 3.5263, 3.2702, 3.1882]",0,0,[3.8344],0,0,0,"[4.5245, 3.4225, 3.1984]",0,0,0,0,0,0,0,0,0,0,0,0,0,0,0,0,0,0,0,0,0
193,翟云飞,0,0,"[5.3761, 3.998]",[3.3478],0,[4.0665],0,0,0,"[3.9617, 3.4216, 3.3895]",0,0,0,0,[3.8742],0,0,0,[3.4934],0,0,0,0,[3.2747],0,0,0,0,0,0,0
194,李德辉,[3.4045],0,"[6.9229, 5.4037]",0,[6.227],"[6.0663, 4.4997]",[2.9618],0,0,"[7.4855, 3.3844]",0,0,0,0,0,0,0,0,[2.9551],0,0,0,0,0,0,0,0,0,0,0,0
195,周应波,0,0,"[7.3952, 7.2167, 5.2404, 5.0571, 3.1694, 2.8267]",[3.0195],0,[8.1428],[3.9837],0,0,0,0,0,0,0,[3.3724],0,0,0,0,0,0,0,0,0,0,0,0,0,0,0,0
196,张剑峰,0,0,[5.3845],[3.099],0,"[4.4867, 2.8909]",0,0,"[7.9546, 2.8351]",[3.8811],0,0,0,0,0,[6.0886],0,0,[4.3954],0,0,0,0,[3.3209],0,0,0,0,0,0,0
197,范妍,0,[4.3135],"[7.3172, 3.4955, 3.2873, 2.8072]",0,0,[3.285],0,0,0,[3.3549],0,0,[2.765],0,[3.5642],0,[3.8064],0,0,0,0,0,0,0,0,0,0,0,0,0,0
198,张媛,0,0,"[4.748, 3.9045]",0,[4.4959],0,0,[4.2974],"[3.3226, 3.1207]",[3.0974],0,0,0,0,[3.2788],0,"[3.2776, 3.1087]",0,0,0,0,0,0,0,0,0,0,0,0,0,0
199,王创练,0,0,"[5.1381, 4.3075]",[5.404],[3.272],[3.2667],0,0,"[5.8821, 3.6866]","[8.8952, 2.483]",0,0,[2.8295],0,0,0,0,0,0,0,0,0,0,0,0,0,0,0,0,0,0
200,桑俊,[3.2347],0,"[6.2908, 4.5112, 3.6441, 3.3964, 3.3402, 2.7805]",0,0,0,0,0,[2.5196],[4.0313],0,0,0,0,[3.1126],0,0,0,0,0,0,0,0,0,0,0,0,0,0,0,0
201,余科苗,[4.4582],0,"[5.0322, 3.2306, 2.2352, 2.1198]",0,[7.0034],0,[3.5408],0,0,"[5.8403, 2.241]",0,0,0,0,[4.7632],0,0,0,0,0,0,0,0,0,0,0,0,0,0,0,0
202,申坤,0,0,"[3.2909, 3.1476]",0,"[5.23, 4.5102, 3.3725, 3.1448]",[3.0498],"[4.3423, 4.1732]",0,0,[3.2075],0,0,0,0,0,0,0,0,0,0,0,0,0,0,0,0,0,0,0,0,0
203,杨,0,0,[4.8463],0,"[4.9839, 3.7391]",[2.9314],0,0,0,"[6.6257, 3.8222, 3.1802, 3.1419, 3.0288]",0,0,0,0,[4.2076],0,0,0,0,0,0,0,0,0,0,0,0,0,0,0,0
204,魏刚,[4.9846],0,"[4.9443, 4.8203, 4.5622, 3.6152, 3.1723]",[2.9936],0,[3.5136],0,0,0,[2.1144],0,0,0,0,[1.9026],0,0,0,0,0,0,0,0,0,0,0,0,0,0,0,0
205,李帅,0,0,"[8.6761, 8.2663, 5.808, 3.25, 3.0254]",0,"[6.1039, 4.0918]",0,0,0,0,[3.0728],0,[3.0358],0,0,[3.1697],0,0,0,0,0,0,0,0,0,0,0,0,0,0,0,0
206,孟昊,0,0,"[6.402, 6.1383, 3.5448, 3.2651, 3.0398, 2.6994]",[3.1176],0,[4.2745],0,0,0,0,0,0,[6.0932],0,[2.729],0,0,0,0,0,0,0,0,0,0,0,0,0,0,0,0
207,刘荟,[7.9772],0,"[8.0679, 6.3018, 3.0936]",0,[6.1631],[4.7213],0,[2.9209],0,[2.5161],0,0,[4.6641],0,[2.4023],0,0,0,0,0,0,0,0,0,0,0,0,0,0,0,0
208,范洁,0,[3.0112],"[3.2513, 3.1013, 3.0385]",[3.0282],0,0,0,0,[3.0345],0,0,0,0,0,[3.1142],[3.0181],0,0,0,[3.0111],0,0,0,0,[3.151],0,0,0,0,0,0
209,王咏辉,[2.3945],0,"[5.2546, 4.7785, 4.5005, 3.0186, 2.8656, 2.615]",0,0,0,0,0,[4.5269],[4.9547],0,0,0,0,0,0,0,0,[3.7369],0,0,0,0,0,0,0,0,0,0,0,0
210,袁芳,0,0,"[4.6204, 3.5122, 3.395, 3.0165, 2.7077]",0,0,0,0,0,0,"[5.1207, 3.0185, 2.4639]",0,0,[3.9256],0,0,[3.1347],0,0,0,0,0,0,0,0,0,0,0,0,0,0,0
211,周志敏,0,0,"[3.2799, 3.2637, 3.1919, 2.8209]",0,0,"[3.5572, 3.0098]",0,0,0,[4.6078],0,0,[2.733],0,[2.7154],0,0,0,0,0,0,[3.0905],0,0,0,0,0,0,0,0,0
212,刘洋,[4.5929],0,"[5.1672, 3.5461, 3.2417, 3.0066]",0,0,[3.067],0,[3.0333],0,"[2.6366, 2.5782]",0,0,[2.9817],0,0,0,0,0,0,0,0,0,0,0,0,0,0,0,0,0,0
213,雷俊,0,0,"[3.5797, 2.9777]",0,0,0,0,[2.9991],0,"[4.3367, 3.0356, 3.0215, 2.9844, 2.9689]",0,0,[3.5529],0,[5.4028],0,0,0,0,0,0,0,0,0,0,0,0,0,0,0,0
214,贺,0,0,"[4.9126, 4.2149, 3.7546]",0,[4.0498],[2.3648],0,[2.9967],0,"[4.1089, 3.694, 2.4669]",0,0,0,0,0,0,0,0,0,0,0,0,[2.2793],0,0,0,0,0,0,0,0
215,林晶,0,0,"[4.1316, 2.8018]",0,0,"[3.0249, 2.482]",[2.9704],0,0,[3.6368],[2.9874],0,[6.6427],0,"[3.752, 2.8632]",0,0,0,0,0,0,0,0,0,0,0,0,0,0,0,0
216,张自力,[4.3132],0,"[5.0096, 4.9001, 4.6041]",[2.5012],[3.6688],[2.8876],0,0,0,0,[3.0358],[2.1096],0,0,0,0,[2.8937],0,0,0,0,0,0,0,0,0,0,0,0,0,0
217,于h,[10.6552],0,"[8.8535, 8.1762, 2.608]",[5.8935],[2.575],[6.0288],0,[3.2116],[2.3801],[2.8446],0,0,0,0,0,0,0,0,0,0,0,0,0,0,0,0,0,0,0,0,0
218,方伦煜,0,0,"[5.0772, 3.7179, 2.8013, 2.7766]",0,"[3.0778, 2.8483]",0,0,0,0,[3.1114],0,0,[2.806],0,[2.8393],0,[4.1878],0,0,0,0,0,0,0,0,0,0,0,0,0,0
219,韩林,0,[2.8189],"[7.1981, 2.7501, 2.7032]",0,"[4.3436, 2.9477]",[2.783],0,0,"[5.1759, 4.2744]",0,0,0,[2.7544],0,0,0,0,0,0,0,0,0,0,0,0,0,0,0,0,0,0
220,黎海威,"[2.8668, 2.7341]",0,"[3.2697, 2.7421]",[4.1392],0,[3.2966],0,0,0,"[3.1173, 2.7423]",0,0,[3.0138],0,0,0,0,0,0,0,0,0,0,[2.7238],0,0,0,0,0,0,0
221,吴培文,[2.7369],[3.2943],"[3.1794, 3.1195, 2.6654]",0,[2.9210000000000003],0,0,[2.4574],[2.5892],[2.5867],0,0,0,0,[2.7062],0,0,0,0,0,0,0,0,0,0,0,0,0,0,0,0
222,曾理,[3.1301],0,"[8.2576, 4.9898, 2.5815]",[2.6622],0,[2.8163],0,0,0,"[3.1179, 3.0174]",0,0,[2.5791],0,0,0,0,0,0,0,0,0,0,[2.2431],0,0,0,0,0,0,0
223,杜洋,0,0,[2.4164],[2.4596],"[5.5053, 2.6583]","[10.7289, 2.8247]",0,0,[5.1153],0,0,0,0,0,0,0,0,[3.2923],0,0,"[2.7186, 2.5872]",0,0,0,0,0,0,0,0,0,0
224,冯明远,0,0,[3.9578],[2.6278],[3.2288],"[3.6454, 3.1288, 2.8801]",0,0,0,[2.4625],0,0,0,0,"[2.5787, 2.4847]",0,0,0,0,0,0,[3.2668],0,0,0,0,0,0,0,0,0
225,提云涛,[5.7737],[3.1487],"[6.7872, 4.0284, 2.4005, 2.1813]",[2.6203],0,0,0,0,[2.2978],0,0,0,[3.2232],0,[2.8746],0,0,0,0,0,0,0,0,0,0,0,0,0,0,0,0
226,杨梦,[5.957999999999998],[2.437],"[8.4172, 3.8668, 3.846, 3.1385, 2.9753]",[2.5531],0,[2.6156],0,0,0,[1.9256],0,0,0,0,0,0,0,0,0,0,0,0,0,0,0,0,0,0,0,0,0
227,徐喻军,[3.1266],0,"[7.6363, 5.3686, 2.2827]",0,0,"[3.1456, 2.6151]",0,0,0,"[3.3386, 3.1151, 2.1955]",0,0,0,0,0,0,0,0,0,0,0,0,0,[2.2133],0,0,0,0,0,0,0
228,朱晓龙,[4.9162],0,"[6.6647, 5.0755, 2.8599, 2.5654, 2.2814]",0,[2.2467],0,0,0,0,"[3.342, 2.3893]",0,0,0,0,[3.8565],0,0,0,0,0,0,0,0,0,0,0,0,0,0,0,0
229,庞琳琳,0,0,"[6.7324, 3.3735, 3.3037, 2.2074, 2.2025, 2.1995]",0,[4.1019],0,0,0,0,"[3.2799, 2.526]",0,[4.3512],0,0,0,0,0,0,0,0,0,0,0,0,0,0,0,0,0,0,0
230,徐成,0,0,[2.2603],0,0,"[3.0191, 2.5745]",0,[2.489],[2.5112],0,0,0,0,0,[4.0532],0,0,0,[2.4897],0,0,0,[2.8426],0,0,"[3.0792, 2.3497]",0,0,0,0,0
231,施文,0,[2.9844],"[2.6034, 2.4675, 2.3824]",0,[2.5481],[2.4678],0,0,[2.9734],[3.2310000000000003],0,0,[2.4412],0,[2.5396],0,0,0,0,0,0,0,0,0,0,0,0,0,0,0,0
232,徐幼华,0,0,"[9.6496, 3.7492]",0,0,0,0,0,0,"[6.7821, 2.4677, 2.4386, 1.889]",0,0,0,0,[2.0995],0,0,0,0,0,0,0,0,0,0,"[5.4758, 2.9626]",0,0,0,0,0
233,吴振翔,[5.0827],[1.8301],"[7.7774, 3.1124, 2.4439, 1.7936]",[2.9699],0,[2.9979],0,0,0,"[2.9613, 1.9613]",0,0,0,0,0,0,0,0,0,0,0,0,0,0,0,0,0,0,0,0,0
234,毛甜,0,0,"[3.5985, 2.4141, 2.3109, 2.1225]",0,[2.9564],[2.9092],0,0,0,"[3.2587, 2.7551, 2.1135]",0,0,0,0,[2.4593],0,0,0,0,0,0,0,0,0,0,0,0,0,0,0,0
235,翁启森,0,0,"[3.0191, 2.344, 1.9356]",0,"[3.2778, 2.0998]",[2.6558],0,0,[5.7759],0,0,0,0,0,"[4.3596, 2.259]",[2.3591],0,0,0,0,0,0,0,0,0,0,0,0,0,0,0
236,方磊,0,0,[2.7066],0,[2.2743],0,0,0,0,"[2.6688, 2.3974, 2.2599]",0,0,"[2.3965, 2.289]",0,"[2.3045, 2.3042, 2.2964]",0,0,0,0,0,0,0,0,0,0,0,0,0,0,0,0
237,黄瑞庆,[2.7085],0,"[5.1654, 3.0343, 1.8539, 1.8404]",[2.152],0,0,0,0,0,"[3.4712, 1.932]",0,0,0,0,"[2.4233, 2.3189]",0,0,0,0,0,0,0,0,0,0,0,0,0,0,0,0
238,龙昌伦,0,[2.0504],[2.1897],[2.257],[2.1842],[2.242],0,0,0,"[2.1341, 2.0779]",0,0,[2.5525],0,0,[2.0649],[2.0323],0,0,0,0,0,0,0,0,0,0,0,0,0,0
239,张露,[3.5858],0,"[5.7105, 4.3099, 3.7796, 3.2152, 1.9652]",[2.0278],0,0,0,0,0,[2.2063],0,0,[1.9404],0,[1.4941],0,0,0,0,0,0,0,0,0,0,0,0,0,0,0,0
240,薛玲,[6.5802],0,"[4.8207, 3.2575, 3.1778, 2.698]",0,0,[2.6711],[1.5169],0,0,0,[1.6768],0,0,0,[2.0178],0,[1.6083],0,0,0,0,0,0,0,0,0,0,0,0,0,0
241,丁h,[4.4378],0,"[7.0823, 3.0064, 2.3915, 2.2665, 1.758]",[2.0655],0,[2.0081],0,0,0,[1.786],0,0,0,0,[1.6781],0,0,0,0,0,0,0,0,0,0,0,0,0,0,0,0
242,余斌,[4.0089],0,"[6.9335, 3.3148, 2.5013, 2.2506, 1.9994, 1.6294]",[1.9148],0,[1.8275],0,0,0,0,0,0,[2.5893],0,0,0,0,0,0,0,0,0,0,0,0,0,0,0,0,0,0
243,杜晓海,0,0,"[1.9933, 1.9753, 1.9401]",0,"[2.2433, 2.156]",0,0,0,"[2.2684, 2.1703, 1.9315]",[4.4019],0,0,0,0,0,0,[1.7094],0,0,0,0,0,0,0,0,0,0,0,0,0,0
244,王晓宁,[4.1683],0,"[6.4863, 4.2163, 3.1314, 2.2858, 1.8895]",[1.8082],0,"[2.176, 1.892]",0,[1.7827],0,0,0,0,0,0,0,0,0,0,0,0,0,0,0,0,0,0,0,0,0,0,0
245,孙蒙,0,[1.9825],"[1.9728, 1.7621]",[2.0689],"[2.1722, 1.8119]","[1.9866, 1.8531]",0,0,[1.8112],0,0,0,0,0,0,0,[1.9856],0,0,0,0,0,0,0,0,0,0,0,0,0,0
246,叶乐天,[5.5279],0,"[4.2191, 1.7042, 1.6869999999999998]",[2.8104],0,[1.8048],0,[1.9266],0,[2.3102],[2.1796],0,0,0,[1.7365],0,0,0,0,0,0,0,0,0,0,0,0,0,0,0,0
247,王平,[4.4937],0,"[5.9515, 2.2005, 1.9567, 1.7299, 1.3827]",[1.4315],0,[2.8103],0,0,0,0,0,0,[2.4569],0,[1.3783],0,0,0,0,0,0,0,0,0,0,0,0,0,0,0,0
248,王本昌,[1.6777],0,"[4.6055, 1.6318]",0,[1.6883],0,0,0,[1.5304],"[1.7885, 1.7171]",0,0,0,0,0,[1.5319999999999998],[1.8211],0,0,0,0,0,0,0,0,0,0,0,0,[1.7819999999999998],0
249,祗飞跃,0,0,[1.5899],0,"[1.991, 1.5577]",[1.5526],0,0,0,[1.5685],0,0,0,0,"[1.7924, 1.6539]",0,0,0,[1.7158],0,0,[1.5655],0,0,0,0,0,0,0,[1.7254],0
250,林景艺,0,0,"[1.8216, 1.5367, 1.3501]",[1.6353],0,"[1.5944, 1.5669]",[2.3955],0,0,0,0,0,0,0,0,[1.9218],0,0,0,0,0,0,0,[1.4285],0,0,0,[1.4475],0,0,0
251,李佳亮,0,0,"[2.2007, 1.4805]",0,[1.5285],"[1.6129, 1.5235]",0,0,0,"[2.1376, 1.5098]",0,0,[1.4739],0,"[2.0376, 1.3797]",0,0,0,0,0,0,0,0,0,0,0,0,0,0,0,0
252,刘斌,[1.7313],0,"[1.4439, 1.3869, 1.3551, 1.0064]",[1.4178],0,0,0,0,0,0,[1.6837],0,0,0,[1.4753],0,0,0,0,0,0,[1.3225],0,[1.4443],0,0,0,0,0,0,0
253,陈健夫,0,0,"[1.2684, 1.2399]",0,"[1.3078, 1.2596]",0,0,0,"[1.3549, 1.2798]","[1.3293, 1.2531]",0,0,"[1.4178, 1.3838]",0,0,0,0,0,0,0,0,0,0,0,0,0,0,0,0,0,0
254,谢屹,[1.6594],[1.2393],"[1.5831, 1.3339, 1.1823]",[1.3993],"[1.3727, 1.2836]",0,0,0,0,0,0,0,[1.2404],0,[1.176],0,0,0,0,0,0,0,0,0,0,0,0,0,0,0,0
255,杨雨龙,0,0,0,0,[3.9187],"[1.2168, 1.0209]",[1.1531],0,[1.1346],"[11.1023, 1.0648, 1.0231]",0,0,0,0,[1.035],0,0,0,0,0,[3.2534],0,0,0,0,0,0,0,0,0,0
256,施荣盛,0,0,"[1.0052, 1.002]",[1.0074],[1.0122],0,0,0,[1.0021],[1.005],0,0,[0.9922],0,[1.0062],[1.0012],0,0,0,0,0,0,0,0,0,0,0,0,0,0,[0.9999]
257,俞诚,0,0,"[1.0154, 1.0004, 0.9732, 0.9725]",[1.1064],[0.9973],0,0,0,0,[0.9739],0,0,0,0,0,[1.052],0,0,0,[0.9912],0,[1.0349],0,0,0,0,0,0,0,0,0
258,董梁,0,0,[0.8244],[0.7652],"[0.8806, 0.7961]",0,[0.8191],0,"[0.9536, 0.8214]",0,0,0,0,0,[0.9443],0,0,0,[0.7877],0,0,0,0,[0.9101],0,0,0,0,0,0,0
