,证券代码,证券简称,"任职期限最长的现任基金经理
[名次] 第1名","重仓股股票Wind代码
[报告期] 去年年报
[名次] 第1名","重仓股市值占股票投资市值比
[报告期] 去年年报
[名次] 第1名
[单位] %","重仓股股票Wind代码
[报告期] 去年年报
[名次] 第2名","重仓股市值占股票投资市值比
[报告期] 去年年报
[名次] 第2名
[单位] %","重仓股股票Wind代码
[报告期] 去年年报
[名次] 第3名","重仓股市值占股票投资市值比
[报告期] 去年年报
[名次] 第3名
[单位] %","重仓股股票Wind代码
[报告期] 去年年报
[名次] 第4名","重仓股市值占股票投资市值比
[报告期] 去年年报
[名次] 第4名
[单位] %","重仓股股票Wind代码
[报告期] 去年年报
[名次] 第5名","重仓股市值占股票投资市值比
[报告期] 去年年报
[名次] 第5名
[单位] %","重仓股股票Wind代码
[报告期] 去年年报
[名次] 第6名","重仓股市值占股票投资市值比
[报告期] 去年年报
[名次] 第6名
[单位] %","重仓股股票Wind代码
[报告期] 去年年报
[名次] 第7名","重仓股市值占股票投资市值比
[报告期] 去年年报
[名次] 第7名
[单位] %↓","重仓股股票Wind代码
[报告期] 去年年报
[名次] 第8名","重仓股市值占股票投资市值比
[报告期] 去年年报
[名次] 第8名
[单位] %","重仓股股票Wind代码
[报告期] 去年年报
[名次] 第9名","重仓股市值占股票投资市值比
[报告期] 去年年报
[名次] 第9名
[单位] %","重仓股股票Wind代码
[报告期] 去年年报
[名次] 第10名","重仓股市值占股票投资市值比
[报告期] 去年年报
[名次] 第10名
[单位] %"
0,006692.OF,金信消费升级A,杨仁眉,600519.SH,10.6185,300015.SZ,10.5753,600763.SH,10.4619,300347.SZ,10.4069,002607.SZ,10.3881,000333.SZ,10.3325,002044.SZ,10.0591,600276.SH,7.1349,000651.SZ,6.6148,300001.SZ,5.5535
1,006675.OF,宝盈品牌消费A,肖肖,000596.SZ,11.8827,002714.SZ,11.6948,000876.SZ,11.3417,000860.SZ,10.3498,000858.SZ,9.9859,600519.SH,9.9333,600872.SH,9.8216,1579.HK,9.2337,601658.SH,7.4886,2869.HK,5.5223
2,110022.OF,易方达消费行业,萧楠,000651.SZ,11.358,000333.SZ,11.3155,600519.SH,11.2034,000858.SZ,11.1927,000568.SZ,10.2847,000860.SZ,9.9306,000596.SZ,9.5422,600809.SH,9.178,600887.SH,3.0476,000423.SZ,2.2438
3,003190.OF,创金合信消费主题A,陈建军,000876.SZ,9.7425,600519.SH,9.5415,002714.SZ,9.3882,000858.SZ,9.3024,300144.SZ,9.2433,000333.SZ,9.0681,000568.SZ,8.8587,000651.SZ,8.021,600887.SH,6.6147,002901.SZ,4.04
4,007548.OF,易方达ESG责任投资,郭杰,0700.HK,10.8894,3690.HK,10.6017,600519.SH,10.1308,000858.SZ,9.2219,000568.SZ,9.0616,600009.SH,8.7681,002304.SZ,8.4165,000651.SZ,8.1638,600004.SH,7.1006,2269.HK,6.671
5,001576.OF,国泰智能装备,王阳,002050.SZ,9.5597,600885.SH,9.191,002475.SZ,8.7604,601012.SH,8.65,600570.SH,8.6096,600690.SH,8.3547,603337.SH,8.2677,300408.SZ,5.4725,300037.SZ,3.7966,300207.SZ,3.7919
6,003230.OF,创金合信医疗保健行业A,皮劲松,600276.SH,9.4135,600529.SH,9.3458,000661.SZ,8.8783,300482.SZ,8.7053,002901.SZ,8.5139,603658.SH,8.4197,300760.SZ,7.8688,002821.SZ,7.76,300601.SZ,5.4675,002675.SZ,3.6268
8,001162.OF,前海开源优势蓝筹A,吴国清,601901.SH,9.4429,600999.SH,8.4137,600837.SH,8.1842,000776.SZ,8.1732,600030.SH,8.1503,300059.SZ,7.8669,601211.SH,7.84,601881.SH,7.8274,000166.SZ,7.6596,600547.SH,6.7184
9,000628.OF,大成高新技术产业,刘旭,600887.SH,8.2586,600690.SH,8.2155,600519.SH,8.0058,000333.SZ,7.9087,600048.SH,7.8587,603337.SH,7.7777,002415.SZ,7.7734,300144.SZ,7.558,600036.SH,7.2672,000651.SZ,4.9853
10,004403.OF,平安股息精选A,孙东宁,600030.SH,8.7986,601601.SH,8.3475,600036.SH,7.9228,601009.SH,7.9144,601628.SH,7.8977,601166.SH,7.8926,600000.SH,7.6807,000333.SZ,7.3266,000776.SZ,5.5815,002142.SZ,5.2089
11,007523.OF,汇添富内需增长A,赵鹏飞,600519.SH,14.0283,600036.SH,9.7779,0700.HK,8.9863,002044.SZ,8.4057,300144.SZ,7.9354,002142.SZ,7.6649,600276.SH,7.556,000333.SZ,4.5814,600872.SH,4.5235,000858.SZ,3.2187
12,002300.OF,长盛医疗行业,周思聪,600276.SH,10.3411,000661.SZ,7.9201,300760.SZ,7.8331,603259.SH,7.7293,300347.SZ,7.7191,300601.SZ,7.6987,300015.SZ,7.4709,300558.SZ,4.8627,603658.SH,4.6692,300357.SZ,4.0797
13,001044.OF,嘉实新消费,谭丽,000651.SZ,10.6745,603345.SH,10.3277,603096.SH,9.6169,600519.SH,9.26,000895.SZ,8.5571,002925.SZ,7.5068,601633.SH,7.4649,603866.SH,6.7097,601021.SH,5.2318,600298.SH,4.7474
14,001707.OF,诺安高端制造,史高飞,000035.SZ,10.8136,300220.SZ,10.7102,600176.SH,10.6354,000723.SZ,10.5988,600673.SH,10.1572,300449.SZ,9.686,603021.SH,7.3251,000667.SZ,6.0204,603712.SH,5.3426,603611.SH,4.7241
15,004189.OF,华商消费行业,何奇峰,600519.SH,9.8385,000858.SZ,9.7345,000333.SZ,9.4951,000651.SZ,9.4536,300630.SZ,8.793,600887.SH,7.3764,603707.SH,7.3134,002714.SZ,6.5474,600809.SH,5.968,000568.SZ,5.7671
16,005970.OF,国泰消费优选,彭凌志,600521.SH,9.0228,603444.SH,8.8091,002563.SZ,7.9747,601021.SH,7.8013,601633.SH,7.2803,603214.SH,7.1472,600612.SH,7.0362,300616.SZ,6.6823,002831.SZ,6.5967,002352.SZ,5.8667
17,003634.OF,嘉实农业产业,姚爽,002311.SZ,9.1269,000895.SZ,7.955,000858.SZ,7.4295,000568.SZ,7.2636,002746.SZ,7.2224,600519.SH,6.8991,300498.SZ,6.8832,000876.SZ,5.3398,002100.SZ,5.2613,002299.SZ,4.9866
18,000711.OF,嘉实医疗保健,齐海滔,600529.SH,10.0996,000028.SZ,10.0557,000513.SZ,8.9587,000661.SZ,8.9129,000963.SZ,8.3309,600867.SH,8.0739,600380.SH,6.8663,600276.SH,6.6733,300357.SZ,6.1263,600196.SH,6.1153
19,000974.OF,安信消费医药主题,陈一峰,002508.SZ,10.5985,600048.SH,10.5534,601668.SH,10.3162,000651.SZ,10.1025,603589.SH,8.1672,600612.SH,8.1495,000661.SZ,6.8528,600690.SH,6.4294,002624.SZ,5.706,002035.SZ,5.3719
20,007287.OF,合煦智远消费主题A,程卉超,002572.SZ,11.4459,600887.SH,8.7636,002027.SZ,7.6427,0874.HK,7.2727,000895.SZ,7.2657,1999.HK,6.8709,002035.SZ,6.824,1112.HK,5.2905,0921.HK,4.6699,603801.SH,4.2652
21,005669.OF,前海开源公用事业,史程,600900.SH,10.8333,600009.SH,7.7546,1193.HK,7.5311,0548.HK,7.3771,300012.SZ,7.322,600236.SH,7.2041,600886.SH,6.7659,601139.SH,5.7677,0941.HK,5.7627,0270.HK,5.7363
22,000854.OF,鹏华养老产业,王宗合,000596.SZ,10.4322,000858.SZ,9.7276,000568.SZ,9.6026,600519.SH,9.5307,600809.SH,9.4087,601318.SH,7.0414,600779.SH,6.7486,601899.SH,5.831,300015.SZ,5.2063,002120.SZ,4.7566
23,001915.OF,宝盈医疗健康沪港深,曹潜,000661.SZ,10.1644,603658.SH,9.709,603883.SH,9.6078,300760.SZ,9.0692,300529.SZ,7.7673,603259.SH,6.7429,300347.SZ,6.7082,600276.SH,6.3461,300142.SZ,6.3353,300482.SZ,4.6262
24,001645.OF,国泰大健康,徐治彪,002831.SZ,9.5655,603883.SH,9.5123,300326.SZ,7.929,002683.SZ,7.5952,603308.SH,7.4431,002563.SZ,7.2387,002675.SZ,6.7019,600885.SH,6.1859,300450.SZ,5.8196,002050.SZ,5.6805
25,000979.OF,景顺长城沪港深精选,鲍无可,0968.HK,8.8793,600674.SH,8.4897,0006.HK,8.151,0386.HK,7.4686,0388.HK,7.419,002727.SZ,7.2489,002353.SZ,6.7016,601098.SH,6.4393,1109.HK,5.7678,603233.SH,5.7604
26,001726.OF,汇添富新兴消费,刘伟林,000661.SZ,9.5025,603259.SH,9.1167,002624.SZ,7.8082,300413.SZ,7.5143,000568.SZ,7.5102,600276.SH,6.7207,000858.SZ,6.6645,600519.SH,6.4936,000651.SZ,5.7192,000333.SZ,5.5799
27,000309.OF,大摩品质生活精选,何晓春,002695.SZ,9.768,002376.SZ,9.6441,002627.SZ,8.7618,002609.SZ,8.5593,600383.SH,8.051,002594.SZ,7.211,601211.SH,6.6319,002212.SZ,6.4019,600048.SH,4.9362,000651.SZ,4.5287
28,006671.OF,广发消费升级,李耀柱,000860.SZ,11.7664,300760.SZ,11.1833,000661.SZ,10.9717,3690.HK,10.04,000651.SZ,6.7564,600690.SH,6.7083,000596.SZ,6.628,000333.SZ,6.1498,002032.SZ,5.6276,6169.HK,5.4991
29,000996.OF,中银新动力,吴印,002475.SZ,7.5371,600519.SH,7.4357,601688.SH,7.2938,300454.SZ,7.0863,600763.SH,6.9039,603160.SH,6.7605,603259.SH,6.6153,300595.SZ,6.594,002241.SZ,6.4384,002027.SZ,6.1823
30,006228.OF,中欧医疗创新A,葛兰,300015.SZ,10.8852,000661.SZ,10.1436,600276.SH,8.6776,300357.SZ,7.0876,002821.SZ,6.5198,300630.SZ,6.5193,300347.SZ,6.508,603259.SH,6.0151,603520.SH,4.8658,600763.SH,4.7034
31,004851.OF,广发医疗保健A,吴兴武,300015.SZ,9.2185,300357.SZ,8.4924,300760.SZ,8.2789,603259.SH,7.8008,600276.SH,7.4851,000661.SZ,7.2196,300347.SZ,6.4866,600529.SH,5.7704,600436.SH,4.2872,300463.SZ,3.6947
32,003853.OF,金鹰信息产业A,樊勇,002850.SZ,10.1918,300037.SZ,7.5803,002050.SZ,7.4239,300124.SZ,7.272,002460.SZ,6.627,600885.SH,6.5366,603659.SH,6.4695,603799.SH,5.6094,300750.SZ,5.4576,000063.SZ,4.9743
34,006502.OF,财通集成电路产业A,金梓才,002384.SZ,8.8731,603160.SH,8.7765,002241.SZ,8.5315,300433.SZ,8.4829,600183.SH,8.1679,300502.SZ,7.7655,002938.SZ,6.4521,300570.SZ,6.3945,300394.SZ,5.8686,002273.SZ,5.5846
35,003624.OF,创金合信资源主题A,李游,601899.SH,9.3104,002466.SZ,8.6999,601088.SH,7.1689,600438.SH,6.9426,002460.SZ,6.7617,600031.SH,6.5772,603799.SH,6.4175,603993.SH,5.5791,601225.SH,5.3144,600362.SH,5.2877
37,002621.OF,中欧消费主题A,郭睿,601888.SH,9.8851,603708.SH,9.2442,000651.SZ,9.0564,000876.SZ,8.9918,002714.SZ,8.0198,002624.SZ,6.4481,600519.SH,6.3842,603345.SH,6.0092,002127.SZ,5.8384,603429.SH,5.6621
39,000985.OF,嘉实逆向策略,曲盛伟,000034.SZ,9.2414,600438.SH,9.1572,300274.SZ,8.7767,300546.SZ,7.861,300659.SZ,6.7978,002180.SZ,6.4078,300302.SZ,6.3628,300012.SZ,6.2363,603679.SH,6.0756,601012.SH,6.0743
40,164205.OF,天弘文化新兴产业,田俊维,000651.SZ,10.3862,600690.SH,9.7131,000333.SZ,9.6322,002035.SZ,9.0593,603816.SH,8.9988,002508.SZ,8.9004,688358.SH,6.3518,688363.SH,5.3403,300753.SZ,4.2972,002918.SZ,3.9616
41,004040.OF,金鹰医疗健康产业A,韩广哲,000661.SZ,9.2325,600276.SH,8.5882,603259.SH,8.584,300595.SZ,6.9972,603707.SH,6.9544,300601.SZ,6.4335,300529.SZ,6.3347,600763.SH,5.9865,300760.SZ,5.9065,300685.SZ,5.8921
42,540010.OF,汇丰晋信科技先锋,陈平,002475.SZ,10.3773,002624.SZ,8.4317,600570.SH,8.2234,300207.SZ,7.5783,300059.SZ,7.508,002384.SZ,7.4164,002439.SZ,6.333,000977.SZ,5.5101,002138.SZ,4.87,600584.SH,4.7987
44,399011.OF,中海医疗保健,易小金,002044.SZ,10.2878,603883.SH,10.0989,600763.SH,10.0699,300572.SZ,8.5105,002773.SZ,8.0219,688029.SH,6.511,603259.SH,6.3122,002007.SZ,5.5797,000661.SZ,4.3391,300326.SZ,4.3328
45,002289.OF,华商改革创新,李双全,002777.SZ,10.219,603377.SH,9.3654,000631.SZ,7.6951,300596.SZ,7.5908,601688.SH,7.4445,000725.SZ,7.3533,002475.SZ,6.3059,300451.SZ,5.3271,600570.SH,5.0358,600048.SH,4.8918
46,006478.OF,长盛多因子策略优选,冯雨生,601318.SH,8.4759,600031.SH,8.4551,600519.SH,8.2131,000651.SZ,7.1547,000858.SZ,7.0907,000333.SZ,6.9327,603288.SH,6.2982,600009.SH,6.248,000157.SZ,5.2996,600779.SH,4.6193
47,000778.OF,鹏华先进制造,袁航,600031.SH,10.9529,600519.SH,9.8997,600887.SH,7.4654,000002.SZ,6.8474,000858.SZ,6.7429,300003.SZ,6.535,601318.SH,6.2757,000338.SZ,6.0695,600529.SH,5.6144,300760.SZ,5.4287
48,004812.OF,中欧先进制造A,于浩成,002353.SZ,8.468,603338.SH,8.1863,601012.SH,7.647,601799.SH,6.809,300450.SZ,6.4823,603659.SH,6.4237,002475.SZ,6.1802,600031.SH,6.1692,603596.SH,5.7208,002812.SZ,5.4271
49,005662.OF,嘉实金融精选A,李欣,600036.SH,9.8805,601318.SH,9.3079,601166.SH,9.1256,600030.SH,8.13,2328.HK,7.729,000002.SZ,6.9108,601009.SH,6.1187,000961.SZ,6.056,601688.SH,4.008,601336.SH,3.3292
50,006251.OF,银华兴盛,薄官辉,600887.SH,10.4101,600519.SH,10.2915,600570.SH,8.0802,000858.SZ,7.5946,600600.SH,7.1956,002508.SZ,6.3725,000002.SZ,6.1045,601166.SH,5.9717,002705.SZ,4.837,601668.SH,4.1192
51,001171.OF,工银瑞信养老产业,赵蓓,600276.SH,11.1971,300003.SZ,11.0613,000661.SZ,10.7522,300482.SZ,7.5271,300760.SZ,7.1402,002821.SZ,6.1188,603456.SH,6.0799,300463.SZ,5.8815,002410.SZ,4.9401,603127.SH,4.4536
52,519714.OF,交银消费新驱动,韩威俊,603369.SH,9.1435,600519.SH,9.0411,300146.SZ,8.9749,600132.SH,8.9101,000858.SZ,8.7994,002461.SZ,7.5245,000651.SZ,6.0577,600600.SH,6.0261,600887.SH,6.0202,600529.SH,5.1026
53,004698.OF,博时军工主题,兰乔,600760.SH,9.8268,600967.SH,9.4249,600038.SH,8.3477,002013.SZ,7.4474,600855.SH,7.3625,600562.SH,6.9443,002025.SZ,6.0452,002179.SZ,5.2726,600893.SH,4.929,601989.SH,4.6443
54,001048.OF,富国新兴产业,魏伟,002120.SZ,9.2047,600031.SH,9.1658,000961.SZ,9.0587,000338.SZ,8.997,600048.SH,7.6659,000002.SZ,7.1727,000951.SZ,6.0026,600486.SH,5.1085,002127.SZ,4.3704,601939.SH,3.9507
55,004292.OF,鹏华沪深港互联网,聂毅翔,600519.SH,11.9404,0700.HK,10.3921,2388.HK,8.8495,1299.HK,8.7694,3690.HK,7.1599,001914.SZ,6.7874,1521.HK,5.9602,1797.HK,5.3934,300750.SZ,5.1855,1951.HK,4.8182
56,001677.OF,中银战略新兴产业,钱亚风云,600519.SH,9.1446,601888.SH,8.9807,600036.SH,8.4624,000002.SZ,7.5468,000661.SZ,7.034,000333.SZ,6.7107,600887.SH,5.956,300760.SZ,5.1867,002555.SZ,4.9546,603517.SH,4.9334
57,004450.OF,嘉实前沿科技,张丹华,300369.SZ,10.4461,0268.HK,10.2878,2269.HK,8.7508,600276.SH,7.8649,300628.SZ,7.6075,002410.SZ,5.9367,002415.SZ,5.9283,600763.SH,5.5138,300037.SZ,4.9889,000661.SZ,4.0177
58,000746.OF,招商行业精选,贾成东,002475.SZ,9.7216,000661.SZ,8.563,300601.SZ,7.5882,300015.SZ,7.3607,603501.SH,6.4138,600763.SH,6.2666,002624.SZ,5.9263,002600.SZ,5.5632,600745.SH,5.4114,300012.SZ,4.8732
59,005962.OF,宝盈人工智能A,张仲维,300113.SZ,7.1167,600745.SH,6.5796,300416.SZ,6.468,300450.SZ,6.3602,002475.SZ,6.3028,300782.SZ,6.2014,603501.SH,5.9239,603986.SH,5.9001,0700.HK,5.5399,688111.SH,5.4968
60,001956.OF,国联安科技动力,潘明,300661.SZ,6.5056,603160.SH,6.4236,603501.SH,6.4205,002371.SZ,6.3947,603986.SH,6.3873,300782.SZ,6.3847,603444.SH,5.91,688012.SH,3.6104,600845.SH,3.5774,002916.SZ,3.5625
61,003745.OF,广发多元新兴,刘格菘,300601.SZ,10.7316,300661.SZ,8.4456,600703.SH,8.1667,600536.SH,7.7328,000063.SZ,7.6482,603986.SH,6.7419,300529.SZ,5.8658,000725.SZ,5.5156,000066.SZ,5.253,002156.SZ,5.2207
62,000960.OF,招商医药健康产业,李佳存,300347.SZ,10.0439,300529.SZ,9.6528,603233.SH,8.9674,300595.SZ,7.7073,603658.SH,6.6941,603939.SH,5.9017,000661.SZ,5.8569,600436.SH,4.8586,300253.SZ,4.7105,002821.SZ,4.3012
63,006603.OF,嘉实互融精选,蒋一茜,600519.SH,11.0555,601318.SH,9.6988,0700.HK,9.5359,600036.SH,7.1967,0817.HK,6.6641,000651.SZ,6.0282,1186.HK,5.8531,600030.SH,5.0388,000002.SZ,4.9288,300628.SZ,4.78
64,001626.OF,国泰央企改革,饶玉涵,601128.SH,9.4234,600570.SH,7.4535,002050.SZ,6.8268,300450.SZ,6.7613,601021.SH,6.0667,601398.SH,5.8252,000425.SZ,5.6834,600519.SH,4.5913,300788.SZ,3.8642,000338.SZ,3.8635
65,160127.OF,南方新兴消费增长,肖勇,000651.SZ,10.4198,600519.SH,10.0226,000858.SZ,9.9699,000568.SZ,8.8676,000333.SZ,8.7414,002311.SZ,5.684,601799.SH,5.6691,002714.SZ,5.3084,000596.SZ,4.0735,002078.SZ,3.4598
68,000913.OF,农银汇理医疗保健主题,赵伟,600276.SH,8.9225,300558.SZ,8.6594,603658.SH,8.3982,300015.SZ,8.2776,300347.SZ,6.4232,300759.SZ,5.887,603259.SH,5.6113,688029.SH,5.0794,600763.SH,4.8826,300725.SZ,4.695
69,004683.OF,建信高端医疗,潘龙玲,600276.SH,9.3663,000538.SZ,7.3841,688029.SH,6.6885,300760.SZ,6.6653,603259.SH,6.571,300347.SZ,5.9157,002821.SZ,5.5916,603882.SH,5.2489,603456.SH,4.2648,000915.SZ,4.1819
72,005402.OF,广发资源优选,孙迪,600529.SH,8.874,000002.SZ,8.285,600048.SH,7.3219,601899.SH,7.243,002643.SZ,7.235,600309.SH,6.0505,600486.SH,5.4578,603799.SH,5.2697,603737.SH,4.6466,000708.SZ,4.1715
73,001313.OF,上投摩根智慧互联,郭晨,603986.SH,6.795,000661.SZ,6.4539,300601.SZ,6.1359,603259.SH,6.0735,002241.SZ,5.7695,002475.SZ,5.7506,603501.SH,5.4309,002768.SZ,3.8012,002555.SZ,3.4584,300136.SZ,3.2787
75,001230.OF,鹏华医药科技,金笑非,600276.SH,11.2936,000661.SZ,11.0071,300760.SZ,10.6812,603259.SH,10.4391,300015.SZ,10.0536,300651.SZ,5.5903,300601.SZ,5.3888,300347.SZ,4.9544,600763.SH,4.1688,300558.SZ,3.7211
76,000586.OF,景顺长城中小板创业板,李孟海,002891.SZ,9.1486,300523.SZ,9.137,002850.SZ,5.9777,300316.SZ,5.8482,002449.SZ,5.834,300450.SZ,5.6416,300073.SZ,5.3409,300699.SZ,5.1951,300747.SZ,4.4059,300673.SZ,4.3368
79,006002.OF,工银瑞信医药健康A,谭冬寒,000661.SZ,10.645,300760.SZ,10.1365,600276.SH,9.7542,300003.SZ,8.0459,300529.SZ,6.1532,603127.SH,5.3682,300463.SZ,5.288,300015.SZ,4.8172,300630.SZ,4.676,300347.SZ,3.9101
81,006604.OF,嘉实消费精选A,吴越,000568.SZ,11.4166,000858.SZ,11.2309,600519.SH,11.1103,000651.SZ,10.7682,002311.SZ,6.9737,0291.HK,6.7009,600887.SH,5.2865,000333.SZ,4.524,601799.SH,4.3645,3690.HK,4.0707
83,000925.OF,汇添富外延增长主题,王栩,600036.SH,6.849,601888.SH,6.4845,002044.SZ,6.4595,000333.SZ,5.549,600519.SH,5.4337,002127.SZ,5.3844,601318.SH,5.2761,300144.SZ,4.4643,000651.SZ,4.0745,002311.SZ,3.7685
84,005259.OF,建信龙头企业,姚锦,000001.SZ,7.4304,2020.HK,7.0102,000002.SZ,6.8777,300760.SZ,6.6344,000661.SZ,6.314,002624.SZ,6.107,000961.SZ,5.2441,300750.SZ,5.0023,000858.SZ,4.315,002050.SZ,4.2629
86,000884.OF,民生加银优选,高松,000333.SZ,7.8203,002714.SZ,7.3111,000661.SZ,7.2151,002475.SZ,5.8381,000596.SZ,5.71,000858.SZ,5.353,603369.SH,5.2095,002157.SZ,4.5596,300498.SZ,4.2447,000651.SZ,3.9603
87,003834.OF,华夏能源革新,郑泽鸿,603799.SH,8.5181,300750.SZ,7.5355,002460.SZ,7.244,002466.SZ,6.0055,002850.SZ,5.8432,603489.SH,5.6336,603993.SH,5.2028,601689.SH,5.1751,300450.SZ,5.0044,002050.SZ,4.4491
88,001719.OF,工银瑞信国家战略主题,陈小鹭,600030.SH,9.6591,601688.SH,9.4233,300251.SZ,8.5818,688111.SH,5.3647,300059.SZ,5.3584,600570.SH,5.3043,603960.SH,5.1611,002230.SZ,5.1544,688008.SH,5.1122,000977.SZ,4.2972
89,007130.OF,中庚小盘价值,丘栋荣,603368.SH,9.26,300166.SZ,6.8482,603678.SH,6.8149,002737.SZ,6.6052,002541.SZ,5.6947,603599.SH,5.2807,300233.SZ,5.1513,600483.SH,4.9531,300349.SZ,3.2948,002139.SZ,2.8939
90,001040.OF,新华策略精选,赵强,603338.SH,7.7528,000333.SZ,6.0313,000656.SZ,5.6678,600690.SH,5.5299,600048.SH,5.3187,600585.SH,5.2911,601100.SH,5.1512,002372.SZ,3.9797,000002.SZ,3.9223,600383.SH,3.7534
91,005826.OF,华夏潜龙精选,潘中宁,000651.SZ,10.5454,600519.SH,10.0121,000858.SZ,9.5685,601318.SH,7.6139,3690.HK,7.1824,300003.SZ,6.6359,600031.SH,5.1402,601888.SH,3.9521,600585.SH,3.5854,0291.HK,3.5324
92,001616.OF,嘉实环保低碳,姚志鹏,300750.SZ,9.6356,300274.SZ,8.0903,601012.SH,7.7569,600438.SH,6.7276,603659.SH,5.7837,300450.SZ,5.7311,300037.SZ,5.1371,300724.SZ,4.9707,601799.SH,4.5109,002230.SZ,3.9881
93,005612.OF,嘉实核心优势,胡宇飞,0700.HK,10.6899,000651.SZ,10.6666,600036.SH,8.6707,600519.SH,7.1604,601318.SH,6.1419,002475.SZ,5.6605,600276.SH,5.1312,2238.HK,3.5514,000333.SZ,3.4152,1109.HK,3.2865
94,006138.OF,国联安价值优选,邹新进,600511.SH,7.7957,000028.SZ,7.7745,600048.SH,6.933,600486.SH,6.898,000671.SZ,6.5199,600597.SH,5.9074,002706.SZ,5.1101,002643.SZ,4.982,600031.SH,4.8705,601688.SH,4.8348
98,006081.OF,海富通电子信息传媒产业A,施敏佳,002475.SZ,6.4342,300379.SZ,6.0661,000063.SZ,5.5121,688111.SH,5.4898,300628.SZ,5.309,603160.SH,5.1343,600845.SH,5.0665,300433.SZ,5.0527,603986.SH,5.0387,300059.SZ,4.7831
100,003956.OF,南方现代教育,萧嘉倩,300010.SZ,8.5943,603986.SH,7.2492,002607.SZ,5.2837,688111.SH,5.215,300659.SZ,5.1394,002624.SZ,5.1125,300661.SZ,5.0372,300438.SZ,4.959,002241.SZ,4.8738,600556.SH,4.8178
101,001473.OF,建信大安全,王东杰,000961.SZ,9.5347,600048.SH,8.4807,000858.SZ,7.1125,600519.SH,6.8221,000651.SZ,5.9443,002146.SZ,5.8429,300750.SZ,5.0314,601799.SH,5.0092,000661.SZ,4.9096,601318.SH,4.2001
102,004805.OF,长信消费精选行业量化,左金保,000333.SZ,8.2703,603369.SH,5.8986,000596.SZ,5.834,000858.SZ,5.4237,300122.SZ,5.3288,000651.SZ,5.0668,002311.SZ,5.022,000661.SZ,4.7966,000568.SZ,4.4907,600570.SH,4.4541
103,005310.OF,广发电子信息传媒产业精选,观富钦,002475.SZ,8.462,300207.SZ,6.7806,002415.SZ,5.6349,603986.SH,5.5451,000063.SZ,5.3281,000977.SZ,5.3247,002027.SZ,5.022,600703.SH,4.6573,300413.SZ,3.9914,002384.SZ,3.9417
104,540008.OF,汇丰晋信低碳先锋,陆彬,300751.SZ,10.1236,300724.SZ,9.7481,600546.SH,9.5625,603396.SH,6.324,300750.SZ,5.6976,002466.SZ,5.6562,603037.SH,5.0123,603799.SH,4.6863,603203.SH,4.3923,600114.SH,4.279
105,450009.OF,国富中小盘,赵晓东,601966.SH,7.4353,002044.SZ,7.2816,600298.SH,6.8961,002304.SZ,6.5986,600036.SH,5.9378,601166.SH,5.1351,002142.SZ,5.0099,600201.SH,4.7307,600690.SH,4.4208,601799.SH,3.615
107,004616.OF,中欧电子信息产业A,刘晨,300590.SZ,8.4941,002555.SZ,5.4229,300271.SZ,5.2829,002624.SZ,5.2686,601138.SH,5.1333,300036.SZ,5.1085,002236.SZ,4.9772,300638.SZ,4.7876,600271.SH,4.3118,002008.SZ,4.291
108,001651.OF,工银瑞信新蓝筹,王筱苓,600036.SH,8.0378,601318.SH,6.8467,600519.SH,6.726,002142.SZ,6.5513,000895.SZ,5.1221,600600.SH,5.0249,000333.SZ,4.9763,000651.SZ,4.9112,000858.SZ,4.3235,600486.SH,3.8307
110,160919.OF,大成产业升级,李林益,603517.SH,8.8828,002299.SZ,6.0551,002353.SZ,5.7196,300699.SZ,5.4345,603308.SH,5.4176,002180.SZ,5.2113,600477.SH,4.9651,002179.SZ,4.5479,002405.SZ,4.4049,300487.SZ,4.3596
111,005328.OF,前海开源价值策略,肖立强,600030.SH,7.1149,000100.SZ,6.7688,002456.SZ,6.3444,002384.SZ,5.8092,601138.SH,5.5332,300115.SZ,5.0796,000671.SZ,4.9645,000513.SZ,4.8113,600837.SH,4.749,000725.SZ,4.6159
112,005825.OF,申万菱信智能驱动,张朋,002475.SZ,8.3565,002624.SZ,7.3709,002555.SZ,6.0097,601799.SH,5.335,002123.SZ,5.0395,603799.SH,4.9808,300413.SZ,4.9601,002142.SZ,4.917,002463.SZ,4.8433,600519.SH,4.7539
113,001521.OF,国寿安保成长优选,张琦,300136.SZ,8.6273,002353.SZ,7.0286,002138.SZ,6.7845,300207.SZ,6.6508,300661.SZ,5.6466,603899.SH,5.4068,600703.SH,4.9593,600031.SH,4.7285,002705.SZ,4.3067,002035.SZ,3.7218
114,001692.OF,南方国策动力,罗安安,600036.SH,8.1193,600276.SH,7.3054,300451.SZ,5.9558,002475.SZ,5.4119,601128.SH,5.1024,300760.SZ,4.9769,002439.SZ,4.9491,000661.SZ,4.7535,300559.SZ,4.6987,600519.SH,4.4885
115,001790.OF,国泰智能汽车,周伟锋,600885.SH,9.5131,002466.SZ,9.4668,002050.SZ,9.4071,603799.SH,6.4802,603179.SH,6.2125,600563.SH,6.1812,300457.SZ,4.9241,603786.SH,4.5837,002594.SZ,4.3034,300035.SZ,4.1838
116,001528.OF,诺安先进制造,韩冬燕,601398.SH,9.9786,600887.SH,8.3567,002236.SZ,5.3632,000538.SZ,5.3004,603816.SH,5.0325,000725.SZ,4.9961,600050.SH,4.9235,000869.SZ,4.8714,600066.SH,4.813,601012.SH,4.7928
117,003053.OF,嘉实文体娱乐A,王凯,002475.SZ,9.4364,600050.SH,8.3806,002439.SZ,7.454,002230.SZ,7.3016,002292.SZ,5.5513,300383.SZ,4.9855,002739.SZ,4.8936,002008.SZ,4.792,300770.SZ,4.4966,300133.SZ,4.4752
119,001764.OF,广发沪港深新机遇,余昊,3808.HK,11.409,2238.HK,8.5135,1787.HK,7.2605,6098.HK,6.3006,2328.HK,5.3415,603737.SH,5.2851,0981.HK,4.8935,2869.HK,3.8843,3690.HK,3.844,2338.HK,3.7026
120,001781.OF,建信现代服务业,陶灿,600519.SH,7.0686,601688.SH,6.8364,000002.SZ,6.6016,002123.SZ,6.4315,002624.SZ,6.1188,601888.SH,4.9641,300750.SZ,4.8741,603707.SH,4.3489,000961.SZ,4.2151,002044.SZ,4.0986
121,001749.OF,招商中国机遇,李亚,000860.SZ,7.8673,300496.SZ,6.1336,300369.SZ,5.8129,000938.SZ,5.1117,600030.SH,5.0818,002271.SZ,4.9886,300529.SZ,4.8711,300122.SZ,4.7236,002273.SZ,4.6843,601899.SH,4.1915
122,005660.OF,嘉实资源精选A,吴云峰,600426.SH,9.2994,600720.SH,7.7627,600309.SH,7.233,601899.SH,6.8583,600486.SH,6.2472,002643.SZ,6.0367,600583.SH,4.863,1378.HK,4.4867,2899.HK,4.4756,002768.SZ,3.754
125,005235.OF,银华食品饮料A,马君,000568.SZ,7.7892,002304.SZ,7.6079,000858.SZ,7.57,600519.SH,7.4719,600887.SH,7.2479,603288.SH,5.3265,600809.SH,4.8587,600872.SH,4.5748,603589.SH,4.1754,603369.SH,3.8204
127,000471.OF,富国城镇发展,蒲世林,002311.SZ,7.2397,600887.SH,5.9687,603899.SH,5.7873,300144.SZ,5.3195,002142.SZ,4.954,600690.SH,4.9084,000651.SZ,4.8062,600529.SH,4.3087,603882.SH,4.2728,600258.SH,3.4643
128,006981.OF,中金新医药A,兰兰,000661.SZ,9.3638,600276.SH,8.7647,300630.SZ,7.6854,300003.SZ,6.2165,300725.SZ,5.3395,603707.SH,5.3201,300347.SZ,4.7922,300601.SZ,4.7399,600763.SH,4.4688,603882.SH,4.3507
129,519193.OF,万家消费成长,高源,600837.SH,6.2799,601211.SH,6.0487,600030.SH,6.0194,300413.SZ,5.7252,601688.SH,5.3653,300207.SZ,4.8188,002241.SZ,4.7896,300059.SZ,4.7855,603986.SH,4.6051,601628.SH,4.441
130,005303.OF,嘉实医药健康A,颜媛,000661.SZ,8.8003,600276.SH,8.7471,600763.SH,7.8292,600529.SH,6.708,603883.SH,5.63,603707.SH,5.0591,1066.HK,4.7802,300363.SZ,4.6751,603456.SH,4.4333,300601.SZ,4.1748
132,004075.OF,交银医药创新,楼慧源,600276.SH,8.8251,603259.SH,6.9471,600529.SH,6.8685,000661.SZ,6.2882,600763.SH,5.7591,603882.SH,4.765,300601.SZ,4.7495,300347.SZ,4.6833,300015.SZ,4.6314,688029.SH,3.8482
133,005106.OF,银华农业产业,王翔,002714.SZ,8.8426,000858.SZ,8.1026,002311.SZ,8.0653,600519.SH,8.0454,002299.SZ,6.8193,603517.SH,5.8947,300498.SZ,4.7321,000876.SZ,4.3147,603369.SH,4.3061,002557.SZ,3.5647
134,006803.OF,嘉实互通精选,陈叶雁南,600519.SH,8.9975,600036.SH,6.8188,2313.HK,6.6514,2318.HK,5.9386,1093.HK,5.4251,000651.SZ,5.1659,002475.SZ,4.7292,0700.HK,4.5696,300760.SZ,4.4963,601799.SH,4.2827
135,000867.OF,华宝品质生活,光磊,000661.SZ,9.3962,002821.SZ,8.6895,603883.SH,7.6566,603711.SH,7.1099,600547.SH,6.5005,300014.SZ,5.2468,002384.SZ,4.7106,000063.SZ,4.3282,002851.SZ,3.5807,300129.SZ,3.4875
139,004784.OF,招商稳健优选,钟,002475.SZ,8.7805,600519.SH,8.3791,002714.SZ,7.7692,603369.SH,7.3114,600438.SH,6.4816,002311.SZ,5.6843,002624.SZ,4.6629,000858.SZ,3.9752,300601.SZ,3.4958,600745.SH,3.2839
140,001685.OF,汇添富沪港深新价值,杨威风,0914.HK,5.8038,2269.HK,5.7414,0700.HK,5.5392,0388.HK,5.4634,2318.HK,5.1662,1398.HK,4.6913,3968.HK,4.6566,2883.HK,4.5376,2359.HK,4.1946,1797.HK,4.0166
141,162208.OF,泰达宏利首选企业,张勋,002157.SZ,6.905,000661.SZ,6.2126,000858.SZ,5.4274,002384.SZ,5.38,600340.SH,5.2906,000568.SZ,4.6589,002415.SZ,4.6561,300073.SZ,3.4874,300760.SZ,3.471,601688.SH,3.3389
142,320020.OF,诺安策略精选,蔡宇滨,600176.SH,11.2011,601318.SH,8.3646,601877.SH,7.4234,600377.SH,6.656,300146.SZ,6.1166,601668.SH,4.9317,002027.SZ,4.6465,000975.SZ,3.6465,600867.SH,3.6371,002601.SZ,3.6062
143,005628.OF,汇安趋势动力A,邹唯,000002.SZ,9.0795,600585.SH,7.9332,600030.SH,7.5494,600036.SH,6.9947,601318.SH,6.8171,600837.SH,4.8416,002142.SZ,4.6157,601872.SH,4.2706,002624.SZ,3.7166,600048.SH,3.5852
146,005009.OF,申万菱信行业轮动,蒲延杰,600519.SH,9.0222,601318.SH,6.6382,002475.SZ,6.236,000858.SZ,5.8634,300014.SZ,5.6614,600438.SH,5.3518,300115.SZ,4.6009,300136.SZ,4.421,603986.SH,3.7781,300750.SZ,3.6849
147,003232.OF,创金合信金融地产A,李,600036.SH,9.8643,002142.SZ,9.7912,000001.SZ,9.7731,601318.SH,9.5083,600030.SH,8.6086,600837.SH,6.6799,601939.SH,4.5922,000002.SZ,4.5189,601628.SH,4.0303,000961.SZ,3.6467
148,001178.OF,前海开源再融资主题精选,邱杰,000651.SZ,8.5577,002812.SZ,6.3235,600383.SH,5.9253,300315.SZ,5.8036,600048.SH,5.753,000625.SZ,5.066,600104.SH,4.5703,603444.SH,4.1658,300144.SZ,3.581,002648.SZ,3.4713
149,001766.OF,上投摩根医疗健康,方钰涵,300760.SZ,9.8775,603259.SH,9.6958,603707.SH,7.4138,600276.SH,7.3403,002821.SZ,6.833,000661.SZ,4.9462,300015.SZ,4.5471,600161.SH,4.4141,688016.SH,4.134,300482.SZ,3.8209
150,000780.OF,鹏华医疗保健,郎超,600276.SH,11.1944,000661.SZ,10.8038,300760.SZ,9.8873,603259.SH,9.7921,300015.SZ,5.9431,300601.SZ,4.8794,002821.SZ,4.5471,600763.SH,4.4601,300759.SZ,4.4559,600529.SH,3.5271
151,001404.OF,招商移动互联网,张林,002475.SZ,6.404,300014.SZ,5.2847,002241.SZ,5.2161,601799.SH,4.9088,002600.SZ,4.8961,603986.SH,4.7124,002912.SZ,4.5338,603501.SH,4.4885,002410.SZ,4.0463,000977.SZ,3.9025
152,001186.OF,富国文体健康,林庆,002643.SZ,9.1071,000001.SZ,6.2385,300285.SZ,5.5647,600887.SH,5.1288,002001.SZ,4.8243,002555.SZ,4.5957,300003.SZ,4.5104,600862.SH,4.2273,603579.SH,3.3252,600030.SH,3.2318
153,001975.OF,景顺长城环保优势,杨锐文,300207.SZ,7.4858,002841.SZ,6.7619,002352.SZ,6.6206,600673.SH,5.5347,603515.SH,5.4217,300568.SZ,4.7336,300413.SZ,4.4984,000977.SZ,4.4545,603160.SH,4.4407,300383.SZ,4.3731
154,001223.OF,鹏华文化传媒娱乐,贺宁,002027.SZ,10.5156,300413.SZ,6.3434,601928.SH,6.1252,300144.SZ,5.9405,300059.SZ,5.4081,300383.SZ,5.0061,600138.SH,4.4957,300770.SZ,4.1755,002624.SZ,4.1072,002555.SZ,3.5962
156,000594.OF,大摩进取优选,缪东航,601966.SH,7.1758,002353.SZ,6.6883,300699.SZ,6.599,002597.SZ,6.5883,002648.SZ,6.4924,601636.SH,5.939,300136.SZ,4.4878,002206.SZ,4.1836,601128.SH,4.1584,601166.SH,4.0548
157,000971.OF,诺安新经济,杨琨,603993.SH,6.9334,600276.SH,5.9158,601888.SH,5.4907,600570.SH,5.2787,600519.SH,4.9292,002304.SZ,4.7861,000938.SZ,4.4643,002497.SZ,3.688,600030.SH,3.5451,601808.SH,3.5378
158,001167.OF,金鹰科技创新,乔春,002050.SZ,4.8435,601689.SH,4.7966,002624.SZ,4.7446,300315.SZ,4.6425,600801.SH,4.5456,000786.SZ,4.514,002353.SZ,4.4504,000338.SZ,4.4381,603659.SH,4.376,002812.SZ,4.2341
159,005209.OF,东吴双三角A,彭敢,002405.SZ,9.1142,603043.SH,6.6191,002675.SZ,5.4719,300001.SZ,5.3491,603983.SH,4.7576,300078.SZ,4.5879,300454.SZ,4.4358,000977.SZ,4.2599,601128.SH,3.8679,300618.SZ,3.7928
160,005983.OF,上投摩根核心精选,李博,002236.SZ,10.5576,603008.SH,5.7114,600036.SH,5.5112,002035.SZ,5.4535,000591.SZ,4.7876,601222.SH,4.5642,003816.SZ,4.4314,603579.SH,4.3137,600466.SH,4.2504,600567.SH,3.8479
162,001718.OF,工银瑞信物流产业,张宇帆,600104.SH,8.5778,000625.SZ,6.3731,603960.SH,6.1392,000951.SZ,5.4881,600741.SH,5.3101,300124.SZ,4.4223,002475.SZ,4.3764,600660.SH,4.0335,600009.SH,3.9287,601633.SH,3.923
163,001579.OF,国泰大农业,程洲,600519.SH,6.3285,300498.SZ,6.1257,002311.SZ,5.1658,000895.SZ,5.141,002714.SZ,4.6892,000876.SZ,4.4225,603288.SH,4.3738,600201.SH,4.0058,002250.SZ,3.8695,600597.SH,3.7255
164,000893.OF,工银瑞信创新动力,杨鑫鑫,000069.SZ,6.3934,600820.SH,5.9155,601117.SH,5.8844,601607.SH,4.8246,600362.SH,4.8168,000895.SZ,4.7651,000726.SZ,4.3555,600563.SH,4.0584,600048.SH,3.8067,600426.SH,3.5877
165,006751.OF,富国互联科技,许炎,002475.SZ,8.0742,603501.SH,7.7088,603986.SH,7.3921,688111.SH,6.5724,600845.SH,6.1685,300628.SZ,4.9755,300750.SZ,4.3499,300782.SZ,3.9524,688008.SH,3.595,002859.SZ,3.4347
166,001878.OF,嘉实沪港深精选,张金涛,2382.HK,8.237,002475.SZ,7.9563,000651.SZ,7.9436,2899.HK,6.638,600276.SH,4.769,0966.HK,4.6337,000858.SZ,4.3489,002353.SZ,3.7864,0817.HK,3.5807,600519.SH,3.3523
167,160133.OF,南方天元新产业,蒋秋洁,000858.SZ,6.5231,600519.SH,6.0493,601888.SH,5.5162,300413.SZ,5.2777,000661.SZ,4.6558,002714.SZ,4.4271,002027.SZ,4.3416,000651.SZ,3.447,002415.SZ,3.4343,300750.SZ,3.0499
168,003298.OF,嘉实物流产业A,肖觅,002120.SZ,10.371,601799.SH,10.0585,603885.SH,6.4218,601021.SH,5.5304,600233.SH,5.3062,600115.SH,4.8483,600029.SH,4.3409,600153.SH,4.248,601658.SH,4.1895,601111.SH,4.1286
169,006818.OF,安信盈利驱动A,袁玮,601668.SH,6.4428,601318.SH,6.2799,002230.SZ,6.2172,600383.SH,5.4825,000002.SZ,4.8069,603259.SH,4.4688,600606.SH,4.3357,600048.SH,4.3003,600196.SH,4.026,601166.SH,3.7952
170,001396.OF,建信互联网+产业升级,何|华,000858.SZ,7.9249,002624.SZ,7.3535,600519.SH,6.9582,002475.SZ,5.7461,000002.SZ,4.8127,000961.SZ,4.3611,603429.SH,4.3328,600136.SH,4.2671,002123.SZ,4.2015,600703.SH,4.117
171,001104.OF,华安新丝路主题,谢昌旭,600519.SH,7.7443,000858.SZ,6.5776,600276.SH,6.089,300015.SZ,4.8407,601318.SH,4.5718,002475.SZ,4.4139,000333.SZ,4.3218,600036.SH,4.2904,600763.SH,4.1017,000002.SZ,2.7308
172,007853.OF,华商计算机行业量化,邓默,600570.SH,7.4017,000977.SZ,6.6752,002230.SZ,5.5106,002410.SZ,4.5401,300253.SZ,4.3324,300033.SZ,4.3176,600588.SH,4.3072,002439.SZ,3.9352,000066.SZ,3.7894,600536.SH,3.2494
173,000418.OF,景顺长城成长之星,刘晓明,002475.SZ,9.2862,002714.SZ,8.0483,300115.SZ,7.8202,000725.SZ,5.3435,000401.SZ,4.6388,600519.SH,4.4465,000651.SZ,4.305,002241.SZ,3.8968,603456.SH,3.7664,300122.SZ,3.6376
174,540007.OF,汇丰晋信中小盘,侯玉琦,002555.SZ,7.5411,603444.SH,6.515,002624.SZ,6.1934,000977.SZ,4.6927,002236.SZ,4.46,300031.SZ,4.36,601555.SH,4.2986,002821.SZ,4.0177,002139.SZ,3.9267,300413.SZ,3.7063
176,005268.OF,鹏华优势企业,陈璇淼,000661.SZ,10.1078,002475.SZ,9.6818,000858.SZ,7.5408,600519.SH,5.6889,000333.SZ,5.1761,603899.SH,5.1605,300760.SZ,4.2668,000651.SZ,4.0505,600276.SH,3.9249,000063.SZ,3.9132
177,002861.OF,工银瑞信智能制造,农冰立,002415.SZ,9.8737,600183.SH,7.1583,000651.SZ,5.0594,600519.SH,5.0209,300782.SZ,4.7733,000568.SZ,4.6803,603960.SH,4.2593,002690.SZ,4.0469,300760.SZ,4.0206,002008.SZ,4.0064
178,001008.OF,工银瑞信国企改革主题,何肖颉,601601.SH,10.975,600048.SH,6.3234,000651.SZ,6.1895,601318.SH,5.7045,002142.SZ,5.2639,000661.SZ,4.7329,600519.SH,4.2527,601166.SH,3.6325,000708.SZ,3.5796,600585.SH,3.4874
179,519935.OF,长信创新驱动,沈佳,002475.SZ,6.4343,300188.SZ,5.4105,002044.SZ,5.4085,300383.SZ,4.7213,002624.SZ,4.3494,603160.SH,4.2894,000725.SZ,4.2478,300078.SZ,4.1408,002920.SZ,4.1128,002212.SZ,4.0385
180,007590.OF,华宝绿色领先,蔡目荣,002202.SZ,8.3337,002531.SZ,8.3091,002127.SZ,7.8184,000063.SZ,5.2596,002415.SZ,4.3874,601688.SH,4.3304,300443.SZ,4.2462,002709.SZ,4.2195,300232.SZ,3.567,603103.SH,3.5499
181,004640.OF,华夏节能环保,吕佳玮,300750.SZ,8.717,300207.SZ,8.059,603799.SH,7.0976,002475.SZ,5.2583,002415.SZ,5.1955,002460.SZ,4.8792,603489.SH,4.224,002050.SZ,4.211,600031.SH,4.1248,600885.SH,4.0519
182,003492.OF,前海开源外向企业,石峰,002027.SZ,5.267,000783.SZ,4.9704,601933.SH,4.6825,300482.SZ,4.3753,000703.SZ,4.2613,000671.SZ,4.2517,601336.SH,4.2154,600201.SH,4.1955,600115.SH,4.1173,002648.SZ,3.8383
184,003145.OF,中融竞争优势,柯海东,002695.SZ,9.6365,600984.SH,8.2676,300122.SZ,5.4811,000651.SZ,5.4483,300406.SZ,5.1835,000725.SZ,4.6707,000776.SZ,4.1677,002812.SZ,3.9911,600703.SH,3.8155,603799.SH,3.7629
185,001054.OF,工银瑞信新金融,鄢耀,002142.SZ,7.1948,601166.SH,6.5475,000002.SZ,5.5514,002475.SZ,5.2478,600519.SH,5.1025,000333.SZ,5.0249,000069.SZ,4.144,601688.SH,4.0005,600031.SH,3.3583,300630.SZ,2.9312
186,001236.OF,博时丝路主题A,沙炜,000708.SZ,9.0749,600030.SH,6.2969,000333.SZ,5.2251,600585.SH,5.1814,601138.SH,4.5319,688368.SH,4.1578,601899.SH,4.1399,000961.SZ,3.6124,600426.SH,3.5558,000823.SZ,3.4388
189,206012.OF,鹏华价值精选,张航,002475.SZ,8.2101,000651.SZ,5.7965,000002.SZ,5.0854,600048.SH,4.7918,603986.SH,4.2052,002396.SZ,4.1448,603737.SH,4.1017,601799.SH,3.9041,000338.SZ,3.7919,300315.SZ,3.4231
190,000751.OF,嘉实新兴产业,归凯,300012.SZ,6.7261,600763.SH,5.6849,000063.SZ,4.8561,000651.SZ,4.5714,300760.SZ,4.465,300124.SZ,4.2098,002410.SZ,4.0992,000100.SZ,4.0713,601799.SH,3.9115,300357.SZ,3.8039
191,006265.OF,红土创新新科技,朱然,000977.SZ,5.2645,002185.SZ,4.7386,300476.SZ,4.2681,002396.SZ,4.1581,002876.SZ,4.1059,002236.SZ,4.1026,002384.SZ,4.0873,002938.SZ,3.9563,002222.SZ,3.7921,002008.SZ,3.7763
193,001705.OF,泓德战略转型,秦毅,601012.SH,8.143,603338.SH,7.8021,601318.SH,7.6642,000002.SZ,4.8677,300750.SZ,4.7558,002202.SZ,4.4607,600438.SH,4.0843,300188.SZ,3.7809,603659.SH,3.7545,601233.SH,3.5886
195,005161.OF,华商上游产业,童立,000878.SZ,5.1405,002311.SZ,4.9264,300750.SZ,4.8534,688388.SH,4.5237,300769.SZ,4.2859,002791.SZ,4.1724,600031.SH,4.0831,000401.SZ,4.0735,603799.SH,4.0427,002001.SZ,3.9787
196,005927.OF,创金合信新能源汽车A,曹春林,300750.SZ,8.6208,000049.SZ,8.2293,300037.SZ,7.3609,600104.SH,6.9014,002466.SZ,5.4145,601633.SH,4.1487,601238.SH,4.0592,600884.SH,3.9094,600885.SH,2.9906,300450.SZ,2.8609
197,001166.OF,建信环保产业,姜锋,002050.SZ,6.5846,600900.SH,6.4007,601877.SH,6.3547,300285.SZ,5.3988,600886.SH,4.338,002202.SZ,4.24,300750.SZ,4.0583,600674.SH,4.0429,600323.SH,4.0296,000968.SZ,3.9999
198,001070.OF,建信信息产业,邵卓,002624.SZ,8.2353,002123.SZ,6.5426,300628.SZ,5.4084,002475.SZ,4.6972,300014.SZ,4.4936,600060.SH,4.2276,601138.SH,4.0553,002127.SZ,3.9219,300251.SZ,3.8723,000063.SZ,3.6875
199,004272.OF,中融量化小盘A,陈薪羽,002367.SZ,4.4716,300569.SZ,4.1626,300043.SZ,4.1155,002381.SZ,4.1093,600510.SH,4.0801,002111.SZ,4.0655,300190.SZ,4.045,002020.SZ,4.0252,300129.SZ,3.9833,000042.SZ,3.9607
200,001476.OF,中银智能制造,王伟,300014.SZ,8.3797,300450.SZ,6.6899,002241.SZ,5.7002,600438.SH,5.3266,601012.SH,4.9499,000338.SZ,4.5296,600031.SH,4.0143,002415.SZ,3.951,300124.SZ,3.758,600406.SH,3.2415
201,160322.OF,华夏港股通精选,李湘杰,2382.HK,7.1331,6169.HK,6.0588,6098.HK,5.6134,2269.HK,5.0535,2018.HK,4.8861,0291.HK,4.3861,2359.HK,4.014,0743.HK,3.8418,2020.HK,3.7889,0285.HK,3.3631
202,000729.OF,建信中小盘,许杰,002078.SZ,6.5611,600183.SH,4.9984,002127.SZ,4.4862,300596.SZ,4.3428,600466.SH,4.1232,002174.SZ,4.0514,603063.SH,3.9847,002244.SZ,3.9714,002013.SZ,3.9604,601966.SH,3.9551
203,000803.OF,工银瑞信研究精选,宋炳|,600030.SH,8.463,603986.SH,5.6751,300251.SZ,5.5408,300782.SZ,5.1788,002624.SZ,4.2827,300059.SZ,4.2176,002241.SZ,3.9602,600584.SH,3.2313,601688.SH,3.1856,300413.SZ,3.0826
204,001409.OF,工银瑞信互联网加,张继圣,300450.SZ,8.0014,600570.SH,7.3371,002916.SZ,6.431,600309.SH,6.2498,002938.SZ,4.2052,601012.SH,4.0397,600276.SH,3.9403,600183.SH,3.4866,002463.SZ,3.2485,600872.SH,3.0433
205,007586.OF,华泰保兴多策略三个月,尚烁徽,600519.SH,5.6687,601318.SH,5.6326,600754.SH,5.2926,601899.SH,5.2185,000786.SZ,4.1417,601658.SH,4.1123,300450.SZ,3.9006,300750.SZ,3.5593,002212.SZ,3.5388,603583.SH,3.3054
208,001195.OF,工银瑞信农业产业,杨柯,002714.SZ,11.2041,300498.SZ,11.1591,000876.SZ,7.5977,002311.SZ,5.6734,002458.SZ,5.5474,002568.SZ,4.1397,000333.SZ,3.8247,600598.SH,3.3256,002299.SZ,2.9724,300119.SZ,2.5617
209,001703.OF,银华沪港深增长,周大鹏,2601.HK,6.3905,603517.SH,6.0745,000961.SZ,4.6747,600519.SH,4.3913,601799.SH,4.3895,000858.SZ,4.1532,3808.HK,3.8145,2269.HK,3.5203,1658.HK,3.4215,2238.HK,3.325
210,000696.OF,汇添富环保行业,赵鹏程,300012.SZ,5.7341,000333.SZ,5.6314,002466.SZ,5.5371,600406.SH,5.231,600309.SH,4.36,601233.SH,4.284,603568.SH,3.804,002050.SZ,3.6687,002484.SZ,3.596,000786.SZ,3.5918
211,001039.OF,嘉实先进制造,张淼,300369.SZ,7.4374,600529.SH,7.1615,601799.SH,6.62,000100.SZ,4.3054,002475.SZ,3.9544,000063.SZ,3.9541,300271.SZ,3.8,002430.SZ,3.7268,300012.SZ,3.271,002643.SZ,3.1803
214,000513.OF,富国高端制造行业,毕天宇,300285.SZ,7.3873,002271.SZ,5.8931,002142.SZ,5.5195,600031.SH,5.4887,600519.SH,5.3843,603501.SH,4.87,601318.SH,3.7905,002555.SZ,3.7715,002001.SZ,3.2967,600309.SH,3.1141
215,000828.OF,泰达宏利转型机遇,王鹏,300014.SZ,9.1933,300750.SZ,5.8295,002475.SZ,5.3482,002624.SZ,4.2883,002174.SZ,4.2266,000661.SZ,3.7763,002271.SZ,3.772,600885.SH,3.2014,002714.SZ,3.0556,002157.SZ,3.019
216,007137.OF,鹏扬元合量化大盘优选A,JIANG SHAOKUN,600519.SH,5.1917,601688.SH,4.7749,600016.SH,4.6588,600498.SH,4.658,601818.SH,4.29,600900.SH,3.9947,600036.SH,3.7618,601601.SH,3.5822,601939.SH,3.5174,600999.SH,3.3177
217,001541.OF,汇添富民营新动力,谭志强,002624.SZ,7.2882,002044.SZ,6.8253,002555.SZ,6.6367,600036.SH,6.4829,300285.SZ,5.6312,000538.SZ,4.2536,601166.SH,3.7572,000961.SZ,3.6399,002466.SZ,3.4808,300144.SZ,3.3517
218,001043.OF,工银瑞信美丽城镇主题,王君正,000069.SZ,11.0079,002142.SZ,8.6094,600519.SH,5.4393,002244.SZ,4.6285,000002.SZ,4.2918,600036.SH,4.0606,300760.SZ,3.7084,600383.SH,3.6809,600276.SH,3.6587,600048.SH,3.4586
219,001663.OF,中银互联网+,欧阳力君,603659.SH,5.8233,000725.SZ,5.1526,300750.SZ,5.0586,600570.SH,4.9983,601138.SH,3.9415,300770.SZ,3.7042,601658.SH,3.7029,688023.SH,3.6809,002456.SZ,3.6284,002832.SZ,3.4739
222,001825.OF,建信中国制造2025,孙晟,601398.SH,8.0367,300253.SZ,7.5822,000403.SZ,7.2198,601111.SH,5.9332,601088.SH,4.7764,000002.SZ,3.8076,600201.SH,3.6732,600640.SH,3.3649,600019.SH,2.7965,600887.SH,2.6364
223,000326.OF,南方中小盘成长,吴剑毅,600068.SH,6.0744,600176.SH,5.9221,601838.SH,4.9799,002614.SZ,4.5299,601577.SH,4.1514,600511.SH,3.9534,002597.SZ,3.6426,000028.SZ,3.4675,000887.SZ,3.4154,002327.SZ,2.9745
224,006868.OF,华夏科技成长,张帆,002705.SZ,10.6586,300782.SZ,4.8974,300226.SZ,4.6497,000063.SZ,4.3582,002419.SZ,4.1308,300450.SZ,3.8485,002185.SZ,3.6076,002371.SZ,3.5589,002475.SZ,3.5403,002384.SZ,3.462
225,540006.OF,汇丰晋信大盘A,郭敏,601166.SH,8.4421,601601.SH,6.5161,600048.SH,4.5894,601336.SH,4.4246,000895.SZ,3.954,603882.SH,3.9017,002624.SZ,3.602,601012.SH,3.5424,000921.SZ,3.2479,601628.SH,3.119
226,001490.OF,汇添富国企创新增长,李威,600519.SH,10.284,002127.SZ,9.3039,000858.SZ,5.6362,000961.SZ,5.4422,601888.SH,4.8987,601166.SH,3.6041,000661.SZ,3.5923,600036.SH,3.5295,601318.SH,3.3669,002050.SZ,3.3014
227,000524.OF,上投摩根民生需求,杨景喻,603259.SH,6.0494,300014.SZ,4.2259,600519.SH,4.024,603501.SH,4.0026,000661.SZ,3.9451,300750.SZ,3.7962,603338.SH,3.589,002475.SZ,3.5801,300136.SZ,3.5097,002555.SZ,3.4915
228,001009.OF,上投摩根安全战略,陈思郁,000661.SZ,7.2659,002475.SZ,5.6745,600519.SH,5.0679,603338.SH,5.0443,300015.SZ,3.8677,002353.SZ,3.7579,002607.SZ,3.5588,600276.SH,3.5119,300601.SZ,3.5046,600031.SH,3.4895
229,001696.OF,南方智造未来,应帅,600519.SH,10.0417,600036.SH,6.698,603259.SH,4.4126,603730.SH,3.9104,002180.SZ,3.6671,600131.SH,3.5767,601600.SH,3.5491,600745.SH,3.3797,603232.SH,3.1289,300760.SZ,3.0394
230,002332.OF,汇丰晋信沪港深A,程,0700.HK,9.1492,002475.SZ,9.1352,3690.HK,6.9838,0522.HK,4.7845,0763.HK,4.1091,1299.HK,3.9902,2208.HK,3.5057,0939.HK,3.402,600519.SH,3.3437,0968.HK,2.5842
232,000793.OF,工银瑞信高端制造行业,黄安乐,300136.SZ,5.2464,600031.SH,4.8865,300759.SZ,4.1496,002138.SZ,4.0168,603659.SH,3.9484,002812.SZ,3.6589,002624.SZ,3.4681,002555.SZ,3.382,300413.SZ,3.265,300450.SZ,3.1698
233,340006.OF,兴全全球视野,王品,300271.SZ,10.1508,600048.SH,7.9555,300496.SZ,5.7522,002352.SZ,4.6915,300760.SZ,3.7474,300144.SZ,3.6956,601238.SH,3.4656,300413.SZ,3.3419,601688.SH,3.2646,601899.SH,3.2626
234,005037.OF,银华新能源新材料量化A,李宜璇,601012.SH,7.4865,002202.SZ,6.7243,600406.SH,6.173,600438.SH,6.0147,002594.SZ,3.9441,300207.SZ,3.4964,300124.SZ,3.4493,603659.SH,3.3822,601877.SH,2.8808,300316.SZ,2.8418
235,540009.OF,汇丰晋信消费红利,是星涛,000625.SZ,7.4357,600519.SH,6.7892,000651.SZ,6.2832,000333.SZ,5.3065,002236.SZ,4.7665,000977.SZ,3.7153,000799.SZ,3.4488,002304.SZ,3.3002,000581.SZ,3.0088,002415.SZ,2.9522
236,001047.OF,光大国企改革主题,董伟炜,601318.SH,6.109,600519.SH,5.9693,000651.SZ,5.5152,600030.SH,4.2554,000001.SZ,3.4586,002803.SZ,3.4518,300073.SZ,3.4439,000725.SZ,3.4401,600031.SH,3.2979,300088.SZ,3.282
237,004476.OF,景顺长城沪港深领先科技,詹成,0968.HK,5.8331,0700.HK,5.7773,0388.HK,5.5674,0788.HK,4.6018,3690.HK,4.2531,002555.SZ,3.7601,600438.SH,3.4408,300207.SZ,3.3132,2382.HK,3.2866,0268.HK,3.2514
239,001036.OF,嘉实企业变革,谢泽林,000002.SZ,4.82,300036.SZ,4.5245,002035.SZ,3.9175,601799.SH,3.8344,600048.SH,3.5263,600519.SH,3.4717,002439.SZ,3.4225,002791.SZ,3.2702,000725.SZ,3.1984,300207.SZ,3.1882
240,360001.OF,光大核心,翟云飞,600036.SH,5.3761,600276.SH,4.0665,300498.SZ,3.998,601398.SH,3.9617,601601.SH,3.8742,601012.SH,3.4934,601628.SH,3.4216,601939.SH,3.3895,000568.SZ,3.3478,600346.SH,3.2747
242,001126.OF,上投摩根卓越制造,李德辉,600031.SH,7.4855,002475.SZ,6.9229,603338.SH,6.227,603259.SH,6.0663,300760.SZ,5.4037,600276.SH,4.4997,600519.SH,3.4045,300496.SZ,3.3844,300015.SZ,2.9618,601012.SH,2.9551
244,001938.OF,中欧时代先锋A,周应波,600406.SH,8.1428,000001.SZ,7.3952,000002.SZ,7.2167,603160.SH,5.2404,000651.SZ,5.0571,300413.SZ,3.9837,600741.SH,3.3724,300136.SZ,3.1694,002466.SZ,3.0195,002475.SZ,2.8267
246,001158.OF,工银瑞信新材料新能源行业,张剑峰,600309.SH,7.9546,000708.SZ,6.0886,002475.SZ,5.3845,600406.SH,4.4867,601012.SH,4.3954,002271.SZ,3.8811,600346.SH,3.3209,600438.SH,3.099,300450.SZ,2.8909,002353.SZ,2.8351
247,001736.OF,圆信永丰优加生活,范妍,000002.SZ,7.3172,300009.SZ,4.3135,002179.SZ,3.8064,601021.SH,3.5642,002511.SZ,3.4955,300010.SZ,3.3549,600030.SH,3.2873,002223.SZ,3.285,600323.SH,2.8072,300750.SZ,2.765
249,001678.OF,英大国企改革主题,张媛,601318.SH,4.748,002624.SZ,4.4959,600887.SH,4.2974,600030.SH,3.9045,600547.SH,3.3226,600754.SH,3.2788,002601.SZ,3.2776,600309.SH,3.1207,603993.SH,3.1087,300383.SZ,3.0974
250,320022.OF,诺安研究精选,王创练,600536.SH,8.8952,002353.SZ,5.8821,000568.SZ,5.404,002918.SZ,5.1381,002311.SZ,4.3075,603708.SH,3.6866,603816.SH,3.272,002304.SZ,3.2667,601899.SH,2.8295,300418.SZ,2.483
251,001520.OF,国投瑞银研究精选,桑俊,601318.SH,6.2908,600030.SH,4.5112,601939.SH,4.0313,000063.SZ,3.6441,600036.SH,3.3964,600048.SH,3.3402,600519.SH,3.2347,600837.SH,3.1126,000001.SZ,2.7805,000338.SZ,2.5196
253,519673.OF,银河康乐,余科苗,600763.SH,7.0034,300662.SZ,5.8403,601318.SH,5.0322,300253.SZ,4.7632,600519.SH,4.4582,300015.SZ,3.5408,002791.SZ,3.2306,002410.SZ,2.241,002475.SZ,2.2352,002311.SZ,2.1198
255,519606.OF,国泰金鑫,申坤,600570.SH,5.23,002332.SZ,4.5102,603883.SH,4.3423,300413.SZ,4.1732,002050.SZ,3.3725,002832.SZ,3.2909,300010.SZ,3.2075,002301.SZ,3.1476,300133.SZ,3.1448,300725.SZ,3.0498
257,000697.OF,汇添富移动互联,杨,002410.SZ,6.6257,600570.SH,4.9839,002475.SZ,4.8463,603501.SH,4.2076,600588.SH,3.8222,002415.SZ,3.7391,601888.SH,3.1802,300383.SZ,3.1419,603986.SH,3.0288,300782.SZ,2.9314
258,006726.OF,农银汇理稳进多因子,魏刚,600519.SH,4.9846,601318.SH,4.9443,600036.SH,4.8203,000333.SZ,4.5622,600030.SH,3.6152,600276.SH,3.5136,002475.SZ,3.1723,000858.SZ,2.9936,601818.SH,2.1144,300059.SZ,1.9026
259,001577.OF,嘉实低价策略,李帅,601318.SH,8.6761,600036.SH,8.2663,002048.SZ,6.1039,000002.SZ,5.808,002120.SZ,4.0918,001979.SZ,3.25,603659.SH,3.1697,000725.SZ,3.0728,000550.SZ,3.0358,000100.SZ,3.0254
261,000409.OF,鹏华环保产业,孟昊,002616.SZ,6.402,002475.SZ,6.1383,300750.SZ,6.0932,600406.SH,4.2745,300014.SZ,3.5448,600323.SH,3.2651,600438.SH,3.1176,000651.SZ,3.0398,603659.SH,2.729,300124.SZ,2.6994
262,671030.OF,西部利得事件驱动,刘荟,601318.SH,8.0679,600519.SH,7.9772,600036.SH,6.3018,601916.SH,6.1631,600276.SH,4.7213,601166.SH,4.6641,600030.SH,3.0936,600887.SH,2.9209,600016.SH,2.5161,600000.SH,2.4023
263,005505.OF,前海开源中药研究精选A,范洁,000999.SZ,3.2513,002603.SZ,3.151,300039.SZ,3.1142,600332.SH,3.1013,002317.SZ,3.0385,000423.SZ,3.0345,002773.SZ,3.0282,600993.SH,3.0181,002817.SZ,3.0112,000538.SZ,3.0111
264,001105.OF,信达澳银转型创新,王咏辉,600030.SH,5.2546,002271.SZ,4.9547,002475.SZ,4.7785,600309.SH,4.5269,601318.SH,4.5005,601012.SH,3.7369,600332.SH,3.0186,000002.SZ,2.8656,600036.SH,2.615,600519.SH,2.3945
265,001714.OF,工银瑞信文体产业,袁芳,600031.SH,5.1207,000651.SZ,4.6204,300750.SZ,3.9256,000002.SZ,3.5122,600183.SH,3.395,300747.SZ,3.1347,601088.SH,3.0185,002938.SZ,3.0165,002138.SZ,2.7077,688111.SH,2.4639
266,005495.OF,创金合信科技成长A,周志敏,000725.SZ,4.6078,600584.SH,3.5572,000063.SZ,3.2799,000100.SZ,3.2637,002475.SZ,3.1919,002185.SZ,3.0905,002156.SZ,3.0098,601138.SH,2.8209,300750.SZ,2.733,601231.SH,2.7154
267,004484.OF,泰达宏利业绩驱动A,刘洋,601318.SH,5.1672,600519.SH,4.5929,600030.SH,3.5461,000333.SZ,3.2417,600276.SH,3.067,600887.SH,3.0333,000651.SZ,3.0066,601166.SH,2.9817,601766.SH,2.6366,600016.SH,2.5782
269,006926.OF,长城量化精选,雷俊,600170.SH,5.4028,688111.SH,4.3367,000776.SZ,3.5797,600033.SH,3.5529,601169.SH,3.0356,600016.SH,3.0215,002128.SZ,2.9991,600578.SH,2.9844,000069.SZ,2.9777,600015.SH,2.9689
270,000866.OF,华宝高端制造,贺,000002.SZ,4.9126,000100.SZ,4.2149,000725.SZ,4.1089,002415.SZ,4.0498,000063.SZ,3.7546,600900.SH,3.694,600201.SH,2.9967,600031.SH,2.4669,600377.SH,2.3648,601808.SH,2.2793
272,002980.OF,华夏创新前沿,林晶,300750.SZ,6.6427,002475.SZ,4.1316,300059.SZ,3.752,002410.SZ,3.6368,300782.SZ,3.0249,600867.SH,2.9874,300015.SZ,2.9704,688368.SH,2.8632,300760.SZ,2.8018,002384.SZ,2.482
274,001416.OF,嘉实事件驱动,张自力,300012.SZ,5.0096,002475.SZ,4.9001,601318.SH,4.6041,600519.SH,4.3132,600763.SH,3.6688,000661.SZ,3.0358,002714.SZ,2.8937,600276.SH,2.8876,000858.SZ,2.5012,002157.SZ,2.1096
275,001193.OF,中金消费升级,于h,600519.SH,10.6552,000651.SZ,8.8535,000333.SZ,8.1762,600276.SH,6.0288,000858.SZ,5.8935,600887.SH,3.2116,601888.SH,2.8446,603288.SH,2.608,002415.SZ,2.575,600600.SH,2.3801
276,001097.OF,华泰柏瑞积极优选,方伦煜,601318.SH,5.0772,002714.SZ,4.1878,000002.SZ,3.7179,601398.SH,3.1114,002120.SZ,3.0778,002142.SZ,2.8483,300059.SZ,2.8393,601166.SH,2.806,600030.SH,2.8013,600036.SH,2.7766
278,001319.OF,农银汇理信息传媒,韩林,002475.SZ,7.1981,000977.SZ,5.1759,600570.SH,4.3436,002241.SZ,4.2744,002624.SZ,2.9477,002555.SZ,2.8189,300782.SZ,2.783,002396.SZ,2.7544,000063.SZ,2.7501,002850.SZ,2.7032
279,001974.OF,景顺长城量化新动力,黎海威,000858.SZ,4.1392,600276.SH,3.2966,600036.SH,3.2697,601186.SH,3.1173,601377.SH,3.0138,600519.SH,2.8668,601998.SH,2.7423,601318.SH,2.7421,601997.SH,2.7341,600346.SH,2.7238
280,004350.OF,汇丰晋信价值先锋,吴培文,600585.SH,3.2943,000333.SZ,3.1794,600030.SH,3.1195,002032.SZ,2.921,600519.SH,2.7369,603899.SH,2.7062,601318.SH,2.6654,002353.SZ,2.5892,601288.SH,2.5867,600201.SH,2.4574
281,000688.OF,景顺长城研究精选,曾理,601318.SH,8.2576,600036.SH,4.9898,601997.SH,3.1301,601998.SH,3.1179,601186.SH,3.0174,600276.SH,2.8163,000858.SZ,2.6622,000651.SZ,2.5815,601377.SH,2.5791,600346.SH,2.2431
282,000991.OF,工银瑞信战略转型主题,杜洋,601222.SH,10.7289,002343.SZ,5.5053,300569.SZ,5.1153,002202.SZ,3.2923,002531.SZ,2.8247,603601.SH,2.7186,002624.SZ,2.6583,000625.SZ,2.5872,300463.SZ,2.4596,002791.SZ,2.4164
283,006257.OF,信达澳银先进智造,冯明远,002456.SZ,3.9578,600584.SH,3.6454,002185.SZ,3.2668,603186.SH,3.2288,603005.SH,3.1288,002156.SZ,2.8801,600131.SH,2.6278,603501.SH,2.5787,603659.SH,2.4847,603516.SH,2.4625
284,004716.OF,信诚量化阿尔法,提云涛,601318.SH,6.7872,600519.SH,5.7737,600036.SH,4.0284,601166.SH,3.2232,600585.SH,3.1487,601211.SH,2.8746,000858.SZ,2.6203,000651.SZ,2.4005,600309.SH,2.2978,000333.SZ,2.1813
285,007470.OF,博道叁佰智航A,杨梦,601318.SH,8.4172,600519.SH,5.958,000651.SZ,3.8668,600036.SH,3.846,000333.SZ,3.1385,000002.SZ,2.9753,600276.SH,2.6156,000858.SZ,2.5531,600585.SH,2.437,601818.SH,1.9256
286,000411.OF,景顺长城优质成长,徐喻军,601318.SH,7.6363,600036.SH,5.3686,601186.SH,3.3386,600276.SH,3.1456,601997.SH,3.1266,601998.SH,3.1151,601009.SH,2.6151,000651.SZ,2.2827,600346.SH,2.2133,601818.SH,2.1955
287,376510.OF,上投摩根大盘蓝筹,朱晓龙,601318.SH,6.6647,600036.SH,5.0755,600519.SH,4.9162,600837.SH,3.8565,601398.SH,3.342,000002.SZ,2.8599,000333.SZ,2.5654,600031.SH,2.3893,600030.SH,2.2814,603799.SH,2.2467
289,004352.OF,北信瑞丰研究精选,庞琳琳,000651.SZ,6.7324,002460.SZ,4.3512,300033.SZ,4.1019,600048.SH,3.3735,600036.SH,3.3037,688111.SH,3.2799,000725.SZ,2.526,002191.SZ,2.2074,000001.SZ,2.2025,601318.SH,2.1995
290,001605.OF,国富沪港深成长精选,徐成,0981.HK,4.0532,1888.HK,3.0792,300450.SZ,3.0191,2883.HK,2.8426,601799.SH,2.5745,000977.SZ,2.5112,601012.SH,2.4897,600201.SH,2.489,0813.HK,2.3497,1776.HK,2.2603
291,004606.OF,上投摩根优选多因子,施文,601398.SH,3.231,600585.SH,2.9844,002353.SZ,2.9734,600048.SH,2.6034,603338.SH,2.5481,600837.SH,2.5396,601009.SH,2.4678,001979.SZ,2.4675,601166.SH,2.4412,601318.SH,2.3824
292,005707.OF,富国港股通量化精选,徐幼华,0700.HK,9.6496,0005.HK,8.9835,0939.HK,6.7821,1299.HK,5.4758,2318.HK,3.7492,0941.HK,2.9626,2628.HK,2.4677,0883.HK,2.4386,2601.HK,2.0995,1658.HK,1.889
294,005530.OF,汇添富价值多因子量化策略,吴振翔,601318.SH,7.7774,600519.SH,5.0827,000333.SZ,3.1124,600276.SH,2.9979,000858.SZ,2.9699,601658.SH,2.9613,600036.SH,2.4439,601398.SH,1.9613,600585.SH,1.8301,600030.SH,1.7936
295,005502.OF,华泰紫金智能量化,毛甜,000651.SZ,3.5985,601998.SH,3.2587,600570.SH,2.9564,600276.SH,2.9092,601628.SH,2.7551,600837.SH,2.4593,600036.SH,2.4141,601318.SH,2.3109,603160.SH,2.1225,601336.SH,2.1135
298,000549.OF,华安大国新经济,翁启森,000977.SZ,5.7759,603068.SH,4.3596,300316.SZ,3.2778,000063.SZ,3.0191,002531.SZ,2.6558,600745.SH,2.3591,601138.SH,2.344,601231.SH,2.259,603799.SH,2.0998,300498.SZ,1.9356
299,002334.OF,汇丰晋信大盘波动精选A,方磊,002311.SZ,2.7066,601818.SH,2.6688,600900.SH,2.3974,601166.SH,2.3965,601229.SH,2.3045,600000.SH,2.3042,600170.SH,2.2964,601899.SH,2.289,600926.SH,2.2743,601988.SH,2.2599
302,005635.OF,博时量化多策略A,黄瑞庆,601318.SH,5.1654,601658.SH,3.4712,000001.SZ,3.0343,600519.SH,2.7085,600000.SH,2.4233,601328.SH,2.3189,000858.SZ,2.152,601628.SH,1.932,300498.SZ,1.8539,000333.SZ,1.8404
305,007133.OF,嘉实长青竞争优势A,龙昌伦,603444.SH,2.5525,000568.SZ,2.257,600486.SH,2.242,000651.SZ,2.1897,002236.SZ,2.1842,600886.SH,2.1341,601336.SH,2.0779,600801.SH,2.0649,000596.SZ,2.0504,002007.SZ,2.0323
307,000082.OF,嘉实研究阿尔法,张露,601318.SH,5.7105,600036.SH,4.3099,600030.SH,3.7796,600519.SH,3.5858,000651.SZ,3.2152,601398.SH,2.2063,000858.SZ,2.0278,002475.SZ,1.9652,601166.SH,1.9404,600837.SH,1.4941
308,004730.OF,建信量化事件驱动,薛玲,600519.SH,6.5802,601318.SH,4.8207,000651.SZ,3.2575,600030.SH,3.1778,600036.SH,2.698,600276.SH,2.6711,600837.SH,2.0178,000661.SZ,1.6768,603658.SH,1.6083,603883.SH,1.5169
309,006193.OF,鑫元核心资产A,丁h,601318.SH,7.0823,600519.SH,4.4378,600036.SH,3.0064,000651.SZ,2.3915,000333.SZ,2.2665,000858.SZ,2.0655,600276.SH,2.0081,601288.SH,1.786,000001.SZ,1.758,600000.SH,1.6781
310,001291.OF,大摩量化多策略,余斌,601318.SH,6.9335,600519.SH,4.0089,600036.SH,3.3148,601166.SH,2.5893,000651.SZ,2.5013,000333.SZ,2.2506,600030.SH,1.9994,000858.SZ,1.9148,600276.SH,1.8275,000002.SZ,1.6294
312,005189.OF,海富通量化前锋A,杜晓海,601658.SH,4.4019,000338.SZ,2.2684,002415.SZ,2.2433,601966.SH,2.1703,601916.SH,2.156,000063.SZ,1.9933,002475.SZ,1.9753,600048.SH,1.9401,002353.SZ,1.9315,002007.SZ,1.7094
315,000761.OF,国富健康优质生活,王晓宁,601318.SH,6.4863,600030.SH,4.2163,600519.SH,4.1683,600036.SH,3.1314,000651.SZ,2.2858,601688.SH,2.176,600276.SH,1.892,000333.SZ,1.8895,000858.SZ,1.8082,600201.SH,1.7827
316,002871.OF,华夏智胜价值成长A,孙蒙,603806.SH,2.1722,002818.SZ,2.0689,300660.SZ,1.9866,000719.SZ,1.9856,600551.SH,1.9825,002724.SZ,1.9728,603699.SH,1.8531,300360.SZ,1.8119,002111.SZ,1.8112,300546.SZ,1.7621
318,002952.OF,建信多因子量化,叶乐天,600519.SH,5.5279,601318.SH,4.2191,000858.SZ,2.8104,601658.SH,2.3102,000661.SZ,2.1796,600887.SH,1.9266,600276.SH,1.8048,300059.SZ,1.7365,000333.SZ,1.7042,002475.SZ,1.687
321,003416.OF,招商财经大数据策略A,王平,601318.SH,5.9515,600519.SH,4.4937,600276.SH,2.8103,601166.SH,2.4569,000651.SZ,2.2005,000333.SZ,1.9567,600030.SH,1.7299,000858.SZ,1.4315,300498.SZ,1.3827,600000.SH,1.3783
322,167702.OF,德邦量化优选A,王本昌,601318.SH,4.6055,601717.SH,1.8211,601398.SH,1.7885,600873.SH,1.782,300016.SZ,1.7171,002677.SZ,1.6883,600519.SH,1.6777,300130.SZ,1.6318,300776.SZ,1.532,601058.SH,1.5304
325,006911.OF,长江量化匠心甄选A,祗飞跃,002273.SZ,1.991,600895.SH,1.7924,600338.SH,1.7254,601958.SH,1.7158,600643.SH,1.6539,300014.SZ,1.5899,300251.SZ,1.5685,600720.SH,1.5655,300118.SZ,1.5577,002367.SZ,1.5526
327,001277.OF,博时国企改革主题,林景艺,000157.SZ,2.3955,000708.SZ,1.9218,600048.SH,1.8216,000858.SZ,1.6353,600919.SH,1.5944,000425.SZ,1.5669,600383.SH,1.5367,600809.SH,1.4475,600346.SH,1.4285,600030.SH,1.3501
328,001421.OF,南方量化成长,李佳亮,600030.SH,2.2007,601066.SH,2.1376,600837.SH,2.0376,601128.SH,1.6129,002624.SZ,1.5285,000961.SZ,1.5235,002065.SZ,1.5098,300014.SZ,1.4805,002174.SZ,1.4739,603659.SH,1.3797
330,001637.OF,嘉实腾讯自选股大数据,刘斌,002025.SZ,1.7313,000623.SZ,1.6837,300253.SZ,1.4753,002204.SZ,1.4443,600030.SH,1.4439,600466.SH,1.4178,002130.SZ,1.3869,300498.SZ,1.3551,600720.SH,1.3225,000031.SZ,1.0064
333,003312.OF,大摩睿成中小盘弹性,陈健夫,603444.SH,1.4178,002174.SZ,1.3838,601966.SH,1.3549,002439.SZ,1.3293,300347.SZ,1.3078,600426.SH,1.2798,000513.SZ,1.2684,002250.SZ,1.2596,600536.SH,1.2531,000999.SZ,1.2399
334,001849.OF,前海开源强势共识100强,谢屹,600519.SH,1.6594,300014.SZ,1.5831,000858.SZ,1.3993,603816.SH,1.3727,000651.SZ,1.3339,601689.SH,1.2836,002174.SZ,1.2404,000596.SZ,1.2393,000333.SZ,1.1823,601872.SH,1.176
337,006195.OF,国金量化多因子,杨雨龙,601658.SH,11.1023,601916.SH,3.9187,601077.SH,3.2534,002540.SZ,1.2168,600961.SH,1.1531,002379.SZ,1.1346,300150.SZ,1.0648,300330.SZ,1.035,300736.SZ,1.0231,002380.SZ,1.0209
338,006346.OF,安信量化优选A,施荣盛,000913.SZ,1.0122,300440.SZ,1.0074,600532.SH,1.0062,000573.SZ,1.0052,300251.SZ,1.005,002248.SZ,1.0021,000006.SZ,1.002,000708.SZ,1.0012,002457.SZ,0.9999,600693.SH,0.9922
340,163110.OF,申万菱信量化小盘,俞诚,600466.SH,1.1064,600801.SH,1.052,600720.SH,1.0349,600030.SH,1.0154,002745.SZ,1.0004,601233.SH,0.9973,000878.SZ,0.9912,300418.SZ,0.9739,002850.SZ,0.9732,600036.SH,0.9725
342,002210.OF,创金合信量化多因子A,董梁,300699.SZ,0.9536,300326.SZ,0.9443,002123.SZ,0.9101,300118.SZ,0.8806,300377.SZ,0.8244,601163.SH,0.8214,002251.SZ,0.8191,002318.SZ,0.7961,300487.SZ,0.7877,300559.SZ,0.7652
